urlA,urlB,exactRepeatedWords,exactPassages,example,decision
/articles/how-to-write-professional-sop-procedure/index.html,/articles/how-to-write-work-instructions/index.html,732,15,"The following canvas is designed for a working session, not decorative inclusion in a manual. Complete it using a real service and current records. Every answer should be specific enough for another role to validate.",Differentiate repeated prose; similarity alone does not justify merging.
/articles/how-to-write-professional-sop-procedure/index.html,/articles/operational-checklist-employees-use/index.html,732,15,"The following canvas is designed for a working session, not decorative inclusion in a manual. Complete it using a real service and current records. Every answer should be specific enough for another role to validate.",Differentiate repeated prose; similarity alone does not justify merging.
/articles/how-to-write-professional-sop-procedure/index.html,/articles/professional-operational-form/index.html,732,15,"The following canvas is designed for a working session, not decorative inclusion in a manual. Complete it using a real service and current records. Every answer should be specific enough for another role to validate.",Differentiate repeated prose; similarity alone does not justify merging.
/articles/how-to-write-professional-sop-procedure/index.html,/articles/sipoc-tourism-operations/index.html,732,15,"The following canvas is designed for a working session, not decorative inclusion in a manual. Complete it using a real service and current records. Every answer should be specific enough for another role to validate.",Differentiate repeated prose; similarity alone does not justify merging.
/articles/how-to-write-professional-sop-procedure/index.html,/articles/sop-evidence-documentation-legal-defensibility/index.html,732,15,"The following canvas is designed for a working session, not decorative inclusion in a manual. Complete it using a real service and current records. Every answer should be specific enough for another role to validate.",Differentiate repeated prose; similarity alone does not justify merging.
/articles/how-to-write-professional-sop-procedure/index.html,/articles/sop-roles-authority-raci/index.html,732,15,"The following canvas is designed for a working session, not decorative inclusion in a manual. Complete it using a real service and current records. Every answer should be specific enough for another role to validate.",Differentiate repeated prose; similarity alone does not justify merging.
/articles/how-to-write-professional-sop-procedure/index.html,/articles/standard-communication-templates/index.html,732,15,"The following canvas is designed for a working session, not decorative inclusion in a manual. Complete it using a real service and current records. Every answer should be specific enough for another role to validate.",Differentiate repeated prose; similarity alone does not justify merging.
/articles/how-to-write-professional-sop-procedure/index.html,/articles/tourism-sop-training-competency-adoption/index.html,732,15,"The following canvas is designed for a working session, not decorative inclusion in a manual. Complete it using a real service and current records. Every answer should be specific enough for another role to validate.",Differentiate repeated prose; similarity alone does not justify merging.
/articles/how-to-write-professional-sop-procedure/index.html,/articles/tourism-supplier-partner-governance-sops/index.html,732,15,"The following canvas is designed for a working session, not decorative inclusion in a manual. Complete it using a real service and current records. Every answer should be specific enough for another role to validate.",Differentiate repeated prose; similarity alone does not justify merging.
/articles/how-to-write-work-instructions/index.html,/articles/operational-checklist-employees-use/index.html,732,15,"The following canvas is designed for a working session, not decorative inclusion in a manual. Complete it using a real service and current records. Every answer should be specific enough for another role to validate.",Differentiate repeated prose; similarity alone does not justify merging.
/articles/how-to-write-work-instructions/index.html,/articles/professional-operational-form/index.html,732,15,"The following canvas is designed for a working session, not decorative inclusion in a manual. Complete it using a real service and current records. Every answer should be specific enough for another role to validate.",Differentiate repeated prose; similarity alone does not justify merging.
/articles/how-to-write-work-instructions/index.html,/articles/sipoc-tourism-operations/index.html,732,15,"The following canvas is designed for a working session, not decorative inclusion in a manual. Complete it using a real service and current records. Every answer should be specific enough for another role to validate.",Differentiate repeated prose; similarity alone does not justify merging.
/articles/how-to-write-work-instructions/index.html,/articles/sop-evidence-documentation-legal-defensibility/index.html,732,15,"The following canvas is designed for a working session, not decorative inclusion in a manual. Complete it using a real service and current records. Every answer should be specific enough for another role to validate.",Differentiate repeated prose; similarity alone does not justify merging.
/articles/how-to-write-work-instructions/index.html,/articles/sop-roles-authority-raci/index.html,732,15,"The following canvas is designed for a working session, not decorative inclusion in a manual. Complete it using a real service and current records. Every answer should be specific enough for another role to validate.",Differentiate repeated prose; similarity alone does not justify merging.
/articles/how-to-write-work-instructions/index.html,/articles/standard-communication-templates/index.html,732,15,"The following canvas is designed for a working session, not decorative inclusion in a manual. Complete it using a real service and current records. Every answer should be specific enough for another role to validate.",Differentiate repeated prose; similarity alone does not justify merging.
/articles/how-to-write-work-instructions/index.html,/articles/tourism-sop-training-competency-adoption/index.html,732,15,"The following canvas is designed for a working session, not decorative inclusion in a manual. Complete it using a real service and current records. Every answer should be specific enough for another role to validate.",Differentiate repeated prose; similarity alone does not justify merging.
/articles/how-to-write-work-instructions/index.html,/articles/tourism-supplier-partner-governance-sops/index.html,732,15,"The following canvas is designed for a working session, not decorative inclusion in a manual. Complete it using a real service and current records. Every answer should be specific enough for another role to validate.",Differentiate repeated prose; similarity alone does not justify merging.
/articles/operational-checklist-employees-use/index.html,/articles/professional-operational-form/index.html,732,15,"The following canvas is designed for a working session, not decorative inclusion in a manual. Complete it using a real service and current records. Every answer should be specific enough for another role to validate.",Differentiate repeated prose; similarity alone does not justify merging.
/articles/operational-checklist-employees-use/index.html,/articles/sipoc-tourism-operations/index.html,732,15,"The following canvas is designed for a working session, not decorative inclusion in a manual. Complete it using a real service and current records. Every answer should be specific enough for another role to validate.",Differentiate repeated prose; similarity alone does not justify merging.
/articles/operational-checklist-employees-use/index.html,/articles/sop-evidence-documentation-legal-defensibility/index.html,732,15,"The following canvas is designed for a working session, not decorative inclusion in a manual. Complete it using a real service and current records. Every answer should be specific enough for another role to validate.",Differentiate repeated prose; similarity alone does not justify merging.
/articles/operational-checklist-employees-use/index.html,/articles/sop-roles-authority-raci/index.html,732,15,"The following canvas is designed for a working session, not decorative inclusion in a manual. Complete it using a real service and current records. Every answer should be specific enough for another role to validate.",Differentiate repeated prose; similarity alone does not justify merging.
/articles/operational-checklist-employees-use/index.html,/articles/standard-communication-templates/index.html,732,15,"The following canvas is designed for a working session, not decorative inclusion in a manual. Complete it using a real service and current records. Every answer should be specific enough for another role to validate.",Differentiate repeated prose; similarity alone does not justify merging.
/articles/operational-checklist-employees-use/index.html,/articles/tourism-sop-training-competency-adoption/index.html,732,15,"The following canvas is designed for a working session, not decorative inclusion in a manual. Complete it using a real service and current records. Every answer should be specific enough for another role to validate.",Differentiate repeated prose; similarity alone does not justify merging.
/articles/operational-checklist-employees-use/index.html,/articles/tourism-supplier-partner-governance-sops/index.html,732,15,"The following canvas is designed for a working session, not decorative inclusion in a manual. Complete it using a real service and current records. Every answer should be specific enough for another role to validate.",Differentiate repeated prose; similarity alone does not justify merging.
/articles/professional-operational-form/index.html,/articles/sipoc-tourism-operations/index.html,732,15,"The following canvas is designed for a working session, not decorative inclusion in a manual. Complete it using a real service and current records. Every answer should be specific enough for another role to validate.",Differentiate repeated prose; similarity alone does not justify merging.
/articles/professional-operational-form/index.html,/articles/sop-evidence-documentation-legal-defensibility/index.html,732,15,"The following canvas is designed for a working session, not decorative inclusion in a manual. Complete it using a real service and current records. Every answer should be specific enough for another role to validate.",Differentiate repeated prose; similarity alone does not justify merging.
/articles/professional-operational-form/index.html,/articles/sop-roles-authority-raci/index.html,732,15,"The following canvas is designed for a working session, not decorative inclusion in a manual. Complete it using a real service and current records. Every answer should be specific enough for another role to validate.",Differentiate repeated prose; similarity alone does not justify merging.
/articles/professional-operational-form/index.html,/articles/standard-communication-templates/index.html,732,15,"The following canvas is designed for a working session, not decorative inclusion in a manual. Complete it using a real service and current records. Every answer should be specific enough for another role to validate.",Differentiate repeated prose; similarity alone does not justify merging.
/articles/professional-operational-form/index.html,/articles/tourism-sop-training-competency-adoption/index.html,732,15,"The following canvas is designed for a working session, not decorative inclusion in a manual. Complete it using a real service and current records. Every answer should be specific enough for another role to validate.",Differentiate repeated prose; similarity alone does not justify merging.
/articles/professional-operational-form/index.html,/articles/tourism-supplier-partner-governance-sops/index.html,732,15,"The following canvas is designed for a working session, not decorative inclusion in a manual. Complete it using a real service and current records. Every answer should be specific enough for another role to validate.",Differentiate repeated prose; similarity alone does not justify merging.
/articles/sipoc-tourism-operations/index.html,/articles/sop-evidence-documentation-legal-defensibility/index.html,732,15,"The following canvas is designed for a working session, not decorative inclusion in a manual. Complete it using a real service and current records. Every answer should be specific enough for another role to validate.",Differentiate repeated prose; similarity alone does not justify merging.
/articles/sipoc-tourism-operations/index.html,/articles/sop-roles-authority-raci/index.html,732,15,"The following canvas is designed for a working session, not decorative inclusion in a manual. Complete it using a real service and current records. Every answer should be specific enough for another role to validate.",Differentiate repeated prose; similarity alone does not justify merging.
/articles/sipoc-tourism-operations/index.html,/articles/standard-communication-templates/index.html,732,15,"The following canvas is designed for a working session, not decorative inclusion in a manual. Complete it using a real service and current records. Every answer should be specific enough for another role to validate.",Differentiate repeated prose; similarity alone does not justify merging.
/articles/sipoc-tourism-operations/index.html,/articles/tourism-sop-training-competency-adoption/index.html,732,15,"The following canvas is designed for a working session, not decorative inclusion in a manual. Complete it using a real service and current records. Every answer should be specific enough for another role to validate.",Differentiate repeated prose; similarity alone does not justify merging.
/articles/sipoc-tourism-operations/index.html,/articles/tourism-supplier-partner-governance-sops/index.html,732,15,"The following canvas is designed for a working session, not decorative inclusion in a manual. Complete it using a real service and current records. Every answer should be specific enough for another role to validate.",Differentiate repeated prose; similarity alone does not justify merging.
/articles/sop-evidence-documentation-legal-defensibility/index.html,/articles/sop-roles-authority-raci/index.html,732,15,"The following canvas is designed for a working session, not decorative inclusion in a manual. Complete it using a real service and current records. Every answer should be specific enough for another role to validate.",Differentiate repeated prose; similarity alone does not justify merging.
/articles/sop-evidence-documentation-legal-defensibility/index.html,/articles/standard-communication-templates/index.html,732,15,"The following canvas is designed for a working session, not decorative inclusion in a manual. Complete it using a real service and current records. Every answer should be specific enough for another role to validate.",Differentiate repeated prose; similarity alone does not justify merging.
/articles/sop-evidence-documentation-legal-defensibility/index.html,/articles/tourism-sop-training-competency-adoption/index.html,732,15,"The following canvas is designed for a working session, not decorative inclusion in a manual. Complete it using a real service and current records. Every answer should be specific enough for another role to validate.",Differentiate repeated prose; similarity alone does not justify merging.
/articles/sop-evidence-documentation-legal-defensibility/index.html,/articles/tourism-supplier-partner-governance-sops/index.html,732,15,"The following canvas is designed for a working session, not decorative inclusion in a manual. Complete it using a real service and current records. Every answer should be specific enough for another role to validate.",Differentiate repeated prose; similarity alone does not justify merging.
/articles/sop-roles-authority-raci/index.html,/articles/standard-communication-templates/index.html,732,15,"The following canvas is designed for a working session, not decorative inclusion in a manual. Complete it using a real service and current records. Every answer should be specific enough for another role to validate.",Differentiate repeated prose; similarity alone does not justify merging.
/articles/sop-roles-authority-raci/index.html,/articles/tourism-sop-training-competency-adoption/index.html,732,15,"The following canvas is designed for a working session, not decorative inclusion in a manual. Complete it using a real service and current records. Every answer should be specific enough for another role to validate.",Differentiate repeated prose; similarity alone does not justify merging.
/articles/sop-roles-authority-raci/index.html,/articles/tourism-supplier-partner-governance-sops/index.html,732,15,"The following canvas is designed for a working session, not decorative inclusion in a manual. Complete it using a real service and current records. Every answer should be specific enough for another role to validate.",Differentiate repeated prose; similarity alone does not justify merging.
/articles/standard-communication-templates/index.html,/articles/tourism-sop-training-competency-adoption/index.html,732,15,"The following canvas is designed for a working session, not decorative inclusion in a manual. Complete it using a real service and current records. Every answer should be specific enough for another role to validate.",Differentiate repeated prose; similarity alone does not justify merging.
/articles/standard-communication-templates/index.html,/articles/tourism-supplier-partner-governance-sops/index.html,732,15,"The following canvas is designed for a working session, not decorative inclusion in a manual. Complete it using a real service and current records. Every answer should be specific enough for another role to validate.",Differentiate repeated prose; similarity alone does not justify merging.
/articles/tourism-sop-training-competency-adoption/index.html,/articles/tourism-supplier-partner-governance-sops/index.html,732,15,"The following canvas is designed for a working session, not decorative inclusion in a manual. Complete it using a real service and current records. Every answer should be specific enough for another role to validate.",Differentiate repeated prose; similarity alone does not justify merging.
/articles/capa-tourism-operations/index.html,/articles/how-to-audit-an-sop/index.html,526,12,"Use the following canvas in a working session with a current process, representative service records, and the people who perform or receive the work. Mark assumptions and missing evidence openly; a blank or disputed answer is more useful than a confident invention.",Differentiate repeated prose; similarity alone does not justify merging.
/articles/capa-tourism-operations/index.html,/articles/integrated-sop-creation-model/index.html,526,12,"Use the following canvas in a working session with a current process, representative service records, and the people who perform or receive the work. Mark assumptions and missing evidence openly; a blank or disputed answer is more useful than a confident invention.",Differentiate repeated prose; similarity alone does not justify merging.
/articles/capa-tourism-operations/index.html,/articles/itil-4-tourism-operations/index.html,526,12,"Use the following canvas in a working session with a current process, representative service records, and the people who perform or receive the work. Mark assumptions and missing evidence openly; a blank or disputed answer is more useful than a confident invention.",Differentiate repeated prose; similarity alone does not justify merging.
/articles/capa-tourism-operations/index.html,/articles/lean-thinking-tourism-operations/index.html,526,12,"Use the following canvas in a working session with a current process, representative service records, and the people who perform or receive the work. Mark assumptions and missing evidence openly; a blank or disputed answer is more useful than a confident invention.",Differentiate repeated prose; similarity alone does not justify merging.
/articles/capa-tourism-operations/index.html,/articles/pmp-thinking-sop-implementation/index.html,526,12,"Use the following canvas in a working session with a current process, representative service records, and the people who perform or receive the work. Mark assumptions and missing evidence openly; a blank or disputed answer is more useful than a confident invention.",Differentiate repeated prose; similarity alone does not justify merging.
/articles/capa-tourism-operations/index.html,/articles/root-cause-analysis-tourism-managers/index.html,526,12,"Use the following canvas in a working session with a current process, representative service records, and the people who perform or receive the work. Mark assumptions and missing evidence openly; a blank or disputed answer is more useful than a confident invention.",Differentiate repeated prose; similarity alone does not justify merging.
/articles/capa-tourism-operations/index.html,/articles/six-sigma-tourism-complaints-data/index.html,526,12,"Use the following canvas in a working session with a current process, representative service records, and the people who perform or receive the work. Mark assumptions and missing evidence openly; a blank or disputed answer is more useful than a confident invention.",Differentiate repeated prose; similarity alone does not justify merging.
/articles/capa-tourism-operations/index.html,/articles/standard-test-procedures-tourism-operations/index.html,526,12,"Use the following canvas in a working session with a current process, representative service records, and the people who perform or receive the work. Mark assumptions and missing evidence openly; a blank or disputed answer is more useful than a confident invention.",Differentiate repeated prose; similarity alone does not justify merging.
/articles/capa-tourism-operations/index.html,/articles/tourism-operational-excellence-management-system/index.html,526,12,"Use the following canvas in a working session with a current process, representative service records, and the people who perform or receive the work. Mark assumptions and missing evidence openly; a blank or disputed answer is more useful than a confident invention.",Differentiate repeated prose; similarity alone does not justify merging.
/articles/capa-tourism-operations/index.html,/articles/tourism-operations-kpis-control-dashboards/index.html,526,12,"Use the following canvas in a working session with a current process, representative service records, and the people who perform or receive the work. Mark assumptions and missing evidence openly; a blank or disputed answer is more useful than a confident invention.",Differentiate repeated prose; similarity alone does not justify merging.
/articles/capa-tourism-operations/index.html,/articles/tourism-operations-manual/index.html,526,12,"Use the following canvas in a working session with a current process, representative service records, and the people who perform or receive the work. Mark assumptions and missing evidence openly; a blank or disputed answer is more useful than a confident invention.",Differentiate repeated prose; similarity alone does not justify merging.
/articles/capa-tourism-operations/index.html,/articles/where-stp-fits-tourism-operations/index.html,526,12,"Use the following canvas in a working session with a current process, representative service records, and the people who perform or receive the work. Mark assumptions and missing evidence openly; a blank or disputed answer is more useful than a confident invention.",Differentiate repeated prose; similarity alone does not justify merging.
/articles/how-to-audit-an-sop/index.html,/articles/integrated-sop-creation-model/index.html,526,12,"Use the following canvas in a working session with a current process, representative service records, and the people who perform or receive the work. Mark assumptions and missing evidence openly; a blank or disputed answer is more useful than a confident invention.",Differentiate repeated prose; similarity alone does not justify merging.
/articles/how-to-audit-an-sop/index.html,/articles/itil-4-tourism-operations/index.html,526,12,"Use the following canvas in a working session with a current process, representative service records, and the people who perform or receive the work. Mark assumptions and missing evidence openly; a blank or disputed answer is more useful than a confident invention.",Differentiate repeated prose; similarity alone does not justify merging.
/articles/how-to-audit-an-sop/index.html,/articles/lean-thinking-tourism-operations/index.html,526,12,"Use the following canvas in a working session with a current process, representative service records, and the people who perform or receive the work. Mark assumptions and missing evidence openly; a blank or disputed answer is more useful than a confident invention.",Differentiate repeated prose; similarity alone does not justify merging.
/articles/how-to-audit-an-sop/index.html,/articles/pmp-thinking-sop-implementation/index.html,526,12,"Use the following canvas in a working session with a current process, representative service records, and the people who perform or receive the work. Mark assumptions and missing evidence openly; a blank or disputed answer is more useful than a confident invention.",Differentiate repeated prose; similarity alone does not justify merging.
/articles/how-to-audit-an-sop/index.html,/articles/root-cause-analysis-tourism-managers/index.html,526,12,"Use the following canvas in a working session with a current process, representative service records, and the people who perform or receive the work. Mark assumptions and missing evidence openly; a blank or disputed answer is more useful than a confident invention.",Differentiate repeated prose; similarity alone does not justify merging.
/articles/how-to-audit-an-sop/index.html,/articles/six-sigma-tourism-complaints-data/index.html,526,12,"Use the following canvas in a working session with a current process, representative service records, and the people who perform or receive the work. Mark assumptions and missing evidence openly; a blank or disputed answer is more useful than a confident invention.",Differentiate repeated prose; similarity alone does not justify merging.
/articles/how-to-audit-an-sop/index.html,/articles/standard-test-procedures-tourism-operations/index.html,526,12,"Use the following canvas in a working session with a current process, representative service records, and the people who perform or receive the work. Mark assumptions and missing evidence openly; a blank or disputed answer is more useful than a confident invention.",Differentiate repeated prose; similarity alone does not justify merging.
/articles/how-to-audit-an-sop/index.html,/articles/tourism-operational-excellence-management-system/index.html,526,12,"Use the following canvas in a working session with a current process, representative service records, and the people who perform or receive the work. Mark assumptions and missing evidence openly; a blank or disputed answer is more useful than a confident invention.",Differentiate repeated prose; similarity alone does not justify merging.
/articles/how-to-audit-an-sop/index.html,/articles/tourism-operations-kpis-control-dashboards/index.html,526,12,"Use the following canvas in a working session with a current process, representative service records, and the people who perform or receive the work. Mark assumptions and missing evidence openly; a blank or disputed answer is more useful than a confident invention.",Differentiate repeated prose; similarity alone does not justify merging.
/articles/how-to-audit-an-sop/index.html,/articles/tourism-operations-manual/index.html,526,12,"Use the following canvas in a working session with a current process, representative service records, and the people who perform or receive the work. Mark assumptions and missing evidence openly; a blank or disputed answer is more useful than a confident invention.",Differentiate repeated prose; similarity alone does not justify merging.
/articles/how-to-audit-an-sop/index.html,/articles/where-stp-fits-tourism-operations/index.html,526,12,"Use the following canvas in a working session with a current process, representative service records, and the people who perform or receive the work. Mark assumptions and missing evidence openly; a blank or disputed answer is more useful than a confident invention.",Differentiate repeated prose; similarity alone does not justify merging.
/articles/integrated-sop-creation-model/index.html,/articles/itil-4-tourism-operations/index.html,526,12,"Use the following canvas in a working session with a current process, representative service records, and the people who perform or receive the work. Mark assumptions and missing evidence openly; a blank or disputed answer is more useful than a confident invention.",Differentiate repeated prose; similarity alone does not justify merging.
/articles/integrated-sop-creation-model/index.html,/articles/lean-thinking-tourism-operations/index.html,526,12,"Use the following canvas in a working session with a current process, representative service records, and the people who perform or receive the work. Mark assumptions and missing evidence openly; a blank or disputed answer is more useful than a confident invention.",Differentiate repeated prose; similarity alone does not justify merging.
/articles/integrated-sop-creation-model/index.html,/articles/pmp-thinking-sop-implementation/index.html,526,12,"Use the following canvas in a working session with a current process, representative service records, and the people who perform or receive the work. Mark assumptions and missing evidence openly; a blank or disputed answer is more useful than a confident invention.",Differentiate repeated prose; similarity alone does not justify merging.
/articles/integrated-sop-creation-model/index.html,/articles/root-cause-analysis-tourism-managers/index.html,526,12,"Use the following canvas in a working session with a current process, representative service records, and the people who perform or receive the work. Mark assumptions and missing evidence openly; a blank or disputed answer is more useful than a confident invention.",Differentiate repeated prose; similarity alone does not justify merging.
/articles/integrated-sop-creation-model/index.html,/articles/six-sigma-tourism-complaints-data/index.html,526,12,"Use the following canvas in a working session with a current process, representative service records, and the people who perform or receive the work. Mark assumptions and missing evidence openly; a blank or disputed answer is more useful than a confident invention.",Differentiate repeated prose; similarity alone does not justify merging.
/articles/integrated-sop-creation-model/index.html,/articles/standard-test-procedures-tourism-operations/index.html,526,12,"Use the following canvas in a working session with a current process, representative service records, and the people who perform or receive the work. Mark assumptions and missing evidence openly; a blank or disputed answer is more useful than a confident invention.",Differentiate repeated prose; similarity alone does not justify merging.
/articles/integrated-sop-creation-model/index.html,/articles/tourism-operational-excellence-management-system/index.html,526,12,"Use the following canvas in a working session with a current process, representative service records, and the people who perform or receive the work. Mark assumptions and missing evidence openly; a blank or disputed answer is more useful than a confident invention.",Differentiate repeated prose; similarity alone does not justify merging.
/articles/integrated-sop-creation-model/index.html,/articles/tourism-operations-kpis-control-dashboards/index.html,526,12,"Use the following canvas in a working session with a current process, representative service records, and the people who perform or receive the work. Mark assumptions and missing evidence openly; a blank or disputed answer is more useful than a confident invention.",Differentiate repeated prose; similarity alone does not justify merging.
/articles/integrated-sop-creation-model/index.html,/articles/tourism-operations-manual/index.html,526,12,"Use the following canvas in a working session with a current process, representative service records, and the people who perform or receive the work. Mark assumptions and missing evidence openly; a blank or disputed answer is more useful than a confident invention.",Differentiate repeated prose; similarity alone does not justify merging.
/articles/integrated-sop-creation-model/index.html,/articles/where-stp-fits-tourism-operations/index.html,526,12,"Use the following canvas in a working session with a current process, representative service records, and the people who perform or receive the work. Mark assumptions and missing evidence openly; a blank or disputed answer is more useful than a confident invention.",Differentiate repeated prose; similarity alone does not justify merging.
/articles/itil-4-tourism-operations/index.html,/articles/lean-thinking-tourism-operations/index.html,526,12,"Use the following canvas in a working session with a current process, representative service records, and the people who perform or receive the work. Mark assumptions and missing evidence openly; a blank or disputed answer is more useful than a confident invention.",Differentiate repeated prose; similarity alone does not justify merging.
/articles/itil-4-tourism-operations/index.html,/articles/pmp-thinking-sop-implementation/index.html,526,12,"Use the following canvas in a working session with a current process, representative service records, and the people who perform or receive the work. Mark assumptions and missing evidence openly; a blank or disputed answer is more useful than a confident invention.",Differentiate repeated prose; similarity alone does not justify merging.
/articles/itil-4-tourism-operations/index.html,/articles/root-cause-analysis-tourism-managers/index.html,526,12,"Use the following canvas in a working session with a current process, representative service records, and the people who perform or receive the work. Mark assumptions and missing evidence openly; a blank or disputed answer is more useful than a confident invention.",Differentiate repeated prose; similarity alone does not justify merging.
/articles/itil-4-tourism-operations/index.html,/articles/six-sigma-tourism-complaints-data/index.html,526,12,"Use the following canvas in a working session with a current process, representative service records, and the people who perform or receive the work. Mark assumptions and missing evidence openly; a blank or disputed answer is more useful than a confident invention.",Differentiate repeated prose; similarity alone does not justify merging.
/articles/itil-4-tourism-operations/index.html,/articles/standard-test-procedures-tourism-operations/index.html,526,12,"Use the following canvas in a working session with a current process, representative service records, and the people who perform or receive the work. Mark assumptions and missing evidence openly; a blank or disputed answer is more useful than a confident invention.",Differentiate repeated prose; similarity alone does not justify merging.
/articles/itil-4-tourism-operations/index.html,/articles/tourism-operational-excellence-management-system/index.html,526,12,"Use the following canvas in a working session with a current process, representative service records, and the people who perform or receive the work. Mark assumptions and missing evidence openly; a blank or disputed answer is more useful than a confident invention.",Differentiate repeated prose; similarity alone does not justify merging.
/articles/itil-4-tourism-operations/index.html,/articles/tourism-operations-kpis-control-dashboards/index.html,526,12,"Use the following canvas in a working session with a current process, representative service records, and the people who perform or receive the work. Mark assumptions and missing evidence openly; a blank or disputed answer is more useful than a confident invention.",Differentiate repeated prose; similarity alone does not justify merging.
/articles/itil-4-tourism-operations/index.html,/articles/tourism-operations-manual/index.html,526,12,"Use the following canvas in a working session with a current process, representative service records, and the people who perform or receive the work. Mark assumptions and missing evidence openly; a blank or disputed answer is more useful than a confident invention.",Differentiate repeated prose; similarity alone does not justify merging.
/articles/itil-4-tourism-operations/index.html,/articles/where-stp-fits-tourism-operations/index.html,526,12,"Use the following canvas in a working session with a current process, representative service records, and the people who perform or receive the work. Mark assumptions and missing evidence openly; a blank or disputed answer is more useful than a confident invention.",Differentiate repeated prose; similarity alone does not justify merging.
/articles/lean-thinking-tourism-operations/index.html,/articles/pmp-thinking-sop-implementation/index.html,526,12,"Use the following canvas in a working session with a current process, representative service records, and the people who perform or receive the work. Mark assumptions and missing evidence openly; a blank or disputed answer is more useful than a confident invention.",Differentiate repeated prose; similarity alone does not justify merging.
/articles/lean-thinking-tourism-operations/index.html,/articles/root-cause-analysis-tourism-managers/index.html,526,12,"Use the following canvas in a working session with a current process, representative service records, and the people who perform or receive the work. Mark assumptions and missing evidence openly; a blank or disputed answer is more useful than a confident invention.",Differentiate repeated prose; similarity alone does not justify merging.
/articles/lean-thinking-tourism-operations/index.html,/articles/six-sigma-tourism-complaints-data/index.html,526,12,"Use the following canvas in a working session with a current process, representative service records, and the people who perform or receive the work. Mark assumptions and missing evidence openly; a blank or disputed answer is more useful than a confident invention.",Differentiate repeated prose; similarity alone does not justify merging.
/articles/lean-thinking-tourism-operations/index.html,/articles/standard-test-procedures-tourism-operations/index.html,526,12,"Use the following canvas in a working session with a current process, representative service records, and the people who perform or receive the work. Mark assumptions and missing evidence openly; a blank or disputed answer is more useful than a confident invention.",Differentiate repeated prose; similarity alone does not justify merging.
/articles/lean-thinking-tourism-operations/index.html,/articles/tourism-operational-excellence-management-system/index.html,526,12,"Use the following canvas in a working session with a current process, representative service records, and the people who perform or receive the work. Mark assumptions and missing evidence openly; a blank or disputed answer is more useful than a confident invention.",Differentiate repeated prose; similarity alone does not justify merging.
/articles/lean-thinking-tourism-operations/index.html,/articles/tourism-operations-kpis-control-dashboards/index.html,526,12,"Use the following canvas in a working session with a current process, representative service records, and the people who perform or receive the work. Mark assumptions and missing evidence openly; a blank or disputed answer is more useful than a confident invention.",Differentiate repeated prose; similarity alone does not justify merging.
/articles/lean-thinking-tourism-operations/index.html,/articles/tourism-operations-manual/index.html,526,12,"Use the following canvas in a working session with a current process, representative service records, and the people who perform or receive the work. Mark assumptions and missing evidence openly; a blank or disputed answer is more useful than a confident invention.",Differentiate repeated prose; similarity alone does not justify merging.
/articles/lean-thinking-tourism-operations/index.html,/articles/where-stp-fits-tourism-operations/index.html,526,12,"Use the following canvas in a working session with a current process, representative service records, and the people who perform or receive the work. Mark assumptions and missing evidence openly; a blank or disputed answer is more useful than a confident invention.",Differentiate repeated prose; similarity alone does not justify merging.
/articles/pmp-thinking-sop-implementation/index.html,/articles/root-cause-analysis-tourism-managers/index.html,526,12,"Use the following canvas in a working session with a current process, representative service records, and the people who perform or receive the work. Mark assumptions and missing evidence openly; a blank or disputed answer is more useful than a confident invention.",Differentiate repeated prose; similarity alone does not justify merging.
/articles/pmp-thinking-sop-implementation/index.html,/articles/six-sigma-tourism-complaints-data/index.html,526,12,"Use the following canvas in a working session with a current process, representative service records, and the people who perform or receive the work. Mark assumptions and missing evidence openly; a blank or disputed answer is more useful than a confident invention.",Differentiate repeated prose; similarity alone does not justify merging.
/articles/pmp-thinking-sop-implementation/index.html,/articles/standard-test-procedures-tourism-operations/index.html,526,12,"Use the following canvas in a working session with a current process, representative service records, and the people who perform or receive the work. Mark assumptions and missing evidence openly; a blank or disputed answer is more useful than a confident invention.",Differentiate repeated prose; similarity alone does not justify merging.
/articles/pmp-thinking-sop-implementation/index.html,/articles/tourism-operational-excellence-management-system/index.html,526,12,"Use the following canvas in a working session with a current process, representative service records, and the people who perform or receive the work. Mark assumptions and missing evidence openly; a blank or disputed answer is more useful than a confident invention.",Differentiate repeated prose; similarity alone does not justify merging.
/articles/pmp-thinking-sop-implementation/index.html,/articles/tourism-operations-kpis-control-dashboards/index.html,526,12,"Use the following canvas in a working session with a current process, representative service records, and the people who perform or receive the work. Mark assumptions and missing evidence openly; a blank or disputed answer is more useful than a confident invention.",Differentiate repeated prose; similarity alone does not justify merging.
/articles/pmp-thinking-sop-implementation/index.html,/articles/tourism-operations-manual/index.html,526,12,"Use the following canvas in a working session with a current process, representative service records, and the people who perform or receive the work. Mark assumptions and missing evidence openly; a blank or disputed answer is more useful than a confident invention.",Differentiate repeated prose; similarity alone does not justify merging.
/articles/pmp-thinking-sop-implementation/index.html,/articles/where-stp-fits-tourism-operations/index.html,526,12,"Use the following canvas in a working session with a current process, representative service records, and the people who perform or receive the work. Mark assumptions and missing evidence openly; a blank or disputed answer is more useful than a confident invention.",Differentiate repeated prose; similarity alone does not justify merging.
/articles/root-cause-analysis-tourism-managers/index.html,/articles/six-sigma-tourism-complaints-data/index.html,526,12,"Use the following canvas in a working session with a current process, representative service records, and the people who perform or receive the work. Mark assumptions and missing evidence openly; a blank or disputed answer is more useful than a confident invention.",Differentiate repeated prose; similarity alone does not justify merging.
/articles/root-cause-analysis-tourism-managers/index.html,/articles/standard-test-procedures-tourism-operations/index.html,526,12,"Use the following canvas in a working session with a current process, representative service records, and the people who perform or receive the work. Mark assumptions and missing evidence openly; a blank or disputed answer is more useful than a confident invention.",Differentiate repeated prose; similarity alone does not justify merging.
/articles/root-cause-analysis-tourism-managers/index.html,/articles/tourism-operational-excellence-management-system/index.html,526,12,"Use the following canvas in a working session with a current process, representative service records, and the people who perform or receive the work. Mark assumptions and missing evidence openly; a blank or disputed answer is more useful than a confident invention.",Differentiate repeated prose; similarity alone does not justify merging.
/articles/root-cause-analysis-tourism-managers/index.html,/articles/tourism-operations-kpis-control-dashboards/index.html,526,12,"Use the following canvas in a working session with a current process, representative service records, and the people who perform or receive the work. Mark assumptions and missing evidence openly; a blank or disputed answer is more useful than a confident invention.",Differentiate repeated prose; similarity alone does not justify merging.
/articles/root-cause-analysis-tourism-managers/index.html,/articles/tourism-operations-manual/index.html,526,12,"Use the following canvas in a working session with a current process, representative service records, and the people who perform or receive the work. Mark assumptions and missing evidence openly; a blank or disputed answer is more useful than a confident invention.",Differentiate repeated prose; similarity alone does not justify merging.
/articles/root-cause-analysis-tourism-managers/index.html,/articles/where-stp-fits-tourism-operations/index.html,526,12,"Use the following canvas in a working session with a current process, representative service records, and the people who perform or receive the work. Mark assumptions and missing evidence openly; a blank or disputed answer is more useful than a confident invention.",Differentiate repeated prose; similarity alone does not justify merging.
/articles/six-sigma-tourism-complaints-data/index.html,/articles/standard-test-procedures-tourism-operations/index.html,526,12,"Use the following canvas in a working session with a current process, representative service records, and the people who perform or receive the work. Mark assumptions and missing evidence openly; a blank or disputed answer is more useful than a confident invention.",Differentiate repeated prose; similarity alone does not justify merging.
/articles/six-sigma-tourism-complaints-data/index.html,/articles/tourism-operational-excellence-management-system/index.html,526,12,"Use the following canvas in a working session with a current process, representative service records, and the people who perform or receive the work. Mark assumptions and missing evidence openly; a blank or disputed answer is more useful than a confident invention.",Differentiate repeated prose; similarity alone does not justify merging.
/articles/six-sigma-tourism-complaints-data/index.html,/articles/tourism-operations-kpis-control-dashboards/index.html,526,12,"Use the following canvas in a working session with a current process, representative service records, and the people who perform or receive the work. Mark assumptions and missing evidence openly; a blank or disputed answer is more useful than a confident invention.",Differentiate repeated prose; similarity alone does not justify merging.
/articles/six-sigma-tourism-complaints-data/index.html,/articles/tourism-operations-manual/index.html,526,12,"Use the following canvas in a working session with a current process, representative service records, and the people who perform or receive the work. Mark assumptions and missing evidence openly; a blank or disputed answer is more useful than a confident invention.",Differentiate repeated prose; similarity alone does not justify merging.
/articles/six-sigma-tourism-complaints-data/index.html,/articles/where-stp-fits-tourism-operations/index.html,526,12,"Use the following canvas in a working session with a current process, representative service records, and the people who perform or receive the work. Mark assumptions and missing evidence openly; a blank or disputed answer is more useful than a confident invention.",Differentiate repeated prose; similarity alone does not justify merging.
/articles/standard-test-procedures-tourism-operations/index.html,/articles/tourism-operational-excellence-management-system/index.html,526,12,"Use the following canvas in a working session with a current process, representative service records, and the people who perform or receive the work. Mark assumptions and missing evidence openly; a blank or disputed answer is more useful than a confident invention.",Differentiate repeated prose; similarity alone does not justify merging.
/articles/standard-test-procedures-tourism-operations/index.html,/articles/tourism-operations-kpis-control-dashboards/index.html,526,12,"Use the following canvas in a working session with a current process, representative service records, and the people who perform or receive the work. Mark assumptions and missing evidence openly; a blank or disputed answer is more useful than a confident invention.",Differentiate repeated prose; similarity alone does not justify merging.
/articles/standard-test-procedures-tourism-operations/index.html,/articles/tourism-operations-manual/index.html,526,12,"Use the following canvas in a working session with a current process, representative service records, and the people who perform or receive the work. Mark assumptions and missing evidence openly; a blank or disputed answer is more useful than a confident invention.",Differentiate repeated prose; similarity alone does not justify merging.
/articles/standard-test-procedures-tourism-operations/index.html,/articles/where-stp-fits-tourism-operations/index.html,526,12,"Use the following canvas in a working session with a current process, representative service records, and the people who perform or receive the work. Mark assumptions and missing evidence openly; a blank or disputed answer is more useful than a confident invention.",Differentiate repeated prose; similarity alone does not justify merging.
/articles/tourism-operational-excellence-management-system/index.html,/articles/tourism-operations-kpis-control-dashboards/index.html,526,12,"Use the following canvas in a working session with a current process, representative service records, and the people who perform or receive the work. Mark assumptions and missing evidence openly; a blank or disputed answer is more useful than a confident invention.",Differentiate repeated prose; similarity alone does not justify merging.
/articles/tourism-operational-excellence-management-system/index.html,/articles/tourism-operations-manual/index.html,526,12,"Use the following canvas in a working session with a current process, representative service records, and the people who perform or receive the work. Mark assumptions and missing evidence openly; a blank or disputed answer is more useful than a confident invention.",Differentiate repeated prose; similarity alone does not justify merging.
/articles/tourism-operational-excellence-management-system/index.html,/articles/where-stp-fits-tourism-operations/index.html,526,12,"Use the following canvas in a working session with a current process, representative service records, and the people who perform or receive the work. Mark assumptions and missing evidence openly; a blank or disputed answer is more useful than a confident invention.",Differentiate repeated prose; similarity alone does not justify merging.
/articles/tourism-operations-kpis-control-dashboards/index.html,/articles/tourism-operations-manual/index.html,526,12,"Use the following canvas in a working session with a current process, representative service records, and the people who perform or receive the work. Mark assumptions and missing evidence openly; a blank or disputed answer is more useful than a confident invention.",Differentiate repeated prose; similarity alone does not justify merging.
/articles/tourism-operations-kpis-control-dashboards/index.html,/articles/where-stp-fits-tourism-operations/index.html,526,12,"Use the following canvas in a working session with a current process, representative service records, and the people who perform or receive the work. Mark assumptions and missing evidence openly; a blank or disputed answer is more useful than a confident invention.",Differentiate repeated prose; similarity alone does not justify merging.
/articles/tourism-operations-manual/index.html,/articles/where-stp-fits-tourism-operations/index.html,526,12,"Use the following canvas in a working session with a current process, representative service records, and the people who perform or receive the work. Mark assumptions and missing evidence openly; a blank or disputed answer is more useful than a confident invention.",Differentiate repeated prose; similarity alone does not justify merging.
/articles/hotel-apartment-asset-lifecycle-management/index.html,/articles/hotel-apartment-sop-architecture/index.html,205,5,The management objective is not documentation or measurement for its own sake. The system should help a property make a better operational decision using a controlled chain of definition → ownership → verified input → calculation or action → review → improvement .,Differentiate repeated prose; similarity alone does not justify merging.
/articles/hotel-apartment-asset-lifecycle-management/index.html,/articles/hotel-apartment-total-cost-of-ownership/index.html,205,5,The management objective is not documentation or measurement for its own sake. The system should help a property make a better operational decision using a controlled chain of definition → ownership → verified input → calculation or action → review → improvement .,Differentiate repeated prose; similarity alone does not justify merging.
/articles/hotel-apartment-asset-lifecycle-management/index.html,/articles/hotel-economics-of-service-failure/index.html,205,5,The management objective is not documentation or measurement for its own sake. The system should help a property make a better operational decision using a controlled chain of definition → ownership → verified input → calculation or action → review → improvement .,Differentiate repeated prose; similarity alone does not justify merging.
/articles/hotel-apartment-asset-lifecycle-management/index.html,/articles/hotel-preventive-maintenance-kpis/index.html,205,5,The management objective is not documentation or measurement for its own sake. The system should help a property make a better operational decision using a controlled chain of definition → ownership → verified input → calculation or action → review → improvement .,Differentiate repeated prose; similarity alone does not justify merging.
/articles/hotel-apartment-sop-architecture/index.html,/articles/hotel-apartment-total-cost-of-ownership/index.html,205,5,The management objective is not documentation or measurement for its own sake. The system should help a property make a better operational decision using a controlled chain of definition → ownership → verified input → calculation or action → review → improvement .,Differentiate repeated prose; similarity alone does not justify merging.
/articles/hotel-apartment-sop-architecture/index.html,/articles/hotel-economics-of-service-failure/index.html,205,5,The management objective is not documentation or measurement for its own sake. The system should help a property make a better operational decision using a controlled chain of definition → ownership → verified input → calculation or action → review → improvement .,Differentiate repeated prose; similarity alone does not justify merging.
/articles/hotel-apartment-sop-architecture/index.html,/articles/hotel-preventive-maintenance-kpis/index.html,205,5,The management objective is not documentation or measurement for its own sake. The system should help a property make a better operational decision using a controlled chain of definition → ownership → verified input → calculation or action → review → improvement .,Differentiate repeated prose; similarity alone does not justify merging.
/articles/hotel-apartment-total-cost-of-ownership/index.html,/articles/hotel-economics-of-service-failure/index.html,205,5,The management objective is not documentation or measurement for its own sake. The system should help a property make a better operational decision using a controlled chain of definition → ownership → verified input → calculation or action → review → improvement .,Differentiate repeated prose; similarity alone does not justify merging.
/articles/hotel-apartment-total-cost-of-ownership/index.html,/articles/hotel-preventive-maintenance-kpis/index.html,205,5,The management objective is not documentation or measurement for its own sake. The system should help a property make a better operational decision using a controlled chain of definition → ownership → verified input → calculation or action → review → improvement .,Differentiate repeated prose; similarity alone does not justify merging.
/articles/hotel-economics-of-service-failure/index.html,/articles/hotel-preventive-maintenance-kpis/index.html,205,5,The management objective is not documentation or measurement for its own sake. The system should help a property make a better operational decision using a controlled chain of definition → ownership → verified input → calculation or action → review → improvement .,Differentiate repeated prose; similarity alone does not justify merging.
/articles/dmc-operations-ai-prompts/index.html,/articles/front-line-tourism-ai-toolkit/index.html,177,4,"Every template in this playbook follows one memorable structure. The aim is not to make prompts longer for their own sake. It is to place the information, controls and approval points that a tourism professional needs in the right order.",Differentiate repeated prose; similarity alone does not justify merging.
/articles/dmc-operations-ai-prompts/index.html,/articles/guest-experience-ai-prompts/index.html,177,4,"Every template in this playbook follows one memorable structure. The aim is not to make prompts longer for their own sake. It is to place the information, controls and approval points that a tourism professional needs in the right order.",Differentiate repeated prose; similarity alone does not justify merging.
/articles/dmc-operations-ai-prompts/index.html,/articles/responsible-ai-tourism-guide/index.html,177,4,"Every template in this playbook follows one memorable structure. The aim is not to make prompts longer for their own sake. It is to place the information, controls and approval points that a tourism professional needs in the right order.",Differentiate repeated prose; similarity alone does not justify merging.
/articles/dmc-operations-ai-prompts/index.html,/articles/tourism-itinerary-ai-prompts/index.html,177,4,"Every template in this playbook follows one memorable structure. The aim is not to make prompts longer for their own sake. It is to place the information, controls and approval points that a tourism professional needs in the right order.",Differentiate repeated prose; similarity alone does not justify merging.
/articles/dmc-operations-ai-prompts/index.html,/articles/tourism-product-development-ai-prompts/index.html,177,4,"Every template in this playbook follows one memorable structure. The aim is not to make prompts longer for their own sake. It is to place the information, controls and approval points that a tourism professional needs in the right order.",Differentiate repeated prose; similarity alone does not justify merging.
/articles/dmc-operations-ai-prompts/index.html,/articles/tourism-prompting-framework/index.html,177,4,"Every template in this playbook follows one memorable structure. The aim is not to make prompts longer for their own sake. It is to place the information, controls and approval points that a tourism professional needs in the right order.",Differentiate repeated prose; similarity alone does not justify merging.
/articles/dmc-operations-ai-prompts/index.html,/articles/tourism-quality-sop-ai-prompts/index.html,177,4,"Every template in this playbook follows one memorable structure. The aim is not to make prompts longer for their own sake. It is to place the information, controls and approval points that a tourism professional needs in the right order.",Differentiate repeated prose; similarity alone does not justify merging.
/articles/dmc-operations-ai-prompts/index.html,/articles/tourism-sales-quotation-ai-prompts/index.html,177,4,"Every template in this playbook follows one memorable structure. The aim is not to make prompts longer for their own sake. It is to place the information, controls and approval points that a tourism professional needs in the right order.",Differentiate repeated prose; similarity alone does not justify merging.
/articles/dmc-operations-ai-prompts/index.html,/articles/tourism-transport-dispatch-ai-prompts/index.html,177,4,"Every template in this playbook follows one memorable structure. The aim is not to make prompts longer for their own sake. It is to place the information, controls and approval points that a tourism professional needs in the right order.",Differentiate repeated prose; similarity alone does not justify merging.
/articles/front-line-tourism-ai-toolkit/index.html,/articles/guest-experience-ai-prompts/index.html,177,4,"Every template in this playbook follows one memorable structure. The aim is not to make prompts longer for their own sake. It is to place the information, controls and approval points that a tourism professional needs in the right order.",Differentiate repeated prose; similarity alone does not justify merging.
/articles/front-line-tourism-ai-toolkit/index.html,/articles/responsible-ai-tourism-guide/index.html,177,4,"Every template in this playbook follows one memorable structure. The aim is not to make prompts longer for their own sake. It is to place the information, controls and approval points that a tourism professional needs in the right order.",Differentiate repeated prose; similarity alone does not justify merging.
/articles/front-line-tourism-ai-toolkit/index.html,/articles/tourism-itinerary-ai-prompts/index.html,177,4,"Every template in this playbook follows one memorable structure. The aim is not to make prompts longer for their own sake. It is to place the information, controls and approval points that a tourism professional needs in the right order.",Differentiate repeated prose; similarity alone does not justify merging.
/articles/front-line-tourism-ai-toolkit/index.html,/articles/tourism-product-development-ai-prompts/index.html,177,4,"Every template in this playbook follows one memorable structure. The aim is not to make prompts longer for their own sake. It is to place the information, controls and approval points that a tourism professional needs in the right order.",Differentiate repeated prose; similarity alone does not justify merging.
/articles/front-line-tourism-ai-toolkit/index.html,/articles/tourism-prompting-framework/index.html,177,4,"Every template in this playbook follows one memorable structure. The aim is not to make prompts longer for their own sake. It is to place the information, controls and approval points that a tourism professional needs in the right order.",Differentiate repeated prose; similarity alone does not justify merging.
/articles/front-line-tourism-ai-toolkit/index.html,/articles/tourism-quality-sop-ai-prompts/index.html,177,4,"Every template in this playbook follows one memorable structure. The aim is not to make prompts longer for their own sake. It is to place the information, controls and approval points that a tourism professional needs in the right order.",Differentiate repeated prose; similarity alone does not justify merging.
/articles/front-line-tourism-ai-toolkit/index.html,/articles/tourism-sales-quotation-ai-prompts/index.html,177,4,"Every template in this playbook follows one memorable structure. The aim is not to make prompts longer for their own sake. It is to place the information, controls and approval points that a tourism professional needs in the right order.",Differentiate repeated prose; similarity alone does not justify merging.
/articles/front-line-tourism-ai-toolkit/index.html,/articles/tourism-transport-dispatch-ai-prompts/index.html,177,4,"Every template in this playbook follows one memorable structure. The aim is not to make prompts longer for their own sake. It is to place the information, controls and approval points that a tourism professional needs in the right order.",Differentiate repeated prose; similarity alone does not justify merging.
/articles/guest-experience-ai-prompts/index.html,/articles/responsible-ai-tourism-guide/index.html,177,4,"Every template in this playbook follows one memorable structure. The aim is not to make prompts longer for their own sake. It is to place the information, controls and approval points that a tourism professional needs in the right order.",Differentiate repeated prose; similarity alone does not justify merging.
/articles/guest-experience-ai-prompts/index.html,/articles/tourism-itinerary-ai-prompts/index.html,177,4,"Every template in this playbook follows one memorable structure. The aim is not to make prompts longer for their own sake. It is to place the information, controls and approval points that a tourism professional needs in the right order.",Differentiate repeated prose; similarity alone does not justify merging.
/articles/guest-experience-ai-prompts/index.html,/articles/tourism-product-development-ai-prompts/index.html,177,4,"Every template in this playbook follows one memorable structure. The aim is not to make prompts longer for their own sake. It is to place the information, controls and approval points that a tourism professional needs in the right order.",Differentiate repeated prose; similarity alone does not justify merging.
/articles/guest-experience-ai-prompts/index.html,/articles/tourism-prompting-framework/index.html,177,4,"Every template in this playbook follows one memorable structure. The aim is not to make prompts longer for their own sake. It is to place the information, controls and approval points that a tourism professional needs in the right order.",Differentiate repeated prose; similarity alone does not justify merging.
/articles/guest-experience-ai-prompts/index.html,/articles/tourism-quality-sop-ai-prompts/index.html,177,4,"Every template in this playbook follows one memorable structure. The aim is not to make prompts longer for their own sake. It is to place the information, controls and approval points that a tourism professional needs in the right order.",Differentiate repeated prose; similarity alone does not justify merging.
/articles/guest-experience-ai-prompts/index.html,/articles/tourism-sales-quotation-ai-prompts/index.html,177,4,"Every template in this playbook follows one memorable structure. The aim is not to make prompts longer for their own sake. It is to place the information, controls and approval points that a tourism professional needs in the right order.",Differentiate repeated prose; similarity alone does not justify merging.
/articles/guest-experience-ai-prompts/index.html,/articles/tourism-transport-dispatch-ai-prompts/index.html,177,4,"Every template in this playbook follows one memorable structure. The aim is not to make prompts longer for their own sake. It is to place the information, controls and approval points that a tourism professional needs in the right order.",Differentiate repeated prose; similarity alone does not justify merging.
/articles/responsible-ai-tourism-guide/index.html,/articles/tourism-itinerary-ai-prompts/index.html,177,4,"Every template in this playbook follows one memorable structure. The aim is not to make prompts longer for their own sake. It is to place the information, controls and approval points that a tourism professional needs in the right order.",Differentiate repeated prose; similarity alone does not justify merging.
/articles/responsible-ai-tourism-guide/index.html,/articles/tourism-product-development-ai-prompts/index.html,177,4,"Every template in this playbook follows one memorable structure. The aim is not to make prompts longer for their own sake. It is to place the information, controls and approval points that a tourism professional needs in the right order.",Differentiate repeated prose; similarity alone does not justify merging.
/articles/responsible-ai-tourism-guide/index.html,/articles/tourism-prompting-framework/index.html,177,4,"Every template in this playbook follows one memorable structure. The aim is not to make prompts longer for their own sake. It is to place the information, controls and approval points that a tourism professional needs in the right order.",Differentiate repeated prose; similarity alone does not justify merging.
/articles/responsible-ai-tourism-guide/index.html,/articles/tourism-quality-sop-ai-prompts/index.html,177,4,"Every template in this playbook follows one memorable structure. The aim is not to make prompts longer for their own sake. It is to place the information, controls and approval points that a tourism professional needs in the right order.",Differentiate repeated prose; similarity alone does not justify merging.
/articles/responsible-ai-tourism-guide/index.html,/articles/tourism-sales-quotation-ai-prompts/index.html,177,4,"Every template in this playbook follows one memorable structure. The aim is not to make prompts longer for their own sake. It is to place the information, controls and approval points that a tourism professional needs in the right order.",Differentiate repeated prose; similarity alone does not justify merging.
/articles/responsible-ai-tourism-guide/index.html,/articles/tourism-transport-dispatch-ai-prompts/index.html,177,4,"Every template in this playbook follows one memorable structure. The aim is not to make prompts longer for their own sake. It is to place the information, controls and approval points that a tourism professional needs in the right order.",Differentiate repeated prose; similarity alone does not justify merging.
/articles/tourism-itinerary-ai-prompts/index.html,/articles/tourism-product-development-ai-prompts/index.html,177,4,"Every template in this playbook follows one memorable structure. The aim is not to make prompts longer for their own sake. It is to place the information, controls and approval points that a tourism professional needs in the right order.",Differentiate repeated prose; similarity alone does not justify merging.
/articles/tourism-itinerary-ai-prompts/index.html,/articles/tourism-prompting-framework/index.html,177,4,"Every template in this playbook follows one memorable structure. The aim is not to make prompts longer for their own sake. It is to place the information, controls and approval points that a tourism professional needs in the right order.",Differentiate repeated prose; similarity alone does not justify merging.
/articles/tourism-itinerary-ai-prompts/index.html,/articles/tourism-quality-sop-ai-prompts/index.html,177,4,"Every template in this playbook follows one memorable structure. The aim is not to make prompts longer for their own sake. It is to place the information, controls and approval points that a tourism professional needs in the right order.",Differentiate repeated prose; similarity alone does not justify merging.
/articles/tourism-itinerary-ai-prompts/index.html,/articles/tourism-sales-quotation-ai-prompts/index.html,177,4,"Every template in this playbook follows one memorable structure. The aim is not to make prompts longer for their own sake. It is to place the information, controls and approval points that a tourism professional needs in the right order.",Differentiate repeated prose; similarity alone does not justify merging.
/articles/tourism-itinerary-ai-prompts/index.html,/articles/tourism-transport-dispatch-ai-prompts/index.html,177,4,"Every template in this playbook follows one memorable structure. The aim is not to make prompts longer for their own sake. It is to place the information, controls and approval points that a tourism professional needs in the right order.",Differentiate repeated prose; similarity alone does not justify merging.
/articles/tourism-product-development-ai-prompts/index.html,/articles/tourism-prompting-framework/index.html,177,4,"Every template in this playbook follows one memorable structure. The aim is not to make prompts longer for their own sake. It is to place the information, controls and approval points that a tourism professional needs in the right order.",Differentiate repeated prose; similarity alone does not justify merging.
/articles/tourism-product-development-ai-prompts/index.html,/articles/tourism-quality-sop-ai-prompts/index.html,177,4,"Every template in this playbook follows one memorable structure. The aim is not to make prompts longer for their own sake. It is to place the information, controls and approval points that a tourism professional needs in the right order.",Differentiate repeated prose; similarity alone does not justify merging.
/articles/tourism-product-development-ai-prompts/index.html,/articles/tourism-sales-quotation-ai-prompts/index.html,177,4,"Every template in this playbook follows one memorable structure. The aim is not to make prompts longer for their own sake. It is to place the information, controls and approval points that a tourism professional needs in the right order.",Differentiate repeated prose; similarity alone does not justify merging.
/articles/tourism-product-development-ai-prompts/index.html,/articles/tourism-transport-dispatch-ai-prompts/index.html,177,4,"Every template in this playbook follows one memorable structure. The aim is not to make prompts longer for their own sake. It is to place the information, controls and approval points that a tourism professional needs in the right order.",Differentiate repeated prose; similarity alone does not justify merging.
/articles/tourism-prompting-framework/index.html,/articles/tourism-quality-sop-ai-prompts/index.html,177,4,"Every template in this playbook follows one memorable structure. The aim is not to make prompts longer for their own sake. It is to place the information, controls and approval points that a tourism professional needs in the right order.",Differentiate repeated prose; similarity alone does not justify merging.
/articles/tourism-prompting-framework/index.html,/articles/tourism-sales-quotation-ai-prompts/index.html,177,4,"Every template in this playbook follows one memorable structure. The aim is not to make prompts longer for their own sake. It is to place the information, controls and approval points that a tourism professional needs in the right order.",Differentiate repeated prose; similarity alone does not justify merging.
/articles/tourism-prompting-framework/index.html,/articles/tourism-transport-dispatch-ai-prompts/index.html,177,4,"Every template in this playbook follows one memorable structure. The aim is not to make prompts longer for their own sake. It is to place the information, controls and approval points that a tourism professional needs in the right order.",Differentiate repeated prose; similarity alone does not justify merging.
/articles/tourism-quality-sop-ai-prompts/index.html,/articles/tourism-sales-quotation-ai-prompts/index.html,177,4,"Every template in this playbook follows one memorable structure. The aim is not to make prompts longer for their own sake. It is to place the information, controls and approval points that a tourism professional needs in the right order.",Differentiate repeated prose; similarity alone does not justify merging.
/articles/tourism-quality-sop-ai-prompts/index.html,/articles/tourism-transport-dispatch-ai-prompts/index.html,177,4,"Every template in this playbook follows one memorable structure. The aim is not to make prompts longer for their own sake. It is to place the information, controls and approval points that a tourism professional needs in the right order.",Differentiate repeated prose; similarity alone does not justify merging.
/articles/tourism-sales-quotation-ai-prompts/index.html,/articles/tourism-transport-dispatch-ai-prompts/index.html,177,4,"Every template in this playbook follows one memorable structure. The aim is not to make prompts longer for their own sake. It is to place the information, controls and approval points that a tourism professional needs in the right order.",Differentiate repeated prose; similarity alone does not justify merging.
/articles/hotel-apartment-cost-of-poor-quality/index.html,/articles/hotel-apartment-end-to-end-guest-journey/index.html,171,4,Hotel apartments combine residential assets with hospitality service expectations. Failures often occur between functions: a defect is observed but not logged; a guest request is recorded but not handed over; a task is marked complete but not physically verified; or a recurring issue is repeatedly corrected without analysis.,Differentiate repeated prose; similarity alone does not justify merging.
/articles/hotel-apartment-cost-of-poor-quality/index.html,/articles/hotel-complaint-root-cause-analysis/index.html,171,4,Hotel apartments combine residential assets with hospitality service expectations. Failures often occur between functions: a defect is observed but not logged; a guest request is recorded but not handed over; a task is marked complete but not physically verified; or a recurring issue is repeatedly corrected without analysis.,Differentiate repeated prose; similarity alone does not justify merging.
/articles/hotel-apartment-cost-of-poor-quality/index.html,/articles/hotel-housekeeping-quality-control/index.html,171,4,Hotel apartments combine residential assets with hospitality service expectations. Failures often occur between functions: a defect is observed but not logged; a guest request is recorded but not handed over; a task is marked complete but not physically verified; or a recurring issue is repeatedly corrected without analysis.,Differentiate repeated prose; similarity alone does not justify merging.
/articles/hotel-apartment-cost-of-poor-quality/index.html,/articles/hotel-maintenance-work-order-management/index.html,171,4,Hotel apartments combine residential assets with hospitality service expectations. Failures often occur between functions: a defect is observed but not logged; a guest request is recorded but not handed over; a task is marked complete but not physically verified; or a recurring issue is repeatedly corrected without analysis.,Differentiate repeated prose; similarity alone does not justify merging.
/articles/hotel-apartment-end-to-end-guest-journey/index.html,/articles/hotel-complaint-root-cause-analysis/index.html,171,4,Hotel apartments combine residential assets with hospitality service expectations. Failures often occur between functions: a defect is observed but not logged; a guest request is recorded but not handed over; a task is marked complete but not physically verified; or a recurring issue is repeatedly corrected without analysis.,Differentiate repeated prose; similarity alone does not justify merging.
/articles/hotel-apartment-end-to-end-guest-journey/index.html,/articles/hotel-housekeeping-quality-control/index.html,171,4,Hotel apartments combine residential assets with hospitality service expectations. Failures often occur between functions: a defect is observed but not logged; a guest request is recorded but not handed over; a task is marked complete but not physically verified; or a recurring issue is repeatedly corrected without analysis.,Differentiate repeated prose; similarity alone does not justify merging.
/articles/hotel-apartment-end-to-end-guest-journey/index.html,/articles/hotel-maintenance-work-order-management/index.html,171,4,Hotel apartments combine residential assets with hospitality service expectations. Failures often occur between functions: a defect is observed but not logged; a guest request is recorded but not handed over; a task is marked complete but not physically verified; or a recurring issue is repeatedly corrected without analysis.,Differentiate repeated prose; similarity alone does not justify merging.
/articles/hotel-complaint-root-cause-analysis/index.html,/articles/hotel-housekeeping-quality-control/index.html,171,4,Hotel apartments combine residential assets with hospitality service expectations. Failures often occur between functions: a defect is observed but not logged; a guest request is recorded but not handed over; a task is marked complete but not physically verified; or a recurring issue is repeatedly corrected without analysis.,Differentiate repeated prose; similarity alone does not justify merging.
/articles/hotel-complaint-root-cause-analysis/index.html,/articles/hotel-maintenance-work-order-management/index.html,171,4,Hotel apartments combine residential assets with hospitality service expectations. Failures often occur between functions: a defect is observed but not logged; a guest request is recorded but not handed over; a task is marked complete but not physically verified; or a recurring issue is repeatedly corrected without analysis.,Differentiate repeated prose; similarity alone does not justify merging.
/articles/hotel-housekeeping-quality-control/index.html,/articles/hotel-maintenance-work-order-management/index.html,171,4,Hotel apartments combine residential assets with hospitality service expectations. Failures often occur between functions: a defect is observed but not logged; a guest request is recorded but not handed over; a task is marked complete but not physically verified; or a recurring issue is repeatedly corrected without analysis.,Differentiate repeated prose; similarity alone does not justify merging.
/articles/hotel-apartment-kpi-architecture/index.html,/articles/hotel-apartment-operations-control-tower/index.html,156,4,The management system should connect current state → risk/priority → owner → action → deadline → verification → learning . Its purpose is not more reporting. It is faster recognition of meaningful exceptions and more reliable execution.,Differentiate repeated prose; similarity alone does not justify merging.
/articles/hotel-apartment-kpi-architecture/index.html,/articles/hotel-critical-spare-parts-management/index.html,156,4,The management system should connect current state → risk/priority → owner → action → deadline → verification → learning . Its purpose is not more reporting. It is faster recognition of meaningful exceptions and more reliable execution.,Differentiate repeated prose; similarity alone does not justify merging.
/articles/hotel-apartment-kpi-architecture/index.html,/articles/hotel-downtime-out-of-service-management/index.html,156,4,The management system should connect current state → risk/priority → owner → action → deadline → verification → learning . Its purpose is not more reporting. It is faster recognition of meaningful exceptions and more reliable execution.,Differentiate repeated prose; similarity alone does not justify merging.
/articles/hotel-apartment-kpi-architecture/index.html,/articles/hotel-guest-experience-quality-management/index.html,156,4,The management system should connect current state → risk/priority → owner → action → deadline → verification → learning . Its purpose is not more reporting. It is faster recognition of meaningful exceptions and more reliable execution.,Differentiate repeated prose; similarity alone does not justify merging.
/articles/hotel-apartment-kpi-architecture/index.html,/articles/hotel-operational-excellence-maturity-model/index.html,156,4,The management system should connect current state → risk/priority → owner → action → deadline → verification → learning . Its purpose is not more reporting. It is faster recognition of meaningful exceptions and more reliable execution.,Differentiate repeated prose; similarity alone does not justify merging.
/articles/hotel-apartment-kpi-architecture/index.html,/articles/hotel-operations-planning-daily-control/index.html,156,4,The management system should connect current state → risk/priority → owner → action → deadline → verification → learning . Its purpose is not more reporting. It is faster recognition of meaningful exceptions and more reliable execution.,Differentiate repeated prose; similarity alone does not justify merging.
/articles/hotel-apartment-kpi-architecture/index.html,/articles/hotel-property-reliability-score/index.html,156,4,The management system should connect current state → risk/priority → owner → action → deadline → verification → learning . Its purpose is not more reporting. It is faster recognition of meaningful exceptions and more reliable execution.,Differentiate repeated prose; similarity alone does not justify merging.
/articles/hotel-apartment-operations-control-tower/index.html,/articles/hotel-critical-spare-parts-management/index.html,156,4,The management system should connect current state → risk/priority → owner → action → deadline → verification → learning . Its purpose is not more reporting. It is faster recognition of meaningful exceptions and more reliable execution.,Differentiate repeated prose; similarity alone does not justify merging.
/articles/hotel-apartment-operations-control-tower/index.html,/articles/hotel-downtime-out-of-service-management/index.html,156,4,The management system should connect current state → risk/priority → owner → action → deadline → verification → learning . Its purpose is not more reporting. It is faster recognition of meaningful exceptions and more reliable execution.,Differentiate repeated prose; similarity alone does not justify merging.
/articles/hotel-apartment-operations-control-tower/index.html,/articles/hotel-guest-experience-quality-management/index.html,156,4,The management system should connect current state → risk/priority → owner → action → deadline → verification → learning . Its purpose is not more reporting. It is faster recognition of meaningful exceptions and more reliable execution.,Differentiate repeated prose; similarity alone does not justify merging.
/articles/hotel-apartment-operations-control-tower/index.html,/articles/hotel-operational-excellence-maturity-model/index.html,156,4,The management system should connect current state → risk/priority → owner → action → deadline → verification → learning . Its purpose is not more reporting. It is faster recognition of meaningful exceptions and more reliable execution.,Differentiate repeated prose; similarity alone does not justify merging.
/articles/hotel-apartment-operations-control-tower/index.html,/articles/hotel-operations-planning-daily-control/index.html,156,4,The management system should connect current state → risk/priority → owner → action → deadline → verification → learning . Its purpose is not more reporting. It is faster recognition of meaningful exceptions and more reliable execution.,Differentiate repeated prose; similarity alone does not justify merging.
/articles/hotel-apartment-operations-control-tower/index.html,/articles/hotel-property-reliability-score/index.html,156,4,The management system should connect current state → risk/priority → owner → action → deadline → verification → learning . Its purpose is not more reporting. It is faster recognition of meaningful exceptions and more reliable execution.,Differentiate repeated prose; similarity alone does not justify merging.
/articles/hotel-critical-spare-parts-management/index.html,/articles/hotel-downtime-out-of-service-management/index.html,156,4,The management system should connect current state → risk/priority → owner → action → deadline → verification → learning . Its purpose is not more reporting. It is faster recognition of meaningful exceptions and more reliable execution.,Differentiate repeated prose; similarity alone does not justify merging.
/articles/hotel-critical-spare-parts-management/index.html,/articles/hotel-guest-experience-quality-management/index.html,156,4,The management system should connect current state → risk/priority → owner → action → deadline → verification → learning . Its purpose is not more reporting. It is faster recognition of meaningful exceptions and more reliable execution.,Differentiate repeated prose; similarity alone does not justify merging.
/articles/hotel-critical-spare-parts-management/index.html,/articles/hotel-operational-excellence-maturity-model/index.html,156,4,The management system should connect current state → risk/priority → owner → action → deadline → verification → learning . Its purpose is not more reporting. It is faster recognition of meaningful exceptions and more reliable execution.,Differentiate repeated prose; similarity alone does not justify merging.
/articles/hotel-critical-spare-parts-management/index.html,/articles/hotel-operations-planning-daily-control/index.html,156,4,The management system should connect current state → risk/priority → owner → action → deadline → verification → learning . Its purpose is not more reporting. It is faster recognition of meaningful exceptions and more reliable execution.,Differentiate repeated prose; similarity alone does not justify merging.
/articles/hotel-critical-spare-parts-management/index.html,/articles/hotel-property-reliability-score/index.html,156,4,The management system should connect current state → risk/priority → owner → action → deadline → verification → learning . Its purpose is not more reporting. It is faster recognition of meaningful exceptions and more reliable execution.,Differentiate repeated prose; similarity alone does not justify merging.
/articles/hotel-downtime-out-of-service-management/index.html,/articles/hotel-guest-experience-quality-management/index.html,156,4,The management system should connect current state → risk/priority → owner → action → deadline → verification → learning . Its purpose is not more reporting. It is faster recognition of meaningful exceptions and more reliable execution.,Differentiate repeated prose; similarity alone does not justify merging.
/articles/hotel-downtime-out-of-service-management/index.html,/articles/hotel-operational-excellence-maturity-model/index.html,156,4,The management system should connect current state → risk/priority → owner → action → deadline → verification → learning . Its purpose is not more reporting. It is faster recognition of meaningful exceptions and more reliable execution.,Differentiate repeated prose; similarity alone does not justify merging.
/articles/hotel-downtime-out-of-service-management/index.html,/articles/hotel-operations-planning-daily-control/index.html,156,4,The management system should connect current state → risk/priority → owner → action → deadline → verification → learning . Its purpose is not more reporting. It is faster recognition of meaningful exceptions and more reliable execution.,Differentiate repeated prose; similarity alone does not justify merging.
/articles/hotel-downtime-out-of-service-management/index.html,/articles/hotel-property-reliability-score/index.html,156,4,The management system should connect current state → risk/priority → owner → action → deadline → verification → learning . Its purpose is not more reporting. It is faster recognition of meaningful exceptions and more reliable execution.,Differentiate repeated prose; similarity alone does not justify merging.
/articles/hotel-guest-experience-quality-management/index.html,/articles/hotel-operational-excellence-maturity-model/index.html,156,4,The management system should connect current state → risk/priority → owner → action → deadline → verification → learning . Its purpose is not more reporting. It is faster recognition of meaningful exceptions and more reliable execution.,Differentiate repeated prose; similarity alone does not justify merging.
/articles/hotel-guest-experience-quality-management/index.html,/articles/hotel-operations-planning-daily-control/index.html,156,4,The management system should connect current state → risk/priority → owner → action → deadline → verification → learning . Its purpose is not more reporting. It is faster recognition of meaningful exceptions and more reliable execution.,Differentiate repeated prose; similarity alone does not justify merging.
/articles/hotel-guest-experience-quality-management/index.html,/articles/hotel-property-reliability-score/index.html,156,4,The management system should connect current state → risk/priority → owner → action → deadline → verification → learning . Its purpose is not more reporting. It is faster recognition of meaningful exceptions and more reliable execution.,Differentiate repeated prose; similarity alone does not justify merging.
/articles/hotel-operational-excellence-maturity-model/index.html,/articles/hotel-operations-planning-daily-control/index.html,156,4,The management system should connect current state → risk/priority → owner → action → deadline → verification → learning . Its purpose is not more reporting. It is faster recognition of meaningful exceptions and more reliable execution.,Differentiate repeated prose; similarity alone does not justify merging.
/articles/hotel-operational-excellence-maturity-model/index.html,/articles/hotel-property-reliability-score/index.html,156,4,The management system should connect current state → risk/priority → owner → action → deadline → verification → learning . Its purpose is not more reporting. It is faster recognition of meaningful exceptions and more reliable execution.,Differentiate repeated prose; similarity alone does not justify merging.
/articles/hotel-operations-planning-daily-control/index.html,/articles/hotel-property-reliability-score/index.html,156,4,The management system should connect current state → risk/priority → owner → action → deadline → verification → learning . Its purpose is not more reporting. It is faster recognition of meaningful exceptions and more reliable execution.,Differentiate repeated prose; similarity alone does not justify merging.
/articles/hotel-first-time-right-operations/index.html,/articles/hotel-housekeeping-standardization/index.html,94,2,"The objective is not to maximize one isolated metric. It is to design work so that service, quality, cost, capacity and evidence remain connected. Management should know what good performance means, how it is measured, what creates an exception and who has authority to respond.",Differentiate repeated prose; similarity alone does not justify merging.
/articles/hotel-first-time-right-operations/index.html,/articles/hotel-inventory-par-level-management/index.html,94,2,"The objective is not to maximize one isolated metric. It is to design work so that service, quality, cost, capacity and evidence remain connected. Management should know what good performance means, how it is measured, what creates an exception and who has authority to respond.",Differentiate repeated prose; similarity alone does not justify merging.
/articles/hotel-first-time-right-operations/index.html,/articles/hotel-procurement-supplier-quality-control/index.html,94,2,"The objective is not to maximize one isolated metric. It is to design work so that service, quality, cost, capacity and evidence remain connected. Management should know what good performance means, how it is measured, what creates an exception and who has authority to respond.",Differentiate repeated prose; similarity alone does not justify merging.
/articles/hotel-first-time-right-operations/index.html,/articles/hotel-workforce-productivity-efficiency/index.html,94,2,"The objective is not to maximize one isolated metric. It is to design work so that service, quality, cost, capacity and evidence remain connected. Management should know what good performance means, how it is measured, what creates an exception and who has authority to respond.",Differentiate repeated prose; similarity alone does not justify merging.
/articles/hotel-housekeeping-standardization/index.html,/articles/hotel-inventory-par-level-management/index.html,94,2,"The objective is not to maximize one isolated metric. It is to design work so that service, quality, cost, capacity and evidence remain connected. Management should know what good performance means, how it is measured, what creates an exception and who has authority to respond.",Differentiate repeated prose; similarity alone does not justify merging.
/articles/hotel-housekeeping-standardization/index.html,/articles/hotel-procurement-supplier-quality-control/index.html,94,2,"The objective is not to maximize one isolated metric. It is to design work so that service, quality, cost, capacity and evidence remain connected. Management should know what good performance means, how it is measured, what creates an exception and who has authority to respond.",Differentiate repeated prose; similarity alone does not justify merging.
/articles/hotel-housekeeping-standardization/index.html,/articles/hotel-workforce-productivity-efficiency/index.html,94,2,"The objective is not to maximize one isolated metric. It is to design work so that service, quality, cost, capacity and evidence remain connected. Management should know what good performance means, how it is measured, what creates an exception and who has authority to respond.",Differentiate repeated prose; similarity alone does not justify merging.
/articles/hotel-inventory-par-level-management/index.html,/articles/hotel-procurement-supplier-quality-control/index.html,94,2,"The objective is not to maximize one isolated metric. It is to design work so that service, quality, cost, capacity and evidence remain connected. Management should know what good performance means, how it is measured, what creates an exception and who has authority to respond.",Differentiate repeated prose; similarity alone does not justify merging.
/articles/hotel-inventory-par-level-management/index.html,/articles/hotel-workforce-productivity-efficiency/index.html,94,2,"The objective is not to maximize one isolated metric. It is to design work so that service, quality, cost, capacity and evidence remain connected. Management should know what good performance means, how it is measured, what creates an exception and who has authority to respond.",Differentiate repeated prose; similarity alone does not justify merging.
/articles/hotel-procurement-supplier-quality-control/index.html,/articles/hotel-workforce-productivity-efficiency/index.html,94,2,"The objective is not to maximize one isolated metric. It is to design work so that service, quality, cost, capacity and evidence remain connected. Management should know what good performance means, how it is measured, what creates an exception and who has authority to respond.",Differentiate repeated prose; similarity alone does not justify merging.
