url,block,excerpt,status
/articles/amsterdam-product-discovery-01-research-plan/index.html,5,"This distinction matters in Amsterdam. The City encourages creative and sustainable entrepreneurship that contributes positively to residents while seeking to control visitor pressure. Its Tourism Vision 2035 emphasizes quality of life, responsible revenue models, respectful visitors, smaller groups, cultural value, a polycentric city and regional dispersal. A product can therefore show customer demand and still fail the destination test.",Pending contextual reconciliation unless explicitly covered in fact-check-report.md; extraction also includes inputs and prompt scenarios
/articles/amsterdam-product-discovery-01-research-plan/index.html,20,"The municipal position is more specific than a sustainability statement. Amsterdam seeks products that contribute positively to city life, better visitor dispersal, a richer image based on culture and identity, and responsible entrepreneurship. The national NBTC Perspective 2030 similarly asks tourism to balance benefits and burdens, improve accessibility, support sustainability and contribute to prosperity and well-being. NBTC is developing Perspective 2040, due in 2027, so the national policy layer must be treated as evolving.",Pending contextual reconciliation unless explicitly covered in fact-check-report.md; extraction also includes inputs and prompt scenarios
/articles/amsterdam-product-discovery-01-research-plan/index.html,33,"H05 The concept can reach target margin without unsafe group size or extractive terms. Costs, channel commission, scenarios UNTESTED",Pending contextual reconciliation unless explicitly covered in fact-check-report.md; extraction also includes inputs and prompt scenarios
/articles/amsterdam-product-discovery-01-research-plan/index.html,85,"Raw observations are never overwritten. A listed price changing from €45 to €49 creates a new observation, not an edit. A category correction is logged. An opportunity score points to component records and model version.",Pending contextual reconciliation unless explicitly covered in fact-check-report.md; extraction also includes inputs and prompt scenarios
/articles/amsterdam-product-discovery-02-competitive-landscape/index.html,14,"H01–H06 remain in the single project register. Competitive observations can add evidence, but they cannot validate customer value, willingness to pay, route acceptability, qualified guide capacity, margin or stakeholder permission.",Pending contextual reconciliation unless explicitly covered in fact-check-report.md; extraction also includes inputs and prompt scenarios
/articles/amsterdam-product-discovery-02-competitive-landscape/index.html,20,"H05 Public price points and group bases can be collected. Costs, commission, conversion or margin. UNTESTED",Pending contextual reconciliation unless explicitly covered in fact-check-report.md; extraction also includes inputs and prompt scenarios
/articles/amsterdam-product-discovery-02-competitive-landscape/index.html,131,"We do not know reliable category market shares, realized prices, bookings, conversion, willingness to pay, repeat purchase, operational quality, margins or whether any low-density position represents an attractive gap. The full 60–100 listing sample, common price protocol and duplicate review remain open.",Pending contextual reconciliation unless explicitly covered in fact-check-report.md; extraction also includes inputs and prompt scenarios
/articles/amsterdam-product-discovery-03-market-gap/index.html,2,"Article 02 froze the supply-side evidence at 84 FULL marketplace observations representing 78 reconciled product families. That gives this article a much stronger starting point than a search page, but it still does not tell us what to build. Public supply can show category density, positioning, disclosed features, duration, language, group model, review counts and a narrow set of comparable prices. It cannot reveal private bookings, conversion, contribution margin, customer satisfaction drivers or an unmet need.",Pending contextual reconciliation unless explicitly covered in fact-check-report.md; extraction also includes inputs and prompt scenarios
/articles/amsterdam-product-discovery-03-market-gap/index.html,36,"The base model weights the six dimensions broadly evenly, with slightly more emphasis on demand and destination fit. Confidence is shown separately. A low-confidence 4.0 is not treated as stronger than a high-confidence 3.7. Commercial margin is intentionally not scored as if known: H05 remains untested because commission, costs, capacity economics and willingness to pay are absent.",Pending contextual reconciliation unless explicitly covered in fact-check-report.md; extraction also includes inputs and prompt scenarios
/articles/amsterdam-product-discovery-03-market-gap/index.html,51,"Accordingly, Article 03 does not calculate a citywide average tour price, category price ladder or margin opportunity. The 12 digital prices can describe the observed self-guided digital shelf only. Any claim that a guided walking, canal, cycling or food concept is “premium,” “cheap” or commercially attractive would outrun the evidence.",Pending contextual reconciliation unless explicitly covered in fact-check-report.md; extraction also includes inputs and prompt scenarios
/articles/amsterdam-product-discovery-05-segmentation-language/index.html,18,"Schiphol connected the Netherlands to 301 direct destinations in 2025, including 125 intercontinental destinations. The airport reported particularly heavy travel links with the United Kingdom and United States among its most popular country markets. Rail strengthens the near-market case: Eurostar connects Amsterdam directly with London and Paris, while NS International operates direct ICE service between Amsterdam and Berlin. Schiphol 2025 traffic , London , Paris and Berlin provide the connectivity evidence.",Pending contextual reconciliation unless explicitly covered in fact-check-report.md; extraction also includes inputs and prompt scenarios
/articles/amsterdam-product-discovery-07-product-requirements-concept/index.html,2,"I used a stricter rule: no feature enters the concept unless it can be traced backwards through Evidence → Insight → Requirement → Feature → KPI. If the chain breaks, the feature is either removed or labelled as an experiment. The commercial model also stays closed: Article 02 did not produce a broad comparable price set, and H05 remains untested. Article 07 can approve a concept for validation without approving its retail price, margin or channel strategy.",Pending contextual reconciliation unless explicitly covered in fact-check-report.md; extraction also includes inputs and prompt scenarios
/articles/amsterdam-product-discovery-07-product-requirements-concept/index.html,61,"The KPI layer prevents “signature” from becoming an aesthetic label. The prototype must be able to demonstrate context usefulness, comprehension, route completion, meeting-point reliability, interaction quality, expectation accuracy, recovery performance and destination compliance. These are product KPIs. Revenue, contribution margin, channel commission and break-even capacity remain Article 08 metrics.",Pending contextual reconciliation unless explicitly covered in fact-check-report.md; extraction also includes inputs and prompt scenarios
/articles/amsterdam-product-discovery-08-commercial-model-unit-economics/index.html,8,Minimum viable departure Lowest guest count at which the departure can be intentionally guaranteed under the preferred direct-led model without planned loss. 6 guests at the €55 test midpoint under the base assumptions.,Pending contextual reconciliation unless explicitly covered in fact-check-report.md; extraction also includes inputs and prompt scenarios
/articles/amsterdam-product-discovery-08-commercial-model-unit-economics/index.html,9,Break-even capacity Guest count where contribution after allocated fixed cost reaches zero. Direct 6 · B2B 7 · OTA 8.,Pending contextual reconciliation unless explicitly covered in fact-check-report.md; extraction also includes inputs and prompt scenarios
/articles/amsterdam-product-discovery-08-commercial-model-unit-economics/index.html,16,"The commercial assumption register is intentionally compact because the concept is venue-light. The largest cost is the professional guide. Guidor confirms that professional guides can be sourced and that individual tariffs are available on contact, but it does not publish a standard tariff for this exact product. I therefore use €200 per departure as a base planning assumption , with €160 and €240 sensitivity cases. It is not a supplier quote.",Pending contextual reconciliation unless explicitly covered in fact-check-report.md; extraction also includes inputs and prompt scenarios
/articles/amsterdam-product-discovery-08-commercial-model-unit-economics/index.html,17,"Another €15 per departure is reserved for route/disruption checking, local guide expense and simple backup materials. A €1.50 per-guest variable allowance covers communication, digital follow-up and small operating consumables. Monthly fixed overhead is modelled at €450, covering a placeholder for booking/software, insurance/admin/accounting, baseline content/marketing and contingency. At 24 departures per month, that is €18.75 allocated per departure. Every one of these non-public values is labelled ASSUMPTION in the downloadable model.",Pending contextual reconciliation unless explicitly covered in fact-check-report.md; extraction also includes inputs and prompt scenarios
/articles/amsterdam-product-discovery-08-commercial-model-unit-economics/index.html,31,Conservative €45 retail · 6 guests · OTA-weighted mix · €240 guide cost Tests whether weak pricing power and expensive supply destroy the model.,Pending contextual reconciliation unless explicitly covered in fact-check-report.md; extraction also includes inputs and prompt scenarios
/articles/amsterdam-product-discovery-08-commercial-model-unit-economics/index.html,32,Base €55 retail · 7 guests · direct-led mix · €200 guide cost Working hypothesis for supplier quotes and willingness-to-pay research.,Pending contextual reconciliation unless explicitly covered in fact-check-report.md; extraction also includes inputs and prompt scenarios
/articles/amsterdam-product-discovery-08-commercial-model-unit-economics/index.html,33,Strong €59 retail · 8 guests · direct-led mix · €160 guide cost Shows the upside boundary without exceeding the service cap.,Pending contextual reconciliation unless explicitly covered in fact-check-report.md; extraction also includes inputs and prompt scenarios
/articles/amsterdam-product-discovery-08-commercial-model-unit-economics/index.html,39,"Amsterdam Layers is intentionally different: lower-pressure geography, deeper context, a strict eight-person cap, route resilience and explicit onward value. Those differences may justify a premium. But the market evidence does not prove visitors will pay €55 . The €55 figure in this article is a test midpoint chosen to stress the economics, not a recommended launch price.",Pending contextual reconciliation unless explicitly covered in fact-check-report.md; extraction also includes inputs and prompt scenarios
/articles/amsterdam-product-discovery-08-commercial-model-unit-economics/index.html,44,"Direct sales are the healthiest channel in the base model because the product retains the retail value and pays only payment-processing cost rather than marketplace commission. Stripe currently publishes standard Dutch online card pricing of 1.5% + €0.25 for standard EEA cards, 2.5% + €0.25 for UK cards and 3.15% + €0.25 for international cards. Because Article 05's Primary segment is international, I use 2.5% + €0.25 per transaction as a conservative planning blend, assuming an average booking contains two guests. Stripe Netherlands pricing .",Pending contextual reconciliation unless explicitly covered in fact-check-report.md; extraction also includes inputs and prompt scenarios
/articles/amsterdam-product-discovery-08-commercial-model-unit-economics/index.html,45,"At €55 retail and six guests, the base direct model produces approximately €264 of net revenue after VAT and payment fees. After €9 of guest-variable cost, €215 of departure cost and €18.75 fixed-cost allocation, the departure contributes only about €21 . Seven guests improve that to about €63 ; eight guests to roughly €106 . Direct can work, but the six-guest minimum is a floor, not an attractive target.",Pending contextual reconciliation unless explicitly covered in fact-check-report.md; extraction also includes inputs and prompt scenarios
/articles/amsterdam-product-discovery-08-commercial-model-unit-economics/index.html,48,"At the same €55 price, the base OTA model is negative at six and seven guests and only narrowly positive at the eight-guest maximum after the fixed-cost allocation. That is a major commercial warning. An OTA should not become the channel that dictates whether the product can depart unless one of three things changes: the price is higher, the guide/departure cost is lower, or the commission is materially better than the assumption.",Pending contextual reconciliation unless explicitly covered in fact-check-report.md; extraction also includes inputs and prompt scenarios
/articles/amsterdam-product-discovery-08-commercial-model-unit-economics/index.html,51,"No hotel, DMC, concierge or reseller agreement exists yet. I therefore model B2B at a 20% net discount to retail. At €55 and seven guests, the departure produces only about €10 after the allocated fixed cost; at eight guests, roughly €45. A B2B partner could still be attractive if it supplies predictable volume, lower acquisition cost, better advance booking and lower cancellation behaviour—but those benefits are hypotheses until a contract and booking history exist.",Pending contextual reconciliation unless explicitly covered in fact-check-report.md; extraction also includes inputs and prompt scenarios
/articles/amsterdam-product-discovery-08-commercial-model-unit-economics/index.html,56,"The model reports both markup and contribution margin because tourism quotations often confuse them. Markup describes contribution relative to operating cost. Margin describes contribution relative to net revenue. A 25% markup is not a 25% margin. The downloadable channel economics table calculates both after VAT, channel cost, guest-variable cost, departure cost and allocated fixed overhead.",Pending contextual reconciliation unless explicitly covered in fact-check-report.md; extraction also includes inputs and prompt scenarios
/articles/amsterdam-product-discovery-08-commercial-model-unit-economics/index.html,57,"At the seven-guest target and €55 base price, direct contribution margin is about 21% of net revenue. B2B is only around 4%, while the 25%-commission OTA case remains negative. That distribution is more important than a single blended headline margin.",Pending contextual reconciliation unless explicitly covered in fact-check-report.md; extraction also includes inputs and prompt scenarios
/articles/amsterdam-product-discovery-08-commercial-model-unit-economics/index.html,59,"The sensitivity analysis tests €35, €39, €45, €49, €55, €59 and €65 at seven guests. At market-like prices around €35–39, the base model loses money even on direct distribution. Direct becomes positive around the mid-€40s; B2B requires roughly the mid-€50s; the 25%-commission OTA case does not become positive at seven guests until around the mid-€50s.",Pending contextual reconciliation unless explicitly covered in fact-check-report.md; extraction also includes inputs and prompt scenarios
/articles/amsterdam-product-discovery-08-commercial-model-unit-economics/index.html,60,"That does not mean the correct price is €65. It means the current cost/capacity/channel structure demands either a premium willingness to pay or better supply/channel economics. A spreadsheet cannot decide which. If real visitors reject the premium, the product must be revised rather than hiding the problem through larger groups.",Pending contextual reconciliation unless explicitly covered in fact-check-report.md; extraction also includes inputs and prompt scenarios
/articles/amsterdam-product-discovery-08-commercial-model-unit-economics/index.html,62,"The same sensitivity matrix varies guide cost from €160 to €240 and OTA commission from 20% to 30%. The pattern is simple: at a seven-guest target, small changes in guide cost or commission can move the departure across zero contribution.",Pending contextual reconciliation unless explicitly covered in fact-check-report.md; extraction also includes inputs and prompt scenarios
/articles/amsterdam-product-discovery-08-commercial-model-unit-economics/index.html,77,Minimum viable departure: 6 guests for the preferred direct-led base case at €55. A five-guest departure should not be routinely guaranteed under the current assumptions.,Pending contextual reconciliation unless explicitly covered in fact-check-report.md; extraction also includes inputs and prompt scenarios
/articles/amsterdam-product-discovery-08-commercial-model-unit-economics/index.html,78,"Break-even capacity is channel-specific: 6 Direct, 7 B2B, 8 OTA at the base assumptions.",Pending contextual reconciliation unless explicitly covered in fact-check-report.md; extraction also includes inputs and prompt scenarios
/articles/amsterdam-product-discovery-08-commercial-model-unit-economics/index.html,84,"Van Westendorp can establish the psychologically acceptable range by asking when the offer feels too cheap, a bargain, expensive and too expensive. Gabor-Granger can test booking likelihood across randomized price points such as €39, €45, €49, €55, €59 and €65. A compact choice/conjoint test can show whether visitors trade price against group size, neighbourhood, guide format, duration and language. A non-transactional landing-page intent test can add behavioural evidence without taking fake bookings. Finally, paid pilot departures provide the evidence that surveys cannot: actual booking, cancellation, attendance, review and contribution behaviour.",Pending contextual reconciliation unless explicitly covered in fact-check-report.md; extraction also includes inputs and prompt scenarios
/articles/amsterdam-product-discovery-08-commercial-model-unit-economics/index.html,99,"H05 originally asked whether the concept can reach target margin without unsafe group size or extractive terms. Article 08 can now narrow that hypothesis, but not close it. The model says the concept is conditionally capable of positive contribution inside the eight-guest cap, especially through direct sales. It also says the economics are fragile if the product depends heavily on OTA commission, if guide costs are at the top of the sensitivity range, or if visitors will not accept a meaningful premium over mainstream walking-tour prices.",Pending contextual reconciliation unless explicitly covered in fact-check-report.md; extraction also includes inputs and prompt scenarios
/articles/amsterdam-product-discovery-08-commercial-model-unit-economics/index.html,110,"€55 VAT-inclusive test price, €200 guide cost, €15 departure support, €1.50 guest-variable cost, €450 monthly overhead and 24 departures.",Pending contextual reconciliation unless explicitly covered in fact-check-report.md; extraction also includes inputs and prompt scenarios
/articles/amsterdam-product-discovery-08-commercial-model-unit-economics/index.html,120,"The concept is not commercially rejected. A direct-led version can generate positive contribution at six to eight guests under the base assumptions, and the venue-light design keeps variable supplier cost low. But the current model does not justify a final price or channel strategy. The €55 midpoint is a hypothesis, public competitors are commonly displayed materially below it, the guide fee remains an assumed €200 rather than a quote, and OTA-heavy economics are too fragile at the eight-person ceiling.",Pending contextual reconciliation unless explicitly covered in fact-check-report.md; extraction also includes inputs and prompt scenarios
/articles/amsterdam-product-discovery-08-commercial-model-unit-economics/index.html,121,"The revision is therefore commercial, not conceptual: obtain guide quotes; test €39–€65 willingness to pay; secure actual OTA/B2B terms; define channel-specific departure guarantees; and rerun the model. If the real data cannot produce a healthy contribution at eight guests or fewer, the correct response is to redesign cost/channel architecture—or stop—not to dilute the experience by adding capacity.",Pending contextual reconciliation unless explicitly covered in fact-check-report.md; extraction also includes inputs and prompt scenarios
/articles/amsterdam-product-discovery-09-risk-responsibility/index.html,6,"The approved eight-person capacity creates a concrete regulatory requirement. The City of Amsterdam states that guided tours in the Centre may contain no more than 15 participants and that an exemption is required for groups of more than four people. Tours may operate between 08:00 and 22:00; they must not pass sex workers’ windows, recruit participants in public places, use amplification or shouting, consume alcohol/drugs during the tour, block busy canal bridges or business entrances, or combine with another tour group. The guide must also instruct participants to respect residents and businesses. The current exemption costs €212.30 and the City says processing takes about six weeks. City of Amsterdam — guided-tour rules .",Pending contextual reconciliation unless explicitly covered in fact-check-report.md; extraction also includes inputs and prompt scenarios
/articles/amsterdam-product-discovery-09-risk-responsibility/index.html,37,"Digital accessibility has a separate rule set. Business.gov.nl states that e-commerce services covered by the European Accessibility Act must meet accessibility principles and provide accessible information, login/signing/payment flows and an accessibility statement. The Dutch regulator ACM describes the threshold as 10 or more employees, annual turnover above €2 million, or both. The service-provider microenterprise exemption must also be checked against the legal definition and applicable financial criteria; entity size and turnover alone should not be assumed from this research. See ACM guidance on accessible e-commerce . Business.gov.nl — EAA . Amsterdam Layers has no validated entity size yet, so the legal applicability is marked conditional—but the direct booking design should still be built to accessible standards rather than waiting to become large enough for accessibility to matter.",Pending contextual reconciliation unless explicitly covered in fact-check-report.md; extraction also includes inputs and prompt scenarios
/articles/amsterdam-product-discovery-09-risk-responsibility/index.html,43,"Business liability insurance is not generally compulsory for every Dutch entrepreneur, but Business.gov.nl notes that businesses can be liable for physical or property damage and that clients or suppliers may require cover. Business liability insurance . Article 09 therefore makes an appropriate AVB policy covering the actual guided-tour activity a project launch condition , while clearly labelling that as risk policy rather than a universal statutory requirement.",Pending contextual reconciliation unless explicitly covered in fact-check-report.md; extraction also includes inputs and prompt scenarios
/articles/amsterdam-product-discovery-09-risk-responsibility/index.html,51,"Amsterdam’s tourism policy says it wants entrepreneurship that attracts visitors while contributing positively to the city and residents, alongside visitor dispersal and nuisance reduction. The city’s wider spatial strategy promotes polycentric development and more walking, cycling and public transport. Its climate programme targets a 60% CO₂ reduction from 1990 levels by 2030 and 50% lower raw-material use, while the circular-economy policy targets 50% fewer new raw materials by 2030 compared with 2016. Tourism policy , Urban development , Sustainability and energy , and Circular economy .",Pending contextual reconciliation unless explicitly covered in fact-check-report.md; extraction also includes inputs and prompt scenarios
/articles/amsterdam-product-discovery-09-risk-responsibility/index.html,83,"Amsterdam Layers is capable of responsible pilot operation only with controls . Article 09 does not grant launch approval. Before a paid pilot, the project must obtain the relevant guide exemption, complete the route/accessibility field audit, confirm insurance, implement consumer/privacy/accessibility booking controls, brief guides against the compliance checklist, and activate measurement of the sustainability KPIs from the first departure.",Pending contextual reconciliation unless explicitly covered in fact-check-report.md; extraction also includes inputs and prompt scenarios
/articles/amsterdam-product-discovery-09-risk-responsibility/index.html,98,Business.gov.nl — European Accessibility Act rules (checked 4 September 2026).,Pending contextual reconciliation unless explicitly covered in fact-check-report.md; extraction also includes inputs and prompt scenarios
/articles/amsterdam-product-discovery-10-seasonality-operating-calendar/index.html,34,"This last point matters. Article 08 found a six-guest direct break-even under its current assumptions, seven for B2B and eight for OTA. Article 10 cannot make winter look “operationally ready” by scheduling departures that the commercial gate says should not run.",Pending contextual reconciliation unless explicitly covered in fact-check-report.md; extraction also includes inputs and prompt scenarios
/articles/amsterdam-product-discovery-10-seasonality-operating-calendar/index.html,72,"It cannot tell management next February's weather, exact 2027 event disruption, the number of guests who will book a Tuesday departure, or whether a €55 price will convert. Those inputs remain live forecasts or pilot evidence.",Pending contextual reconciliation unless explicitly covered in fact-check-report.md; extraction also includes inputs and prompt scenarios
/articles/amsterdam-product-discovery-11-mvp-pilot-operational-readiness/index.html,6,"Article 11 freezes those elements as the pilot scope baseline . In PMP/CAPM terms, this is enough project discipline to stop scope creep: if the pilot suddenly adds a canal cruise, food tasting and proprietary app, the team is no longer testing the approved concept. Any material change to promise, capacity, route architecture, price logic or compliance basis enters the change log and needs Product Owner approval.",Pending contextual reconciliation unless explicitly covered in fact-check-report.md; extraction also includes inputs and prompt scenarios
/articles/amsterdam-product-discovery-11-mvp-pilot-operational-readiness/index.html,10,"Commercial success is deliberately separated from research learning. Article 08 showed that the current €55 midpoint can produce positive contribution in some direct-led loads but remains fragile in OTA-heavy conditions. A research-funded departure may therefore run below the commercial minimum only when management explicitly budgets it as research. It cannot be counted as evidence that the recurring product is viable. For scale, paid departures must show non-negative contribution using actual supplier, fee, channel and refund data.",Pending contextual reconciliation unless explicitly covered in fact-check-report.md; extraction also includes inputs and prompt scenarios
/articles/amsterdam-product-discovery-12-product-analytics-scale-decision/index.html,15,"A blank actual result is more useful than a fabricated 4.8/5 rating, 80% load factor or €60 contribution. Invented pilot performance would contaminate every later decision.",Pending contextual reconciliation unless explicitly covered in fact-check-report.md; extraction also includes inputs and prompt scenarios
/articles/amsterdam-product-discovery-12-product-analytics-scale-decision/index.html,33,"Article 08 used a €55 test midpoint, €200 assumed guide cost and channel assumptions to expose the commercial problem. Those values were never contracted facts. Article 12 replaces them with realised data.",Pending contextual reconciliation unless explicitly covered in fact-check-report.md; extraction also includes inputs and prompt scenarios
/articles/amsterdam-product-discovery-12-product-analytics-scale-decision/index.html,75,"Safety, compliance and accessibility — 15%",Pending contextual reconciliation unless explicitly covered in fact-check-report.md; extraction also includes inputs and prompt scenarios
/articles/amsterdam-product-discovery-12-product-analytics-scale-decision/index.html,107,"ROLE Act as a tourism product review board analyst. DECISION/TASK Recommend SCALE, ITERATE, REPOSITION or STOP against the frozen Article 11 thresholds. INPUT [Paste validated departure actuals, Performance Review, Product Decision Scorecard, incidents, destination evidence, commercial actuals and open changes.] METHOD Compare each actual with its original threshold and disclosed sample size. Apply hard safety, compliance, accessibility, commercial and destination gates before weighted scoring. CONSTRAINTS Do not average away a hard-gate failure, change thresholds retrospectively or treat directional evidence as validation. State uncertainty and dissent. OUTPUT Return the decision, gate evidence, dimension results, unresolved risks, approved corrective actions, owner, timing and the evidence required for the next review.",Pending contextual reconciliation unless explicitly covered in fact-check-report.md; extraction also includes inputs and prompt scenarios
/articles/article-fixed-variable-costs-city-tour-pricing/index.html,11,“The tour price is AED 350 per person.”,Pending contextual reconciliation unless explicitly covered in fact-check-report.md; extraction also includes inputs and prompt scenarios
/articles/article-fixed-variable-costs-city-tour-pricing/index.html,13,"“Which part of this AED 350 covers fixed transport and guide cost, which part covers variable tickets and meals, and what margin remains after all costs are included?”",Pending contextual reconciliation unless explicitly covered in fact-check-report.md; extraction also includes inputs and prompt scenarios
/articles/article-fixed-variable-costs-city-tour-pricing/index.html,30,"Example: Private Abu Dhabi City Tour Fixed Cost Items: - Vehicle and driver: AED 650 - Licensed guide: AED 500 - Coordination / handling: AED 100 Total Fixed Cost: AED 1,250 If 2 guests join: Fixed cost per guest = AED 625 If 10 guests join: Fixed cost per guest = AED 125 Same fixed cost. Very different per-person effect.",Pending contextual reconciliation unless explicitly covered in fact-check-report.md; extraction also includes inputs and prompt scenarios
/articles/article-fixed-variable-costs-city-tour-pricing/index.html,103,"For example, if the fixed cost of a private tour is AED 1,250 before tickets and margin, that cost must be covered whether the tour has two guests or six guests. For two guests, the fixed cost per person is high. For six guests, the same fixed cost is spread across more people.",Pending contextual reconciliation unless explicitly covered in fact-check-report.md; extraction also includes inputs and prompt scenarios
/articles/article-fixed-variable-costs-city-tour-pricing/index.html,141,Vehicle and driver Type: Fixed Quantity: 1 service Unit cost: AED 650 Total: AED 650 Included: Yes Verification: Supplier availability Guide Type: Fixed Quantity: 1 guide Unit cost: AED 500 Total: AED 500 Included: Yes Verification: Language availability Louvre tickets Type: Variable Quantity: 8 adults + 2 children Unit cost: To verify Total: To calculate Included: Yes Verification: Ticket policy required,Pending contextual reconciliation unless explicitly covered in fact-check-report.md; extraction also includes inputs and prompt scenarios
/articles/article-mice-arrival-waves-zayed-international-airport/index.html,480,Thirty-eight delegates from Paris are grouped with 25 delegates arriving from another European city.,Pending contextual reconciliation unless explicitly covered in fact-check-report.md; extraction also includes inputs and prompt scenarios
/articles/article-mice-backup-operations-service-recovery-abu-dhabi/index.html,1148,Approval requested: activate Secondary Supplier Coach B for GREEN 02 at an additional cost of AED X. This protects the 08:45 venue arrival. Decision required by 07:55. Approved alternative without extra cost: delay movement by approximately 30 minutes.,Pending contextual reconciliation unless explicitly covered in fact-check-report.md; extraction also includes inputs and prompt scenarios
/articles/article-mice-backup-operations-service-recovery-abu-dhabi/index.html,1349,Safety and compliance 20%,Pending contextual reconciliation unless explicitly covered in fact-check-report.md; extraction also includes inputs and prompt scenarios
/articles/article-net-cost-selling-price-markup/index.html,7,“Add 20% margin.”,Pending contextual reconciliation unless explicitly covered in fact-check-report.md; extraction also includes inputs and prompt scenarios
/articles/article-net-cost-selling-price-markup/index.html,9,“Add 20% markup.”,Pending contextual reconciliation unless explicitly covered in fact-check-report.md; extraction also includes inputs and prompt scenarios
/articles/article-net-cost-selling-price-markup/index.html,29,"Vehicle and driver: AED 650 Licensed guide: AED 500 Qasr Al Watan tickets: AED 520 Louvre Abu Dhabi tickets: AED 560 Water / basic handling: AED 70 Estimated Net Cost: AED 2,300",Pending contextual reconciliation unless explicitly covered in fact-check-report.md; extraction also includes inputs and prompt scenarios
/articles/article-net-cost-selling-price-markup/index.html,30,"This AED 2,300 is not the final selling price. It is the internal cost that must be covered before the company earns profit.",Pending contextual reconciliation unless explicitly covered in fact-check-report.md; extraction also includes inputs and prompt scenarios
/articles/article-net-cost-selling-price-markup/index.html,35,"For example, if the net cost of a private Abu Dhabi city tour is AED 2,300, the selling price may be AED 2,900, AED 3,100 or AED 3,400 depending on the company’s strategy. A premium private tour with a French-speaking guide, careful timing and paid attractions should not be priced like a basic shared sightseeing tour.",Pending contextual reconciliation unless explicitly covered in fact-check-report.md; extraction also includes inputs and prompt scenarios
/articles/article-net-cost-selling-price-markup/index.html,43,"For example, if the net cost is AED 2,000 and the company adds 20% markup, the calculation is:",Pending contextual reconciliation unless explicitly covered in fact-check-report.md; extraction also includes inputs and prompt scenarios
/articles/article-net-cost-selling-price-markup/index.html,44,"Net Cost: AED 2,000 Markup: 20% of AED 2,000 = AED 400 Selling Price: AED 2,400",Pending contextual reconciliation unless explicitly covered in fact-check-report.md; extraction also includes inputs and prompt scenarios
/articles/article-net-cost-selling-price-markup/index.html,47,"This is useful because it is simple. Many operators think in markup because it is easy to calculate. If the cost is AED 1,000 and the company wants to add 25%, the markup amount is AED 250 and the selling price becomes AED 1,250.",Pending contextual reconciliation unless explicitly covered in fact-check-report.md; extraction also includes inputs and prompt scenarios
/articles/article-net-cost-selling-price-markup/index.html,48,"However, markup can be misleading if the team thinks it is the same as margin. A 20% markup does not mean the company earns a 20% margin. The profit is 20% of the cost, not 20% of the final selling price.",Pending contextual reconciliation unless explicitly covered in fact-check-report.md; extraction also includes inputs and prompt scenarios
/articles/article-net-cost-selling-price-markup/index.html,50,Educational Visual 1 — Markup Example,Pending contextual reconciliation unless explicitly covered in fact-check-report.md; extraction also includes inputs and prompt scenarios
/articles/article-net-cost-selling-price-markup/index.html,51,"Net Cost: AED 2,000 20% Markup: AED 400 Selling Price: AED 2,400 Profit: AED 400",Pending contextual reconciliation unless explicitly covered in fact-check-report.md; extraction also includes inputs and prompt scenarios
/articles/article-net-cost-selling-price-markup/index.html,52,"The markup is 20% because AED 400 is 20% of AED 2,000. But the profit margin is not 20%, because margin is measured against the selling price.",Pending contextual reconciliation unless explicitly covered in fact-check-report.md; extraction also includes inputs and prompt scenarios
/articles/article-net-cost-selling-price-markup/index.html,57,"Net Cost: AED 2,000 Selling Price: AED 2,400 Profit: AED 400",Pending contextual reconciliation unless explicitly covered in fact-check-report.md; extraction also includes inputs and prompt scenarios
/articles/article-net-cost-selling-price-markup/index.html,59,"Profit ÷ Selling Price AED 400 ÷ AED 2,400 = 16.67%",Pending contextual reconciliation unless explicitly covered in fact-check-report.md; extraction also includes inputs and prompt scenarios
/articles/article-net-cost-selling-price-markup/index.html,60,So a 20% markup creates only a 16.67% margin.,Pending contextual reconciliation unless explicitly covered in fact-check-report.md; extraction also includes inputs and prompt scenarios
/articles/article-net-cost-selling-price-markup/index.html,61,"This difference is important. If a manager asks for a 20% margin and the team adds 20% markup, the quote may be weaker than required. The company may believe it protected 20% margin, but the real margin is lower.",Pending contextual reconciliation unless explicitly covered in fact-check-report.md; extraction also includes inputs and prompt scenarios
/articles/article-net-cost-selling-price-markup/index.html,64,Educational Visual 2 — Markup vs Margin,Pending contextual reconciliation unless explicitly covered in fact-check-report.md; extraction also includes inputs and prompt scenarios
/articles/article-net-cost-selling-price-markup/index.html,65,"Markup = Profit compared with cost Margin = Profit compared with selling price Example: Cost: AED 2,000 Selling Price: AED 2,400 Profit: AED 400 Markup: AED 400 ÷ AED 2,000 = 20% Margin: AED 400 ÷ AED 2,400 = 16.67%",Pending contextual reconciliation unless explicitly covered in fact-check-report.md; extraction also includes inputs and prompt scenarios
/articles/article-net-cost-selling-price-markup/index.html,76,"Private vehicle and driver: AED 650 Licensed guide: AED 500 Qasr Al Watan tickets: AED 650 Louvre Abu Dhabi tickets: AED 700 Operational handling / water / buffer: AED 100 Net Cost: AED 2,600",Pending contextual reconciliation unless explicitly covered in fact-check-report.md; extraction also includes inputs and prompt scenarios
/articles/article-net-cost-selling-price-markup/index.html,77,If the team adds 20% markup:,Pending contextual reconciliation unless explicitly covered in fact-check-report.md; extraction also includes inputs and prompt scenarios
/articles/article-net-cost-selling-price-markup/index.html,78,"20% of AED 2,600 = AED 520 Selling Price = AED 3,120 Profit = AED 520",Pending contextual reconciliation unless explicitly covered in fact-check-report.md; extraction also includes inputs and prompt scenarios
/articles/article-net-cost-selling-price-markup/index.html,80,"AED 520 ÷ AED 3,120 = 16.67%",Pending contextual reconciliation unless explicitly covered in fact-check-report.md; extraction also includes inputs and prompt scenarios
/articles/article-net-cost-selling-price-markup/index.html,81,"If the company actually wants around 20% margin, the selling price must be higher.",Pending contextual reconciliation unless explicitly covered in fact-check-report.md; extraction also includes inputs and prompt scenarios
/articles/article-net-cost-selling-price-markup/index.html,82,"For a 20% margin, the selling price should be calculated like this:",Pending contextual reconciliation unless explicitly covered in fact-check-report.md; extraction also includes inputs and prompt scenarios
/articles/article-net-cost-selling-price-markup/index.html,83,"Net Cost ÷ (1 - Target Margin) AED 2,600 ÷ (1 - 0.20) AED 2,600 ÷ 0.80 Selling Price = AED 3,250",Pending contextual reconciliation unless explicitly covered in fact-check-report.md; extraction also includes inputs and prompt scenarios
/articles/article-net-cost-selling-price-markup/index.html,85,"AED 3,250 - AED 2,600 = AED 650",Pending contextual reconciliation unless explicitly covered in fact-check-report.md; extraction also includes inputs and prompt scenarios
/articles/article-net-cost-selling-price-markup/index.html,87,"AED 650 ÷ AED 3,250 = 20%",Pending contextual reconciliation unless explicitly covered in fact-check-report.md; extraction also includes inputs and prompt scenarios
/articles/article-net-cost-selling-price-markup/index.html,121,"Net Cost: AED 5,000 Selling Price: AED 5,600 Profit: AED 600",Pending contextual reconciliation unless explicitly covered in fact-check-report.md; extraction also includes inputs and prompt scenarios
/articles/article-net-cost-selling-price-markup/index.html,122,The booking has AED 600 profit. That may sound good. But the margin is:,Pending contextual reconciliation unless explicitly covered in fact-check-report.md; extraction also includes inputs and prompt scenarios
/articles/article-net-cost-selling-price-markup/index.html,123,"AED 600 ÷ AED 5,600 = 10.7%",Pending contextual reconciliation unless explicitly covered in fact-check-report.md; extraction also includes inputs and prompt scenarios
/articles/article-net-cost-selling-price-markup/index.html,138,"Private Abu Dhabi Cultural City Tour Total package price: AED 3,250 Includes private vehicle, licensed guide, selected attraction visits and hotel pickup/drop-off. Attraction ticket inclusion subject to final confirmation as per quotation details.",Pending contextual reconciliation unless explicitly covered in fact-check-report.md; extraction also includes inputs and prompt scenarios
/articles/article-net-cost-selling-price-markup/index.html,140,"Corporate Abu Dhabi City Tour Group price for up to 20 guests: AED 6,800 Includes vehicle, guide, planned itinerary and coordination as listed. Tickets and meals as per inclusions below.",Pending contextual reconciliation unless explicitly covered in fact-check-report.md; extraction also includes inputs and prompt scenarios
/articles/article-net-cost-selling-price-markup/index.html,153,Mistake 1: Treating markup as margin. Adding 20% markup does not create 20% margin. This is the most important point in this article.,Pending contextual reconciliation unless explicitly covered in fact-check-report.md; extraction also includes inputs and prompt scenarios
/articles/article-net-cost-selling-price-markup/index.html,156,Mistake 4: Using the same markup for every service. Different tours have different risk levels. Pricing should reflect complexity.,Pending contextual reconciliation unless explicitly covered in fact-check-report.md; extraction also includes inputs and prompt scenarios
/articles/article-net-cost-selling-price-markup/index.html,157,Mistake 5: Ignoring child and infant policy. Ticket assumptions can change the net cost and margin.,Pending contextual reconciliation unless explicitly covered in fact-check-report.md; extraction also includes inputs and prompt scenarios
/articles/article-net-cost-selling-price-markup/index.html,158,"Mistake 6: Forgetting that low margin limits service recovery. If something goes wrong, low margin gives the company less room to solve the problem.",Pending contextual reconciliation unless explicitly covered in fact-check-report.md; extraction also includes inputs and prompt scenarios
/articles/article-net-cost-selling-price-markup/index.html,167,No. Markup is profit compared with cost. Margin is profit compared with selling price. A 20% markup does not create a 20% margin. This is a common mistake in tour quotation.,Pending contextual reconciliation unless explicitly covered in fact-check-report.md; extraction also includes inputs and prompt scenarios
/articles/article-participant-estimation-break-even-risk/index.html,9,"The same issue can happen in corporate group pricing. A client may ask for a quotation for “around 25 guests.” The DMC team prepares a price based on 25 guests, but later the confirmed number becomes 16. If the quotation does not state a minimum number or revised pricing condition, the company may be forced to operate with weaker margin.",Pending contextual reconciliation unless explicitly covered in fact-check-report.md; extraction also includes inputs and prompt scenarios
/articles/article-participant-estimation-break-even-risk/index.html,28,"For example, if a shared Abu Dhabi city tour has fixed costs of AED 1,200 and the selling price is AED 180 per person, the team may think the tour is profitable after seven guests because:",Pending contextual reconciliation unless explicitly covered in fact-check-report.md; extraction also includes inputs and prompt scenarios
/articles/article-participant-estimation-break-even-risk/index.html,29,"7 guests × AED 180 = AED 1,260",Pending contextual reconciliation unless explicitly covered in fact-check-report.md; extraction also includes inputs and prompt scenarios
/articles/article-participant-estimation-break-even-risk/index.html,35,Educational Visual 1 — Break-Even Logic,Pending contextual reconciliation unless explicitly covered in fact-check-report.md; extraction also includes inputs and prompt scenarios
/articles/article-participant-estimation-break-even-risk/index.html,36,"Fixed Cost: AED 1,200 Selling Price per Guest: AED 180 Variable Cost per Guest: AED 40 Contribution per Guest: AED 180 - AED 40 = AED 140 Break-Even Guests: AED 1,200 ÷ AED 140 = 8.57 Minimum guests needed: 9 paying guests",Pending contextual reconciliation unless explicitly covered in fact-check-report.md; extraction also includes inputs and prompt scenarios
/articles/article-participant-estimation-break-even-risk/index.html,44,"A DMC plans a shared Abu Dhabi city tour sold through hotel desks. The advertised price is AED 220 per person. The tour includes hotel pickup from selected hotels, Sheikh Zayed Grand Mosque, Qasr Al Watan exterior or visit depending on package, Corniche photo stop and Louvre Abu Dhabi area/photo stop or ticketed visit depending on the product.",Pending contextual reconciliation unless explicitly covered in fact-check-report.md; extraction also includes inputs and prompt scenarios
/articles/article-participant-estimation-break-even-risk/index.html,46,"Vehicle and driver: AED 750 Licensed guide: AED 550 Coordination / dispatch handling: AED 100 Fixed Cost: AED 1,400",Pending contextual reconciliation unless explicitly covered in fact-check-report.md; extraction also includes inputs and prompt scenarios
/articles/article-participant-estimation-break-even-risk/index.html,48,Water / small handling: AED 10 Ticket or entry allowance if included: AED 50 Sales commission or desk fee: AED 20 Variable Cost per Guest: AED 80,Pending contextual reconciliation unless explicitly covered in fact-check-report.md; extraction also includes inputs and prompt scenarios
/articles/article-participant-estimation-break-even-risk/index.html,49,The selling price is AED 220 per guest.,Pending contextual reconciliation unless explicitly covered in fact-check-report.md; extraction also includes inputs and prompt scenarios
/articles/article-participant-estimation-break-even-risk/index.html,51,AED 220 - AED 80 = AED 140,Pending contextual reconciliation unless explicitly covered in fact-check-report.md; extraction also includes inputs and prompt scenarios
/articles/article-participant-estimation-break-even-risk/index.html,53,"AED 1,400 ÷ AED 140 = 10 guests",Pending contextual reconciliation unless explicitly covered in fact-check-report.md; extraction also includes inputs and prompt scenarios
/articles/article-participant-estimation-break-even-risk/index.html,55,"7 × AED 220 = AED 1,540",Pending contextual reconciliation unless explicitly covered in fact-check-report.md; extraction also includes inputs and prompt scenarios
/articles/article-participant-estimation-break-even-risk/index.html,57,7 × AED 80 = AED 560,Pending contextual reconciliation unless explicitly covered in fact-check-report.md; extraction also includes inputs and prompt scenarios
/articles/article-participant-estimation-break-even-risk/index.html,59,"AED 1,540 - AED 560 = AED 980",Pending contextual reconciliation unless explicitly covered in fact-check-report.md; extraction also includes inputs and prompt scenarios
/articles/article-participant-estimation-break-even-risk/index.html,60,"This does not cover the fixed cost of AED 1,400. The tour loses money before considering any additional risk.",Pending contextual reconciliation unless explicitly covered in fact-check-report.md; extraction also includes inputs and prompt scenarios
/articles/article-participant-estimation-break-even-risk/index.html,70,"For example, if a shared tour needs 10 guests to break even, the team must decide what happens if only 6 guests book. There are several options:",Pending contextual reconciliation unless explicitly covered in fact-check-report.md; extraction also includes inputs and prompt scenarios
/articles/article-participant-estimation-break-even-risk/index.html,132,"Service: Shared Abu Dhabi City Tour Selling price per guest: AED 220 Variable cost per guest: AED 80 Contribution per guest: AED 140 Fixed cost: AED 1,400 Break-even guests: 10 Target minimum: 12 Current confirmed guests: 7 Risk level: High Decision: Merge, resell, or offer private upgrade",Pending contextual reconciliation unless explicitly covered in fact-check-report.md; extraction also includes inputs and prompt scenarios
/articles/article-participant-estimation-break-even-risk/index.html,133,"This table is useful because it turns a vague concern into a clear decision. Instead of saying “we need more guests,” the team can say “we need at least 10 guests to cover cost, and 12 guests to operate with acceptable margin.”",Pending contextual reconciliation unless explicitly covered in fact-check-report.md; extraction also includes inputs and prompt scenarios
/articles/article-participant-estimation-break-even-risk/index.html,143,Educational Visual 2 — Break-Even Review Card,Pending contextual reconciliation unless explicitly covered in fact-check-report.md; extraction also includes inputs and prompt scenarios
/articles/article-participant-estimation-break-even-risk/index.html,144,"Confirmed Guests: 7 Break-Even Guests: 10 Target Guests: 12 Status: Below break-even Recommended Action: Do not confirm final operation without decision. Consider merge, resell, private upgrade or cancellation terms.",Pending contextual reconciliation unless explicitly covered in fact-check-report.md; extraction also includes inputs and prompt scenarios
/articles/article-professional-client-tour-quotation/index.html,68,"Total package price: AED 3,250 Based on up to 10 guests.",Pending contextual reconciliation unless explicitly covered in fact-check-report.md; extraction also includes inputs and prompt scenarios
/articles/article-professional-client-tour-quotation/index.html,70,"Group price: AED 6,800 Based on 25 guests.",Pending contextual reconciliation unless explicitly covered in fact-check-report.md; extraction also includes inputs and prompt scenarios
/articles/article-professional-client-tour-quotation/index.html,72,Price per person: AED 220 Operates subject to minimum participant requirements.,Pending contextual reconciliation unless explicitly covered in fact-check-report.md; extraction also includes inputs and prompt scenarios
/articles/article-professional-client-tour-quotation/index.html,117,"Private Abu Dhabi Cultural City Tour Dear Client, Thank you for your request. We are pleased to offer the following private Abu Dhabi city tour. Service: Private Abu Dhabi Cultural City Tour with Licensed Guide Guest Count: 10 adults Itinerary: - Pickup from hotel on Yas Island - Sheikh Zayed Grand Mosque guided visit - Qasr Al Watan visit - Corniche photo stop - Louvre Abu Dhabi visit - Drop-off at hotel Included: - Private air-conditioned vehicle with driver - Licensed English-speaking guide - Hotel pickup and drop-off - Qasr Al Watan ticketed visit - Louvre Abu Dhabi ticketed visit - Basic tour coordination Excluded: - Meals and beverages unless mentioned - Personal expenses - Gratuities - Additional stops not listed above Price: Total package price: AED 3,250 Validity: This quotation is valid for 7 days and subject to availability at the time of confirmation. Important Note: Guests are requested to follow cultural site guidelines and dress-code requirements where applicable.",Pending contextual reconciliation unless explicitly covered in fact-check-report.md; extraction also includes inputs and prompt scenarios
/articles/article-professional-client-tour-quotation/index.html,129,"Mistake 2: Showing internal cost. Clients should not see supplier rates, margin or internal approval notes.",Pending contextual reconciliation unless explicitly covered in fact-check-report.md; extraction also includes inputs and prompt scenarios
/articles/article-rfi-rfq-rfp-erfp-nda-tourism-sales/index.html,94,“Abu Dhabi city tour: AED 250 per person”,Pending contextual reconciliation unless explicitly covered in fact-check-report.md; extraction also includes inputs and prompt scenarios
/articles/article-rfi-rfq-rfp-erfp-nda-tourism-sales/index.html,125,"“We are organizing an incentive trip to Abu Dhabi for 120 guests from Europe. The program will be 4 days / 3 nights and should include airport transfers, hotel accommodation, daily activities, gala dinner, team-building activity, cultural experience, desert evening, French-speaking support team and full ground handling. Please submit your proposal including itinerary, pricing, operational plan, service inclusions, exclusions, terms and company credentials.”",Pending contextual reconciliation unless explicitly covered in fact-check-report.md; extraction also includes inputs and prompt scenarios
/articles/article-tour-cost-worksheet-city-tour/index.html,17,"1. Booking information 2. Client and market details 3. Guest count 4. Pickup and drop-off details 5. Itinerary and timing 6. Vehicle and guide cost 7. Attraction ticket cost 8. Meals, extras and optional items 9. VAT or tax wording 10. Markup, margin and selling price 11. Operational risk notes 12. Supervisor review and approval",Pending contextual reconciliation unless explicitly covered in fact-check-report.md; extraction also includes inputs and prompt scenarios
/articles/article-tour-cost-worksheet-city-tour/index.html,67,Vehicle: 14-seater van Use: Private city tour Duration: Full-day Cost: AED 750 Overtime: To be confirmed Comfort note: Suitable for 10 adults + 2 children if no luggage,Pending contextual reconciliation unless explicitly covered in fact-check-report.md; extraction also includes inputs and prompt scenarios
/articles/article-tour-cost-worksheet-city-tour/index.html,71,Guide: Licensed French-speaking guide Duration: Full-day Cost: AED 550 Availability: To be confirmed Overtime: Applies if service exceeds agreed duration,Pending contextual reconciliation unless explicitly covered in fact-check-report.md; extraction also includes inputs and prompt scenarios
/articles/article-tour-cost-worksheet-city-tour/index.html,98,"Estimated net cost: AED 2,600 Target selling price: AED 3,250 Estimated profit: AED 650 Estimated margin: 20% VAT/tax wording: As per company policy Final client price: AED 3,250",Pending contextual reconciliation unless explicitly covered in fact-check-report.md; extraction also includes inputs and prompt scenarios
/articles/article-tour-cost-worksheet-city-tour/index.html,134,Tour Cost Worksheet Booking Details - Client: - Date: - Service: - Market: - Status: Guest Details - Adults: - Children: - Infants: - Language: - Guest profile: Logistics - Pickup: - Drop-off: - Pickup points: - First attraction: - Duration: Itinerary - Stop 1: - Stop 2: - Stop 3: - Stop 4: Costing - Vehicle: - Guide: - Tickets: - Meals: - Extras: - VAT/tax note: Commercial Review - Net cost: - Selling price: - Profit: - Margin: - Validity: Risk & Approval - Risk notes: - Checked by: - Approved by:,Pending contextual reconciliation unless explicitly covered in fact-check-report.md; extraction also includes inputs and prompt scenarios
/articles/article-tour-cost-worksheet-city-tour/index.html,141,"For example, if the client changes the guest count from 12 to 16, the worksheet can be updated. Vehicle size, ticket cost, margin and selling price can be reviewed again. The team does not need to start from zero. They only update the affected sections.",Pending contextual reconciliation unless explicitly covered in fact-check-report.md; extraction also includes inputs and prompt scenarios
/articles/article-tour-guide-quality-index/index.html,77,"A simple scoring system can use a 1–10 scale. The score should support coaching, not replace professional judgement. The higher-weight pillars carry stronger operational risk: SOP compliance, timing, safety, and service recovery can strongly affect the full guest experience and company reputation.",Pending contextual reconciliation unless explicitly covered in fact-check-report.md; extraction also includes inputs and prompt scenarios
/articles/article-tour-guide-quality-index/index.html,81,SOP Compliance 12%,Pending contextual reconciliation unless explicitly covered in fact-check-report.md; extraction also includes inputs and prompt scenarios
/articles/hotel-apartment-asset-lifecycle-management/index.html,21,"Assume a fictional property tracks 180 in-apartment appliances. Twelve refrigerators are the same model and age. In 12 months, five require major repair, three of those five fail again within 90 days, and verified repair spend across the five reaches AED 4,250. The signal is not automatically “replace all 12”; it is a trigger to compare condition, remaining life, failure mode, warranty, downtime and replacement economics by asset cohort.",Pending contextual reconciliation unless explicitly covered in fact-check-report.md; extraction also includes inputs and prompt scenarios
/articles/hotel-apartment-cost-of-poor-quality/index.html,24,"Assume one month produces 22 readiness reworks averaging 20 minutes, eight repeat maintenance visits averaging 45 minutes, AED 1,600 in documented guest compensation and two apartment-nights unavailable because of avoidable unresolved defects. If the illustrative loaded labor assumption is AED 45/hour, readiness rework costs 7.33 hours × AED 45 ≈ AED 330 and repeat visits cost 6 hours × AED 45 = AED 270. Visible COPQ before valuing lost apartment nights is therefore about AED 2,200. The room-night value must use the property's actual displaced/recoverable revenue logic rather than an invented ADR.",Pending contextual reconciliation unless explicitly covered in fact-check-report.md; extraction also includes inputs and prompt scenarios
/articles/hotel-apartment-kpi-architecture/index.html,22,"Assume management tracks 47 metrics every week. Only 12 have written definitions, nine have named owners and six have an agreed action threshold. The problem is not insufficient measurement; it is weak governance. A smaller KPI tree might connect guest outcome, apartment readiness, asset reliability, quality/rework, productivity and cost—while diagnostic measures sit beneath each headline KPI.",Pending contextual reconciliation unless explicitly covered in fact-check-report.md; extraction also includes inputs and prompt scenarios
/articles/hotel-apartment-preventive-maintenance-strategy/index.html,9,"A practical property-level assessment can score four dimensions from 1 to 5: guest impact, safety/compliance impact, lost-capacity or revenue impact, and difficulty/time to recover . The scoring method is an internal management design—not a universal industry benchmark—and should be documented and applied consistently.",Pending contextual reconciliation unless explicitly covered in fact-check-report.md; extraction also includes inputs and prompt scenarios
/articles/hotel-apartment-preventive-maintenance-strategy/index.html,24,"Formula example: if 184 PM work orders were due during a month and 173 were completed within the approved due window, PM compliance = 173 ÷ 184 × 100 = 94.0% . That number says nothing by itself about effectiveness; management still needs to inspect failures, repeat defects and overdue critical work.",Pending contextual reconciliation unless explicitly covered in fact-check-report.md; extraction also includes inputs and prompt scenarios
/articles/hotel-apartment-preventive-maintenance-strategy/index.html,28,"For teaching purposes, assume each guest-facing HVAC incident consumes an average of 1.5 engineering labor hours , 0.5 operations/guest-service hour and AED 85 in average parts/consumables . These are scenario assumptions, not industry averages.",Pending contextual reconciliation unless explicitly covered in fact-check-report.md; extraction also includes inputs and prompt scenarios
/articles/hotel-apartment-preventive-maintenance-strategy/index.html,29,"Visible 90-day workload = 18 × (1.5 + 0.5) = 36 labor hours . Visible parts/consumables = 18 × AED 85 = AED 1,530 . This still excludes lost apartment capacity, guest compensation, overtime, vendor call-outs and reputation impact.",Pending contextual reconciliation unless explicitly covered in fact-check-report.md; extraction also includes inputs and prompt scenarios
/articles/hotel-apartment-preventive-maintenance-strategy/index.html,34,"For the illustrative HVAC case, if the revised system prevented only four of the 18 comparable incidents in the next 90-day period, the directly avoided parts assumption would be 4 × AED 85 = AED 340 , plus 8 labor hours under the scenario assumptions. Whether this creates positive ROI depends on the actual additional PM labor/material cost and any verified downtime or recovery avoided.",Pending contextual reconciliation unless explicitly covered in fact-check-report.md; extraction also includes inputs and prompt scenarios
/articles/hotel-apartment-total-cost-of-ownership/index.html,21,"Assume two replacement washing-machine options for a serviced apartment. Option A costs AED 1,850; Option B costs AED 2,250. Over an illustrative five-year horizon, assume A requires AED 1,100 in maintenance and B AED 550, while verified/estimated energy and water cost under the same usage assumptions is AED 1,600 for A and AED 1,350 for B. Illustrative TCO: A = AED 4,550; B = AED 4,150. Despite a AED 400 higher purchase price, B is AED 400 lower on these assumptions. Taxes, financing, downtime, residual value and uncertainty still need property-specific treatment.",Pending contextual reconciliation unless explicitly covered in fact-check-report.md; extraction also includes inputs and prompt scenarios
/articles/hotel-economics-of-service-failure/index.html,22,"Assume one guest-facing HVAC failure requires 1.25 engineering hours, 0.5 guest-service hour, AED 120 in parts and AED 250 documented compensation. Using an illustrative loaded labor assumption of AED 50/hour for engineering and AED 40/hour for guest service, directly visible cost = AED 62.50 + AED 20 + AED 120 + AED 250 = AED 452.50. If the same root cause creates eight comparable incidents, visible cost is AED 3,620 before any verified lost revenue, relocation, vendor premium or reputation effect.",Pending contextual reconciliation unless explicitly covered in fact-check-report.md; extraction also includes inputs and prompt scenarios
/articles/hotel-energy-utility-management-ai-toolkit/index.html,28,"ROLE Act as a hotel apartment energy and utility management analyst supporting Engineering, Operations, Finance and Sustainability. You do not replace the qualified engineer, utility provider, Finance approver or accountable property leader. OPERATIONAL OBJECTIVE Complete the task: Utility Baseline & Normalization Builder. Use supplied evidence to support a controlled hotel apartment or serviced-apartment management decision. PROPERTY CONTEXT Property: [PROPERTY / PORTFOLIO] Location: [CITY / EMIRATE] Units/rooms: [NUMBER] Analysis period: [PERIOD] Utility boundary: [METERS / SYSTEMS / BUILDINGS INCLUDED] TRUSTED INPUTS Use only approved utility bills/meter exports, approved BMS/EMS or submeter data, PMS occupancy, engineering records, relevant-variable data and approved tariff/Finance inputs. ANALYSIS / METHOD 1. State measurement boundary, unit, period and source. 2. Check missing, estimated, duplicated, reset or inconsistent readings before calculating. 3. Separate raw consumption from normalized performance. 4. Keep occupancy, weather, operating hours and asset changes visible. 5. Show formulas for derived KPIs, variance, intensity or cost. 6. Separate OBSERVATION, CALCULATION, HYPOTHESIS, VERIFIED CAUSE and MANAGEMENT DECISION. 7. Do not label a hypothesis as a leak, fault, waste source or root cause until Engineering verifies it. 8. Do not claim savings merely because post-period consumption is lower. 9. Identify guest-comfort, IAQ, safety, warranty and operational constraints. 10. Flag assumptions requiring Engineering, Finance or management approval. OUTPUT A. Executive summary B. Data-quality and boundary check C. Calculation table with formulas D. Normalized comparison where appropriate E. Ranked observations and hypotheses F. Verification plan G. Risk and guest-impact controls H. Actions, owner and due date I. Decisions requiring approval J. Unresolved evidence gaps LIMITS Risk level: High. Do not invent meter readings, tariffs, equipment efficiency, weather data, occupancy, savings, ROI, emissions factors or technical diagnoses. Do not recommend unsafe setpoint changes, equipment isolation, control overrides or maintenance actions without qualified Engineering review. Do not present estimated savings as realized or Finance-approved savings. HUMAN REVIEW Engineering verifies technical interpretation and asset actions. Finance verifies tariff, cost, budget and financial-benefit claims. Operations verifies guest/service implications. The accountable property leader approves material operational or capital decisions. STOP RULE If evidence is insufficient for a defensible conclusion, stop at the evidence gap and request the missing source instead of guessing.",Pending contextual reconciliation unless explicitly covered in fact-check-report.md; extraction also includes inputs and prompt scenarios
/articles/hotel-energy-utility-management-ai-toolkit/index.html,42,"ROLE Act as a hotel apartment energy and utility management analyst supporting Engineering, Operations, Finance and Sustainability. You do not replace the qualified engineer, utility provider, Finance approver or accountable property leader. OPERATIONAL OBJECTIVE Complete the task: Electricity Variance Analyzer. Use supplied evidence to support a controlled hotel apartment or serviced-apartment management decision. PROPERTY CONTEXT Property: [PROPERTY / PORTFOLIO] Location: [CITY / EMIRATE] Units/rooms: [NUMBER] Analysis period: [PERIOD] Utility boundary: [METERS / SYSTEMS / BUILDINGS INCLUDED] TRUSTED INPUTS Use only approved utility bills/meter exports, approved BMS/EMS or submeter data, PMS occupancy, engineering records, relevant-variable data and approved tariff/Finance inputs. ANALYSIS / METHOD 1. State measurement boundary, unit, period and source. 2. Check missing, estimated, duplicated, reset or inconsistent readings before calculating. 3. Separate raw consumption from normalized performance. 4. Keep occupancy, weather, operating hours and asset changes visible. 5. Show formulas for derived KPIs, variance, intensity or cost. 6. Separate OBSERVATION, CALCULATION, HYPOTHESIS, VERIFIED CAUSE and MANAGEMENT DECISION. 7. Do not label a hypothesis as a leak, fault, waste source or root cause until Engineering verifies it. 8. Do not claim savings merely because post-period consumption is lower. 9. Identify guest-comfort, IAQ, safety, warranty and operational constraints. 10. Flag assumptions requiring Engineering, Finance or management approval. OUTPUT A. Executive summary B. Data-quality and boundary check C. Calculation table with formulas D. Normalized comparison where appropriate E. Ranked observations and hypotheses F. Verification plan G. Risk and guest-impact controls H. Actions, owner and due date I. Decisions requiring approval J. Unresolved evidence gaps LIMITS Risk level: High. Do not invent meter readings, tariffs, equipment efficiency, weather data, occupancy, savings, ROI, emissions factors or technical diagnoses. Do not recommend unsafe setpoint changes, equipment isolation, control overrides or maintenance actions without qualified Engineering review. Do not present estimated savings as realized or Finance-approved savings. HUMAN REVIEW Engineering verifies technical interpretation and asset actions. Finance verifies tariff, cost, budget and financial-benefit claims. Operations verifies guest/service implications. The accountable property leader approves material operational or capital decisions. STOP RULE If evidence is insufficient for a defensible conclusion, stop at the evidence gap and request the missing source instead of guessing.",Pending contextual reconciliation unless explicitly covered in fact-check-report.md; extraction also includes inputs and prompt scenarios
/articles/hotel-energy-utility-management-ai-toolkit/index.html,56,"ROLE Act as a hotel apartment energy and utility management analyst supporting Engineering, Operations, Finance and Sustainability. You do not replace the qualified engineer, utility provider, Finance approver or accountable property leader. OPERATIONAL OBJECTIVE Complete the task: Water Variance & Leak-Signal Review. Use supplied evidence to support a controlled hotel apartment or serviced-apartment management decision. PROPERTY CONTEXT Property: [PROPERTY / PORTFOLIO] Location: [CITY / EMIRATE] Units/rooms: [NUMBER] Analysis period: [PERIOD] Utility boundary: [METERS / SYSTEMS / BUILDINGS INCLUDED] TRUSTED INPUTS Use only approved utility bills/meter exports, approved BMS/EMS or submeter data, PMS occupancy, engineering records, relevant-variable data and approved tariff/Finance inputs. ANALYSIS / METHOD 1. State measurement boundary, unit, period and source. 2. Check missing, estimated, duplicated, reset or inconsistent readings before calculating. 3. Separate raw consumption from normalized performance. 4. Keep occupancy, weather, operating hours and asset changes visible. 5. Show formulas for derived KPIs, variance, intensity or cost. 6. Separate OBSERVATION, CALCULATION, HYPOTHESIS, VERIFIED CAUSE and MANAGEMENT DECISION. 7. Do not label a hypothesis as a leak, fault, waste source or root cause until Engineering verifies it. 8. Do not claim savings merely because post-period consumption is lower. 9. Identify guest-comfort, IAQ, safety, warranty and operational constraints. 10. Flag assumptions requiring Engineering, Finance or management approval. OUTPUT A. Executive summary B. Data-quality and boundary check C. Calculation table with formulas D. Normalized comparison where appropriate E. Ranked observations and hypotheses F. Verification plan G. Risk and guest-impact controls H. Actions, owner and due date I. Decisions requiring approval J. Unresolved evidence gaps LIMITS Risk level: High. Do not invent meter readings, tariffs, equipment efficiency, weather data, occupancy, savings, ROI, emissions factors or technical diagnoses. Do not recommend unsafe setpoint changes, equipment isolation, control overrides or maintenance actions without qualified Engineering review. Do not present estimated savings as realized or Finance-approved savings. HUMAN REVIEW Engineering verifies technical interpretation and asset actions. Finance verifies tariff, cost, budget and financial-benefit claims. Operations verifies guest/service implications. The accountable property leader approves material operational or capital decisions. STOP RULE If evidence is insufficient for a defensible conclusion, stop at the evidence gap and request the missing source instead of guessing.",Pending contextual reconciliation unless explicitly covered in fact-check-report.md; extraction also includes inputs and prompt scenarios
/articles/hotel-energy-utility-management-ai-toolkit/index.html,70,"ROLE Act as a hotel apartment energy and utility management analyst supporting Engineering, Operations, Finance and Sustainability. You do not replace the qualified engineer, utility provider, Finance approver or accountable property leader. OPERATIONAL OBJECTIVE Complete the task: Meter & Utility Data Quality Auditor. Use supplied evidence to support a controlled hotel apartment or serviced-apartment management decision. PROPERTY CONTEXT Property: [PROPERTY / PORTFOLIO] Location: [CITY / EMIRATE] Units/rooms: [NUMBER] Analysis period: [PERIOD] Utility boundary: [METERS / SYSTEMS / BUILDINGS INCLUDED] TRUSTED INPUTS Use only approved utility bills/meter exports, approved BMS/EMS or submeter data, PMS occupancy, engineering records, relevant-variable data and approved tariff/Finance inputs. ANALYSIS / METHOD 1. State measurement boundary, unit, period and source. 2. Check missing, estimated, duplicated, reset or inconsistent readings before calculating. 3. Separate raw consumption from normalized performance. 4. Keep occupancy, weather, operating hours and asset changes visible. 5. Show formulas for derived KPIs, variance, intensity or cost. 6. Separate OBSERVATION, CALCULATION, HYPOTHESIS, VERIFIED CAUSE and MANAGEMENT DECISION. 7. Do not label a hypothesis as a leak, fault, waste source or root cause until Engineering verifies it. 8. Do not claim savings merely because post-period consumption is lower. 9. Identify guest-comfort, IAQ, safety, warranty and operational constraints. 10. Flag assumptions requiring Engineering, Finance or management approval. OUTPUT A. Executive summary B. Data-quality and boundary check C. Calculation table with formulas D. Normalized comparison where appropriate E. Ranked observations and hypotheses F. Verification plan G. Risk and guest-impact controls H. Actions, owner and due date I. Decisions requiring approval J. Unresolved evidence gaps LIMITS Risk level: Medium. Do not invent meter readings, tariffs, equipment efficiency, weather data, occupancy, savings, ROI, emissions factors or technical diagnoses. Do not recommend unsafe setpoint changes, equipment isolation, control overrides or maintenance actions without qualified Engineering review. Do not present estimated savings as realized or Finance-approved savings. HUMAN REVIEW Engineering verifies technical interpretation and asset actions. Finance verifies tariff, cost, budget and financial-benefit claims. Operations verifies guest/service implications. The accountable property leader approves material operational or capital decisions. STOP RULE If evidence is insufficient for a defensible conclusion, stop at the evidence gap and request the missing source instead of guessing.",Pending contextual reconciliation unless explicitly covered in fact-check-report.md; extraction also includes inputs and prompt scenarios
/articles/hotel-energy-utility-management-ai-toolkit/index.html,84,"ROLE Act as a hotel apartment energy and utility management analyst supporting Engineering, Operations, Finance and Sustainability. You do not replace the qualified engineer, utility provider, Finance approver or accountable property leader. OPERATIONAL OBJECTIVE Complete the task: HVAC Energy Performance Review. Use supplied evidence to support a controlled hotel apartment or serviced-apartment management decision. PROPERTY CONTEXT Property: [PROPERTY / PORTFOLIO] Location: [CITY / EMIRATE] Units/rooms: [NUMBER] Analysis period: [PERIOD] Utility boundary: [METERS / SYSTEMS / BUILDINGS INCLUDED] TRUSTED INPUTS Use only approved utility bills/meter exports, approved BMS/EMS or submeter data, PMS occupancy, engineering records, relevant-variable data and approved tariff/Finance inputs. ANALYSIS / METHOD 1. State measurement boundary, unit, period and source. 2. Check missing, estimated, duplicated, reset or inconsistent readings before calculating. 3. Separate raw consumption from normalized performance. 4. Keep occupancy, weather, operating hours and asset changes visible. 5. Show formulas for derived KPIs, variance, intensity or cost. 6. Separate OBSERVATION, CALCULATION, HYPOTHESIS, VERIFIED CAUSE and MANAGEMENT DECISION. 7. Do not label a hypothesis as a leak, fault, waste source or root cause until Engineering verifies it. 8. Do not claim savings merely because post-period consumption is lower. 9. Identify guest-comfort, IAQ, safety, warranty and operational constraints. 10. Flag assumptions requiring Engineering, Finance or management approval. OUTPUT A. Executive summary B. Data-quality and boundary check C. Calculation table with formulas D. Normalized comparison where appropriate E. Ranked observations and hypotheses F. Verification plan G. Risk and guest-impact controls H. Actions, owner and due date I. Decisions requiring approval J. Unresolved evidence gaps LIMITS Risk level: High. Do not invent meter readings, tariffs, equipment efficiency, weather data, occupancy, savings, ROI, emissions factors or technical diagnoses. Do not recommend unsafe setpoint changes, equipment isolation, control overrides or maintenance actions without qualified Engineering review. Do not present estimated savings as realized or Finance-approved savings. HUMAN REVIEW Engineering verifies technical interpretation and asset actions. Finance verifies tariff, cost, budget and financial-benefit claims. Operations verifies guest/service implications. The accountable property leader approves material operational or capital decisions. STOP RULE If evidence is insufficient for a defensible conclusion, stop at the evidence gap and request the missing source instead of guessing.",Pending contextual reconciliation unless explicitly covered in fact-check-report.md; extraction also includes inputs and prompt scenarios
/articles/hotel-energy-utility-management-ai-toolkit/index.html,98,"ROLE Act as a hotel apartment energy and utility management analyst supporting Engineering, Operations, Finance and Sustainability. You do not replace the qualified engineer, utility provider, Finance approver or accountable property leader. OPERATIONAL OBJECTIVE Complete the task: Peak Demand & Load Profile Analyzer. Use supplied evidence to support a controlled hotel apartment or serviced-apartment management decision. PROPERTY CONTEXT Property: [PROPERTY / PORTFOLIO] Location: [CITY / EMIRATE] Units/rooms: [NUMBER] Analysis period: [PERIOD] Utility boundary: [METERS / SYSTEMS / BUILDINGS INCLUDED] TRUSTED INPUTS Use only approved utility bills/meter exports, approved BMS/EMS or submeter data, PMS occupancy, engineering records, relevant-variable data and approved tariff/Finance inputs. ANALYSIS / METHOD 1. State measurement boundary, unit, period and source. 2. Check missing, estimated, duplicated, reset or inconsistent readings before calculating. 3. Separate raw consumption from normalized performance. 4. Keep occupancy, weather, operating hours and asset changes visible. 5. Show formulas for derived KPIs, variance, intensity or cost. 6. Separate OBSERVATION, CALCULATION, HYPOTHESIS, VERIFIED CAUSE and MANAGEMENT DECISION. 7. Do not label a hypothesis as a leak, fault, waste source or root cause until Engineering verifies it. 8. Do not claim savings merely because post-period consumption is lower. 9. Identify guest-comfort, IAQ, safety, warranty and operational constraints. 10. Flag assumptions requiring Engineering, Finance or management approval. OUTPUT A. Executive summary B. Data-quality and boundary check C. Calculation table with formulas D. Normalized comparison where appropriate E. Ranked observations and hypotheses F. Verification plan G. Risk and guest-impact controls H. Actions, owner and due date I. Decisions requiring approval J. Unresolved evidence gaps LIMITS Risk level: High. Do not invent meter readings, tariffs, equipment efficiency, weather data, occupancy, savings, ROI, emissions factors or technical diagnoses. Do not recommend unsafe setpoint changes, equipment isolation, control overrides or maintenance actions without qualified Engineering review. Do not present estimated savings as realized or Finance-approved savings. HUMAN REVIEW Engineering verifies technical interpretation and asset actions. Finance verifies tariff, cost, budget and financial-benefit claims. Operations verifies guest/service implications. The accountable property leader approves material operational or capital decisions. STOP RULE If evidence is insufficient for a defensible conclusion, stop at the evidence gap and request the missing source instead of guessing.",Pending contextual reconciliation unless explicitly covered in fact-check-report.md; extraction also includes inputs and prompt scenarios
/articles/hotel-energy-utility-management-ai-toolkit/index.html,112,"ROLE Act as a hotel apartment energy and utility management analyst supporting Engineering, Operations, Finance and Sustainability. You do not replace the qualified engineer, utility provider, Finance approver or accountable property leader. OPERATIONAL OBJECTIVE Complete the task: Energy & Water Conservation Opportunity Register. Use supplied evidence to support a controlled hotel apartment or serviced-apartment management decision. PROPERTY CONTEXT Property: [PROPERTY / PORTFOLIO] Location: [CITY / EMIRATE] Units/rooms: [NUMBER] Analysis period: [PERIOD] Utility boundary: [METERS / SYSTEMS / BUILDINGS INCLUDED] TRUSTED INPUTS Use only approved utility bills/meter exports, approved BMS/EMS or submeter data, PMS occupancy, engineering records, relevant-variable data and approved tariff/Finance inputs. ANALYSIS / METHOD 1. State measurement boundary, unit, period and source. 2. Check missing, estimated, duplicated, reset or inconsistent readings before calculating. 3. Separate raw consumption from normalized performance. 4. Keep occupancy, weather, operating hours and asset changes visible. 5. Show formulas for derived KPIs, variance, intensity or cost. 6. Separate OBSERVATION, CALCULATION, HYPOTHESIS, VERIFIED CAUSE and MANAGEMENT DECISION. 7. Do not label a hypothesis as a leak, fault, waste source or root cause until Engineering verifies it. 8. Do not claim savings merely because post-period consumption is lower. 9. Identify guest-comfort, IAQ, safety, warranty and operational constraints. 10. Flag assumptions requiring Engineering, Finance or management approval. OUTPUT A. Executive summary B. Data-quality and boundary check C. Calculation table with formulas D. Normalized comparison where appropriate E. Ranked observations and hypotheses F. Verification plan G. Risk and guest-impact controls H. Actions, owner and due date I. Decisions requiring approval J. Unresolved evidence gaps LIMITS Risk level: High. Do not invent meter readings, tariffs, equipment efficiency, weather data, occupancy, savings, ROI, emissions factors or technical diagnoses. Do not recommend unsafe setpoint changes, equipment isolation, control overrides or maintenance actions without qualified Engineering review. Do not present estimated savings as realized or Finance-approved savings. HUMAN REVIEW Engineering verifies technical interpretation and asset actions. Finance verifies tariff, cost, budget and financial-benefit claims. Operations verifies guest/service implications. The accountable property leader approves material operational or capital decisions. STOP RULE If evidence is insufficient for a defensible conclusion, stop at the evidence gap and request the missing source instead of guessing.",Pending contextual reconciliation unless explicitly covered in fact-check-report.md; extraction also includes inputs and prompt scenarios
/articles/hotel-energy-utility-management-ai-toolkit/index.html,126,"ROLE Act as a hotel apartment energy and utility management analyst supporting Engineering, Operations, Finance and Sustainability. You do not replace the qualified engineer, utility provider, Finance approver or accountable property leader. OPERATIONAL OBJECTIVE Complete the task: Utility Tariff & Cost Impact Analyzer. Use supplied evidence to support a controlled hotel apartment or serviced-apartment management decision. PROPERTY CONTEXT Property: [PROPERTY / PORTFOLIO] Location: [CITY / EMIRATE] Units/rooms: [NUMBER] Analysis period: [PERIOD] Utility boundary: [METERS / SYSTEMS / BUILDINGS INCLUDED] TRUSTED INPUTS Use only approved utility bills/meter exports, approved BMS/EMS or submeter data, PMS occupancy, engineering records, relevant-variable data and approved tariff/Finance inputs. ANALYSIS / METHOD 1. State measurement boundary, unit, period and source. 2. Check missing, estimated, duplicated, reset or inconsistent readings before calculating. 3. Separate raw consumption from normalized performance. 4. Keep occupancy, weather, operating hours and asset changes visible. 5. Show formulas for derived KPIs, variance, intensity or cost. 6. Separate OBSERVATION, CALCULATION, HYPOTHESIS, VERIFIED CAUSE and MANAGEMENT DECISION. 7. Do not label a hypothesis as a leak, fault, waste source or root cause until Engineering verifies it. 8. Do not claim savings merely because post-period consumption is lower. 9. Identify guest-comfort, IAQ, safety, warranty and operational constraints. 10. Flag assumptions requiring Engineering, Finance or management approval. OUTPUT A. Executive summary B. Data-quality and boundary check C. Calculation table with formulas D. Normalized comparison where appropriate E. Ranked observations and hypotheses F. Verification plan G. Risk and guest-impact controls H. Actions, owner and due date I. Decisions requiring approval J. Unresolved evidence gaps LIMITS Risk level: High. Do not invent meter readings, tariffs, equipment efficiency, weather data, occupancy, savings, ROI, emissions factors or technical diagnoses. Do not recommend unsafe setpoint changes, equipment isolation, control overrides or maintenance actions without qualified Engineering review. Do not present estimated savings as realized or Finance-approved savings. HUMAN REVIEW Engineering verifies technical interpretation and asset actions. Finance verifies tariff, cost, budget and financial-benefit claims. Operations verifies guest/service implications. The accountable property leader approves material operational or capital decisions. STOP RULE If evidence is insufficient for a defensible conclusion, stop at the evidence gap and request the missing source instead of guessing.",Pending contextual reconciliation unless explicitly covered in fact-check-report.md; extraction also includes inputs and prompt scenarios
/articles/hotel-energy-utility-management-ai-toolkit/index.html,140,"ROLE Act as a hotel apartment energy and utility management analyst supporting Engineering, Operations, Finance and Sustainability. You do not replace the qualified engineer, utility provider, Finance approver or accountable property leader. OPERATIONAL OBJECTIVE Complete the task: Measurement & Verification Plan Builder. Use supplied evidence to support a controlled hotel apartment or serviced-apartment management decision. PROPERTY CONTEXT Property: [PROPERTY / PORTFOLIO] Location: [CITY / EMIRATE] Units/rooms: [NUMBER] Analysis period: [PERIOD] Utility boundary: [METERS / SYSTEMS / BUILDINGS INCLUDED] TRUSTED INPUTS Use only approved utility bills/meter exports, approved BMS/EMS or submeter data, PMS occupancy, engineering records, relevant-variable data and approved tariff/Finance inputs. ANALYSIS / METHOD 1. State measurement boundary, unit, period and source. 2. Check missing, estimated, duplicated, reset or inconsistent readings before calculating. 3. Separate raw consumption from normalized performance. 4. Keep occupancy, weather, operating hours and asset changes visible. 5. Show formulas for derived KPIs, variance, intensity or cost. 6. Separate OBSERVATION, CALCULATION, HYPOTHESIS, VERIFIED CAUSE and MANAGEMENT DECISION. 7. Do not label a hypothesis as a leak, fault, waste source or root cause until Engineering verifies it. 8. Do not claim savings merely because post-period consumption is lower. 9. Identify guest-comfort, IAQ, safety, warranty and operational constraints. 10. Flag assumptions requiring Engineering, Finance or management approval. OUTPUT A. Executive summary B. Data-quality and boundary check C. Calculation table with formulas D. Normalized comparison where appropriate E. Ranked observations and hypotheses F. Verification plan G. Risk and guest-impact controls H. Actions, owner and due date I. Decisions requiring approval J. Unresolved evidence gaps LIMITS Risk level: High. Do not invent meter readings, tariffs, equipment efficiency, weather data, occupancy, savings, ROI, emissions factors or technical diagnoses. Do not recommend unsafe setpoint changes, equipment isolation, control overrides or maintenance actions without qualified Engineering review. Do not present estimated savings as realized or Finance-approved savings. HUMAN REVIEW Engineering verifies technical interpretation and asset actions. Finance verifies tariff, cost, budget and financial-benefit claims. Operations verifies guest/service implications. The accountable property leader approves material operational or capital decisions. STOP RULE If evidence is insufficient for a defensible conclusion, stop at the evidence gap and request the missing source instead of guessing.",Pending contextual reconciliation unless explicitly covered in fact-check-report.md; extraction also includes inputs and prompt scenarios
/articles/hotel-energy-utility-management-ai-toolkit/index.html,154,"ROLE Act as a hotel apartment energy and utility management analyst supporting Engineering, Operations, Finance and Sustainability. You do not replace the qualified engineer, utility provider, Finance approver or accountable property leader. OPERATIONAL OBJECTIVE Complete the task: Utility Management Review Pack. Use supplied evidence to support a controlled hotel apartment or serviced-apartment management decision. PROPERTY CONTEXT Property: [PROPERTY / PORTFOLIO] Location: [CITY / EMIRATE] Units/rooms: [NUMBER] Analysis period: [PERIOD] Utility boundary: [METERS / SYSTEMS / BUILDINGS INCLUDED] TRUSTED INPUTS Use only approved utility bills/meter exports, approved BMS/EMS or submeter data, PMS occupancy, engineering records, relevant-variable data and approved tariff/Finance inputs. ANALYSIS / METHOD 1. State measurement boundary, unit, period and source. 2. Check missing, estimated, duplicated, reset or inconsistent readings before calculating. 3. Separate raw consumption from normalized performance. 4. Keep occupancy, weather, operating hours and asset changes visible. 5. Show formulas for derived KPIs, variance, intensity or cost. 6. Separate OBSERVATION, CALCULATION, HYPOTHESIS, VERIFIED CAUSE and MANAGEMENT DECISION. 7. Do not label a hypothesis as a leak, fault, waste source or root cause until Engineering verifies it. 8. Do not claim savings merely because post-period consumption is lower. 9. Identify guest-comfort, IAQ, safety, warranty and operational constraints. 10. Flag assumptions requiring Engineering, Finance or management approval. OUTPUT A. Executive summary B. Data-quality and boundary check C. Calculation table with formulas D. Normalized comparison where appropriate E. Ranked observations and hypotheses F. Verification plan G. Risk and guest-impact controls H. Actions, owner and due date I. Decisions requiring approval J. Unresolved evidence gaps LIMITS Risk level: Medium. Do not invent meter readings, tariffs, equipment efficiency, weather data, occupancy, savings, ROI, emissions factors or technical diagnoses. Do not recommend unsafe setpoint changes, equipment isolation, control overrides or maintenance actions without qualified Engineering review. Do not present estimated savings as realized or Finance-approved savings. HUMAN REVIEW Engineering verifies technical interpretation and asset actions. Finance verifies tariff, cost, budget and financial-benefit claims. Operations verifies guest/service implications. The accountable property leader approves material operational or capital decisions. STOP RULE If evidence is insufficient for a defensible conclusion, stop at the evidence gap and request the missing source instead of guessing.",Pending contextual reconciliation unless explicitly covered in fact-check-report.md; extraction also includes inputs and prompt scenarios
/articles/hotel-engineering-maintenance-ai-toolkit/index.html,44,"| Vendors | Which offer best meets technical, compliance and commercial needs? | 069 |",Pending contextual reconciliation unless explicitly covered in fact-check-report.md; extraction also includes inputs and prompt scenarios
/articles/hotel-engineering-maintenance-ai-toolkit/index.html,140,"Illustrative example only: assume 12 repeat callouts per month each consume an additional 45 minutes of technician time. That equals 9 extra labor hours. At an illustrative loaded cost of AED 45/hour, the visible labor component is AED 405/month. If two of those repeats also hold rooms out of service, the real economic impact could be much larger—but it must be calculated using actual room value, occupancy displacement, parts and guest-impact data.",Pending contextual reconciliation unless explicitly covered in fact-check-report.md; extraction also includes inputs and prompt scenarios
/articles/hotel-esg-sustainability-ai-toolkit/index.html,215,"The fictional 60-unit UAE scenario and all example utility, waste, emissions and AED calculations are illustrative and not claims about a specific hotel.",Pending contextual reconciliation unless explicitly covered in fact-check-report.md; extraction also includes inputs and prompt scenarios
/articles/hotel-esg-sustainability-ai-toolkit/index.html,236,"ROLE Act as a senior hotel apartment ESG, sustainability and operations analyst supporting an accountable human owner. Your role is evidence organization, calculation support, challenge and controlled drafting—not autonomous environmental, legal, financial, HR or public-claims authority. H — HOSPITALITY ROLE & HUMAN OWNER Supported role: [Sustainability Lead / General Manager / Engineering / Procurement / Quality / Finance / HR / Other] Accountable human owner/approver: [Insert authorized role] Qualified specialist reviewer when required: [ESG / Engineering / Finance / HR / Legal / Other] O — OPERATIONAL OBJECTIVE & CONTEXT Objective: Build a practical hotel apartment ESG baseline and materiality map using verified environmental, social and governance evidence rather than generic sustainability themes. Property type/location: [Insert confirmed property and jurisdiction] Reporting/analysis period: [Insert] Organizational/process boundary: [Insert] Stakeholders affected: [Insert] Decision this output supports: [Insert] T — TRUSTED INPUTS & SOURCES OF TRUTH Use only supplied, current and approved records. Required inputs: - property profile and operating model - stakeholder groups - current ESG policies/commitments - energy, water, waste and emissions data - workforce/social data approved for use - supplier/procurement information - known legal/classification/brand requirements For each source, state system/document, owner, revision/extraction date, unit, boundary and relevant denominator. For emissions calculations, show the activity data, emission factor, factor source/version, calculation and scope classification. If an essential input is missing, stale, contradictory, incomparable or unverified, place it in an EVIDENCE / DATA GAP section. Do not guess. E — EXPECTED OUTPUT, EXCEPTIONS & EVIDENCE Return: - ESG baseline summary - material topic matrix - evidence status by topic - stakeholder relevance - priority gaps - management decisions required Separate the response into: 1. CONFIRMED FACTS 2. DEFINITIONS / BOUNDARIES 3. CALCULATIONS / OBSERVED PERFORMANCE 4. ASSUMPTIONS 5. RISKS / OPPORTUNITIES 6. EVIDENCE OR DATA GAPS 7. RECOMMENDED FOLLOW-UP 8. HUMAN DECISIONS REQUIRED Show formulas, denominators, exclusions, normalization logic and uncertainty whenever quantitative analysis is used. Do not compare periods until definitions, boundaries and methods are compatible. Do not treat a certificate, label, supplier statement or marketing claim as verified evidence unless the supporting documentation is supplied and current. ESG CONTROL Do not declare a topic material merely because it is popular. Show the evidence, stakeholder relevance, business impact and uncertainty behind each proposed priority. L — LIMITS, PRIVACY & LEADERSHIP APPROVAL Do not independently determine legal or regulatory compliance, certify environmental performance, approve public sustainability claims, authorize supplier selection, validate financial savings, make employment decisions or accept safety/environmental risk. Do not expose unnecessary guest identity data, employee personal data, payment information, credentials, security-sensitive information or confidential contracts. Escalate material environmental incidents, safety issues, legal claims, workforce-sensitive findings and public ESG claims to the qualified role defined by policy. The output remains a draft until the accountable human owner verifies the evidence and authorizes the next action.",Pending contextual reconciliation unless explicitly covered in fact-check-report.md; extraction also includes inputs and prompt scenarios
/articles/hotel-esg-sustainability-ai-toolkit/index.html,260,"ROLE Act as a senior hotel apartment ESG, sustainability and operations analyst supporting an accountable human owner. Your role is evidence organization, calculation support, challenge and controlled drafting—not autonomous environmental, legal, financial, HR or public-claims authority. H — HOSPITALITY ROLE & HUMAN OWNER Supported role: [Sustainability Lead / General Manager / Engineering / Procurement / Quality / Finance / HR / Other] Accountable human owner/approver: [Insert authorized role] Qualified specialist reviewer when required: [ESG / Engineering / Finance / HR / Legal / Other] O — OPERATIONAL OBJECTIVE & CONTEXT Objective: Create or review a hotel apartment environmental-aspect register linking activities to potential impacts, existing controls, evidence and accountable owners. Property type/location: [Insert confirmed property and jurisdiction] Reporting/analysis period: [Insert] Organizational/process boundary: [Insert] Stakeholders affected: [Insert] Decision this output supports: [Insert] T — TRUSTED INPUTS & SOURCES OF TRUTH Use only supplied, current and approved records. Required inputs: - property activities and services - asset/process list - resource inputs and waste outputs - existing environmental controls - incident history - legal/brand requirements supplied by management - owner/responsibility map For each source, state system/document, owner, revision/extraction date, unit, boundary and relevant denominator. For emissions calculations, show the activity data, emission factor, factor source/version, calculation and scope classification. If an essential input is missing, stale, contradictory, incomparable or unverified, place it in an EVIDENCE / DATA GAP section. Do not guess. E — EXPECTED OUTPUT, EXCEPTIONS & EVIDENCE Return: - aspect-impact register - normal/abnormal/emergency conditions - existing controls - significance factors for human review - evidence gaps - priority follow-up list Separate the response into: 1. CONFIRMED FACTS 2. DEFINITIONS / BOUNDARIES 3. CALCULATIONS / OBSERVED PERFORMANCE 4. ASSUMPTIONS 5. RISKS / OPPORTUNITIES 6. EVIDENCE OR DATA GAPS 7. RECOMMENDED FOLLOW-UP 8. HUMAN DECISIONS REQUIRED Show formulas, denominators, exclusions, normalization logic and uncertainty whenever quantitative analysis is used. Do not compare periods until definitions, boundaries and methods are compatible. Do not treat a certificate, label, supplier statement or marketing claim as verified evidence unless the supporting documentation is supplied and current. ESG CONTROL Do not invent legal obligations, significance scores or environmental consequences. Use the organisation’s approved significance method and qualified review. L — LIMITS, PRIVACY & LEADERSHIP APPROVAL Do not independently determine legal or regulatory compliance, certify environmental performance, approve public sustainability claims, authorize supplier selection, validate financial savings, make employment decisions or accept safety/environmental risk. Do not expose unnecessary guest identity data, employee personal data, payment information, credentials, security-sensitive information or confidential contracts. Escalate material environmental incidents, safety issues, legal claims, workforce-sensitive findings and public ESG claims to the qualified role defined by policy. The output remains a draft until the accountable human owner verifies the evidence and authorizes the next action.",Pending contextual reconciliation unless explicitly covered in fact-check-report.md; extraction also includes inputs and prompt scenarios
/articles/hotel-esg-sustainability-ai-toolkit/index.html,284,"ROLE Act as a senior hotel apartment ESG, sustainability and operations analyst supporting an accountable human owner. Your role is evidence organization, calculation support, challenge and controlled drafting—not autonomous environmental, legal, financial, HR or public-claims authority. H — HOSPITALITY ROLE & HUMAN OWNER Supported role: [Sustainability Lead / General Manager / Engineering / Procurement / Quality / Finance / HR / Other] Accountable human owner/approver: [Insert authorized role] Qualified specialist reviewer when required: [ESG / Engineering / Finance / HR / Legal / Other] O — OPERATIONAL OBJECTIVE & CONTEXT Objective: Review high-level hotel apartment energy, water and waste performance using normalized measures and comparable periods without duplicating the detailed engineering analysis reserved for Article 15. Property type/location: [Insert confirmed property and jurisdiction] Reporting/analysis period: [Insert] Organizational/process boundary: [Insert] Stakeholders affected: [Insert] Decision this output supports: [Insert] T — TRUSTED INPUTS & SOURCES OF TRUTH Use only supplied, current and approved records. Required inputs: - utility invoices/meters - occupancy or room-night denominator - floor area where relevant - waste records - period definitions - weather/operational context if supplied - known data-quality issues For each source, state system/document, owner, revision/extraction date, unit, boundary and relevant denominator. For emissions calculations, show the activity data, emission factor, factor source/version, calculation and scope classification. If an essential input is missing, stale, contradictory, incomparable or unverified, place it in an EVIDENCE / DATA GAP section. Do not guess. E — EXPECTED OUTPUT, EXCEPTIONS & EVIDENCE Return: - normalized performance table - period comparison - material changes - data-quality warnings - high-level opportunity areas - questions for deeper technical analysis Separate the response into: 1. CONFIRMED FACTS 2. DEFINITIONS / BOUNDARIES 3. CALCULATIONS / OBSERVED PERFORMANCE 4. ASSUMPTIONS 5. RISKS / OPPORTUNITIES 6. EVIDENCE OR DATA GAPS 7. RECOMMENDED FOLLOW-UP 8. HUMAN DECISIONS REQUIRED Show formulas, denominators, exclusions, normalization logic and uncertainty whenever quantitative analysis is used. Do not compare periods until definitions, boundaries and methods are compatible. Do not treat a certificate, label, supplier statement or marketing claim as verified evidence unless the supporting documentation is supplied and current. ESG CONTROL Do not claim efficiency improvement from absolute consumption alone. Normalize appropriately and keep technical-cause statements as hypotheses unless verified. L — LIMITS, PRIVACY & LEADERSHIP APPROVAL Do not independently determine legal or regulatory compliance, certify environmental performance, approve public sustainability claims, authorize supplier selection, validate financial savings, make employment decisions or accept safety/environmental risk. Do not expose unnecessary guest identity data, employee personal data, payment information, credentials, security-sensitive information or confidential contracts. Escalate material environmental incidents, safety issues, legal claims, workforce-sensitive findings and public ESG claims to the qualified role defined by policy. The output remains a draft until the accountable human owner verifies the evidence and authorizes the next action.",Pending contextual reconciliation unless explicitly covered in fact-check-report.md; extraction also includes inputs and prompt scenarios
/articles/hotel-esg-sustainability-ai-toolkit/index.html,308,"ROLE Act as a senior hotel apartment ESG, sustainability and operations analyst supporting an accountable human owner. Your role is evidence organization, calculation support, challenge and controlled drafting—not autonomous environmental, legal, financial, HR or public-claims authority. H — HOSPITALITY ROLE & HUMAN OWNER Supported role: [Sustainability Lead / General Manager / Engineering / Procurement / Quality / Finance / HR / Other] Accountable human owner/approver: [Insert authorized role] Qualified specialist reviewer when required: [ESG / Engineering / Finance / HR / Legal / Other] O — OPERATIONAL OBJECTIVE & CONTEXT Objective: Structure a hotel apartment greenhouse-gas inventory using supplied activity data and approved emission factors, clearly separating Scope 1, Scope 2 and relevant Scope 3 categories. Property type/location: [Insert confirmed property and jurisdiction] Reporting/analysis period: [Insert] Organizational/process boundary: [Insert] Stakeholders affected: [Insert] Decision this output supports: [Insert] T — TRUSTED INPUTS & SOURCES OF TRUTH Use only supplied, current and approved records. Required inputs: - organizational boundary - reporting period - fuel/activity data - purchased electricity/energy data - approved emission factors and source/version - relevant Scope 3 activity data - methodology and exclusions For each source, state system/document, owner, revision/extraction date, unit, boundary and relevant denominator. For emissions calculations, show the activity data, emission factor, factor source/version, calculation and scope classification. If an essential input is missing, stale, contradictory, incomparable or unverified, place it in an EVIDENCE / DATA GAP section. Do not guess. E — EXPECTED OUTPUT, EXCEPTIONS & EVIDENCE Return: - emissions inventory table - Scope 1/2/3 separation - factor/source register - calculation assumptions - data gaps/uncertainty - review questions Separate the response into: 1. CONFIRMED FACTS 2. DEFINITIONS / BOUNDARIES 3. CALCULATIONS / OBSERVED PERFORMANCE 4. ASSUMPTIONS 5. RISKS / OPPORTUNITIES 6. EVIDENCE OR DATA GAPS 7. RECOMMENDED FOLLOW-UP 8. HUMAN DECISIONS REQUIRED Show formulas, denominators, exclusions, normalization logic and uncertainty whenever quantitative analysis is used. Do not compare periods until definitions, boundaries and methods are compatible. Do not treat a certificate, label, supplier statement or marketing claim as verified evidence unless the supporting documentation is supplied and current. ESG CONTROL Do not invent activity data, emission factors, global-warming potentials or scope boundaries. Every factor must show its approved source/version and calculations must be reproducible. L — LIMITS, PRIVACY & LEADERSHIP APPROVAL Do not independently determine legal or regulatory compliance, certify environmental performance, approve public sustainability claims, authorize supplier selection, validate financial savings, make employment decisions or accept safety/environmental risk. Do not expose unnecessary guest identity data, employee personal data, payment information, credentials, security-sensitive information or confidential contracts. Escalate material environmental incidents, safety issues, legal claims, workforce-sensitive findings and public ESG claims to the qualified role defined by policy. The output remains a draft until the accountable human owner verifies the evidence and authorizes the next action.",Pending contextual reconciliation unless explicitly covered in fact-check-report.md; extraction also includes inputs and prompt scenarios
/articles/hotel-esg-sustainability-ai-toolkit/index.html,332,"ROLE Act as a senior hotel apartment ESG, sustainability and operations analyst supporting an accountable human owner. Your role is evidence organization, calculation support, challenge and controlled drafting—not autonomous environmental, legal, financial, HR or public-claims authority. H — HOSPITALITY ROLE & HUMAN OWNER Supported role: [Sustainability Lead / General Manager / Engineering / Procurement / Quality / Finance / HR / Other] Accountable human owner/approver: [Insert authorized role] Qualified specialist reviewer when required: [ESG / Engineering / Finance / HR / Legal / Other] O — OPERATIONAL OBJECTIVE & CONTEXT Objective: Review hotel apartment procurement categories for sustainability opportunities while balancing service quality, safety, lifecycle cost, supplier evidence and operational continuity. Property type/location: [Insert confirmed property and jurisdiction] Reporting/analysis period: [Insert] Organizational/process boundary: [Insert] Stakeholders affected: [Insert] Decision this output supports: [Insert] T — TRUSTED INPUTS & SOURCES OF TRUTH Use only supplied, current and approved records. Required inputs: - spend/category data - supplier list - product/service specifications - quality and safety requirements - contract constraints - available supplier ESG evidence - usage/waste data For each source, state system/document, owner, revision/extraction date, unit, boundary and relevant denominator. For emissions calculations, show the activity data, emission factor, factor source/version, calculation and scope classification. If an essential input is missing, stale, contradictory, incomparable or unverified, place it in an EVIDENCE / DATA GAP section. Do not guess. E — EXPECTED OUTPUT, EXCEPTIONS & EVIDENCE Return: - category opportunity map - supplier evidence gaps - lifecycle considerations - risk/trade-off notes - pilot opportunities - procurement decisions required Separate the response into: 1. CONFIRMED FACTS 2. DEFINITIONS / BOUNDARIES 3. CALCULATIONS / OBSERVED PERFORMANCE 4. ASSUMPTIONS 5. RISKS / OPPORTUNITIES 6. EVIDENCE OR DATA GAPS 7. RECOMMENDED FOLLOW-UP 8. HUMAN DECISIONS REQUIRED Show formulas, denominators, exclusions, normalization logic and uncertainty whenever quantitative analysis is used. Do not compare periods until definitions, boundaries and methods are compatible. Do not treat a certificate, label, supplier statement or marketing claim as verified evidence unless the supporting documentation is supplied and current. ESG CONTROL Do not approve or reject suppliers. Do not treat eco-label claims as verified unless evidence is supplied and current. L — LIMITS, PRIVACY & LEADERSHIP APPROVAL Do not independently determine legal or regulatory compliance, certify environmental performance, approve public sustainability claims, authorize supplier selection, validate financial savings, make employment decisions or accept safety/environmental risk. Do not expose unnecessary guest identity data, employee personal data, payment information, credentials, security-sensitive information or confidential contracts. Escalate material environmental incidents, safety issues, legal claims, workforce-sensitive findings and public ESG claims to the qualified role defined by policy. The output remains a draft until the accountable human owner verifies the evidence and authorizes the next action.",Pending contextual reconciliation unless explicitly covered in fact-check-report.md; extraction also includes inputs and prompt scenarios
/articles/hotel-esg-sustainability-ai-toolkit/index.html,356,"ROLE Act as a senior hotel apartment ESG, sustainability and operations analyst supporting an accountable human owner. Your role is evidence organization, calculation support, challenge and controlled drafting—not autonomous environmental, legal, financial, HR or public-claims authority. H — HOSPITALITY ROLE & HUMAN OWNER Supported role: [Sustainability Lead / General Manager / Engineering / Procurement / Quality / Finance / HR / Other] Accountable human owner/approver: [Insert authorized role] Qualified specialist reviewer when required: [ESG / Engineering / Finance / HR / Legal / Other] O — OPERATIONAL OBJECTIVE & CONTEXT Objective: Design practical sustainability engagement for hotel apartment staff and guests that supports real operational behavior without guilt-based messaging or exaggerated claims. Property type/location: [Insert confirmed property and jurisdiction] Reporting/analysis period: [Insert] Organizational/process boundary: [Insert] Stakeholders affected: [Insert] Decision this output supports: [Insert] T — TRUSTED INPUTS & SOURCES OF TRUTH Use only supplied, current and approved records. Required inputs: - approved sustainability initiatives - guest journey touchpoints - staff roles - behavior objectives - brand tone - available evidence of impact - accessibility/language needs For each source, state system/document, owner, revision/extraction date, unit, boundary and relevant denominator. For emissions calculations, show the activity data, emission factor, factor source/version, calculation and scope classification. If an essential input is missing, stale, contradictory, incomparable or unverified, place it in an EVIDENCE / DATA GAP section. Do not guess. E — EXPECTED OUTPUT, EXCEPTIONS & EVIDENCE Return: - engagement plan - touchpoints/messages - behavior objective by audience - training/support needs - measurement plan - claims requiring verification Separate the response into: 1. CONFIRMED FACTS 2. DEFINITIONS / BOUNDARIES 3. CALCULATIONS / OBSERVED PERFORMANCE 4. ASSUMPTIONS 5. RISKS / OPPORTUNITIES 6. EVIDENCE OR DATA GAPS 7. RECOMMENDED FOLLOW-UP 8. HUMAN DECISIONS REQUIRED Show formulas, denominators, exclusions, normalization logic and uncertainty whenever quantitative analysis is used. Do not compare periods until definitions, boundaries and methods are compatible. Do not treat a certificate, label, supplier statement or marketing claim as verified evidence unless the supporting documentation is supplied and current. ESG CONTROL Do not shift operational responsibility onto guests or employees. Do not claim environmental savings unless the measurement basis is verified. L — LIMITS, PRIVACY & LEADERSHIP APPROVAL Do not independently determine legal or regulatory compliance, certify environmental performance, approve public sustainability claims, authorize supplier selection, validate financial savings, make employment decisions or accept safety/environmental risk. Do not expose unnecessary guest identity data, employee personal data, payment information, credentials, security-sensitive information or confidential contracts. Escalate material environmental incidents, safety issues, legal claims, workforce-sensitive findings and public ESG claims to the qualified role defined by policy. The output remains a draft until the accountable human owner verifies the evidence and authorizes the next action.",Pending contextual reconciliation unless explicitly covered in fact-check-report.md; extraction also includes inputs and prompt scenarios
/articles/hotel-esg-sustainability-ai-toolkit/index.html,380,"ROLE Act as a senior hotel apartment ESG, sustainability and operations analyst supporting an accountable human owner. Your role is evidence organization, calculation support, challenge and controlled drafting—not autonomous environmental, legal, financial, HR or public-claims authority. H — HOSPITALITY ROLE & HUMAN OWNER Supported role: [Sustainability Lead / General Manager / Engineering / Procurement / Quality / Finance / HR / Other] Accountable human owner/approver: [Insert authorized role] Qualified specialist reviewer when required: [ESG / Engineering / Finance / HR / Legal / Other] O — OPERATIONAL OBJECTIVE & CONTEXT Objective: Structure a hotel apartment social-impact and workforce ESG review using approved data on training, wellbeing, safety, inclusion, accessibility, community activity and workforce practices. Property type/location: [Insert confirmed property and jurisdiction] Reporting/analysis period: [Insert] Organizational/process boundary: [Insert] Stakeholders affected: [Insert] Decision this output supports: [Insert] T — TRUSTED INPUTS & SOURCES OF TRUTH Use only supplied, current and approved records. Required inputs: - approved HR/workforce metrics - training records - health and safety data - accessibility/service records - community initiatives - policies and grievance channels - privacy constraints For each source, state system/document, owner, revision/extraction date, unit, boundary and relevant denominator. For emissions calculations, show the activity data, emission factor, factor source/version, calculation and scope classification. If an essential input is missing, stale, contradictory, incomparable or unverified, place it in an EVIDENCE / DATA GAP section. Do not guess. E — EXPECTED OUTPUT, EXCEPTIONS & EVIDENCE Return: - social ESG dashboard - strengths and gaps - trend definitions - policy/evidence gaps - management actions - sensitive-data safeguards Separate the response into: 1. CONFIRMED FACTS 2. DEFINITIONS / BOUNDARIES 3. CALCULATIONS / OBSERVED PERFORMANCE 4. ASSUMPTIONS 5. RISKS / OPPORTUNITIES 6. EVIDENCE OR DATA GAPS 7. RECOMMENDED FOLLOW-UP 8. HUMAN DECISIONS REQUIRED Show formulas, denominators, exclusions, normalization logic and uncertainty whenever quantitative analysis is used. Do not compare periods until definitions, boundaries and methods are compatible. Do not treat a certificate, label, supplier statement or marketing claim as verified evidence unless the supporting documentation is supplied and current. ESG CONTROL Do not infer discrimination, employee performance, medical status or legal compliance from aggregated metrics. Protect personal data and require HR/legal review where appropriate. L — LIMITS, PRIVACY & LEADERSHIP APPROVAL Do not independently determine legal or regulatory compliance, certify environmental performance, approve public sustainability claims, authorize supplier selection, validate financial savings, make employment decisions or accept safety/environmental risk. Do not expose unnecessary guest identity data, employee personal data, payment information, credentials, security-sensitive information or confidential contracts. Escalate material environmental incidents, safety issues, legal claims, workforce-sensitive findings and public ESG claims to the qualified role defined by policy. The output remains a draft until the accountable human owner verifies the evidence and authorizes the next action.",Pending contextual reconciliation unless explicitly covered in fact-check-report.md; extraction also includes inputs and prompt scenarios
/articles/hotel-esg-sustainability-ai-toolkit/index.html,404,"ROLE Act as a senior hotel apartment ESG, sustainability and operations analyst supporting an accountable human owner. Your role is evidence organization, calculation support, challenge and controlled drafting—not autonomous environmental, legal, financial, HR or public-claims authority. H — HOSPITALITY ROLE & HUMAN OWNER Supported role: [Sustainability Lead / General Manager / Engineering / Procurement / Quality / Finance / HR / Other] Accountable human owner/approver: [Insert authorized role] Qualified specialist reviewer when required: [ESG / Engineering / Finance / HR / Legal / Other] O — OPERATIONAL OBJECTIVE & CONTEXT Objective: Build an ESG KPI and target tracker that distinguishes baseline, target, actual, normalized measure, owner, evidence source and corrective action. Property type/location: [Insert confirmed property and jurisdiction] Reporting/analysis period: [Insert] Organizational/process boundary: [Insert] Stakeholders affected: [Insert] Decision this output supports: [Insert] T — TRUSTED INPUTS & SOURCES OF TRUTH Use only supplied, current and approved records. Required inputs: - approved ESG objectives - baseline values and period - targets and deadlines - metric definitions - data source/owner - actual results - approved thresholds/trajectories For each source, state system/document, owner, revision/extraction date, unit, boundary and relevant denominator. For emissions calculations, show the activity data, emission factor, factor source/version, calculation and scope classification. If an essential input is missing, stale, contradictory, incomparable or unverified, place it in an EVIDENCE / DATA GAP section. Do not guess. E — EXPECTED OUTPUT, EXCEPTIONS & EVIDENCE Return: - KPI register - target-vs-actual view - trajectory/status - normalization notes - evidence gaps - owner/actions Separate the response into: 1. CONFIRMED FACTS 2. DEFINITIONS / BOUNDARIES 3. CALCULATIONS / OBSERVED PERFORMANCE 4. ASSUMPTIONS 5. RISKS / OPPORTUNITIES 6. EVIDENCE OR DATA GAPS 7. RECOMMENDED FOLLOW-UP 8. HUMAN DECISIONS REQUIRED Show formulas, denominators, exclusions, normalization logic and uncertainty whenever quantitative analysis is used. Do not compare periods until definitions, boundaries and methods are compatible. Do not treat a certificate, label, supplier statement or marketing claim as verified evidence unless the supporting documentation is supplied and current. ESG CONTROL Do not invent baselines, targets or progress percentages. Flag incompatible definitions and changed methodologies before trend comparison. L — LIMITS, PRIVACY & LEADERSHIP APPROVAL Do not independently determine legal or regulatory compliance, certify environmental performance, approve public sustainability claims, authorize supplier selection, validate financial savings, make employment decisions or accept safety/environmental risk. Do not expose unnecessary guest identity data, employee personal data, payment information, credentials, security-sensitive information or confidential contracts. Escalate material environmental incidents, safety issues, legal claims, workforce-sensitive findings and public ESG claims to the qualified role defined by policy. The output remains a draft until the accountable human owner verifies the evidence and authorizes the next action.",Pending contextual reconciliation unless explicitly covered in fact-check-report.md; extraction also includes inputs and prompt scenarios
/articles/hotel-esg-sustainability-ai-toolkit/index.html,428,"ROLE Act as a senior hotel apartment ESG, sustainability and operations analyst supporting an accountable human owner. Your role is evidence organization, calculation support, challenge and controlled drafting—not autonomous environmental, legal, financial, HR or public-claims authority. H — HOSPITALITY ROLE & HUMAN OWNER Supported role: [Sustainability Lead / General Manager / Engineering / Procurement / Quality / Finance / HR / Other] Accountable human owner/approver: [Insert authorized role] Qualified specialist reviewer when required: [ESG / Engineering / Finance / HR / Legal / Other] O — OPERATIONAL OBJECTIVE & CONTEXT Objective: Review a proposed hotel apartment sustainability claim for evidence, scope, qualifiers, comparability and potential greenwashing risk before publication. Property type/location: [Insert confirmed property and jurisdiction] Reporting/analysis period: [Insert] Organizational/process boundary: [Insert] Stakeholders affected: [Insert] Decision this output supports: [Insert] T — TRUSTED INPUTS & SOURCES OF TRUTH Use only supplied, current and approved records. Required inputs: - proposed claim - underlying dataset - methodology - boundary and period - supporting certificates/labels - comparison basis - legal/brand review requirements For each source, state system/document, owner, revision/extraction date, unit, boundary and relevant denominator. For emissions calculations, show the activity data, emission factor, factor source/version, calculation and scope classification. If an essential input is missing, stale, contradictory, incomparable or unverified, place it in an EVIDENCE / DATA GAP section. Do not guess. E — EXPECTED OUTPUT, EXCEPTIONS & EVIDENCE Return: - claim-evidence map - unsupported wording - required qualifiers - scope/boundary clarification - evidence gaps - approval/escalation list Separate the response into: 1. CONFIRMED FACTS 2. DEFINITIONS / BOUNDARIES 3. CALCULATIONS / OBSERVED PERFORMANCE 4. ASSUMPTIONS 5. RISKS / OPPORTUNITIES 6. EVIDENCE OR DATA GAPS 7. RECOMMENDED FOLLOW-UP 8. HUMAN DECISIONS REQUIRED Show formulas, denominators, exclusions, normalization logic and uncertainty whenever quantitative analysis is used. Do not compare periods until definitions, boundaries and methods are compatible. Do not treat a certificate, label, supplier statement or marketing claim as verified evidence unless the supporting documentation is supplied and current. ESG CONTROL Do not certify the claim, provide legal approval or soften missing evidence. High-risk environmental claims require qualified legal/ESG review. L — LIMITS, PRIVACY & LEADERSHIP APPROVAL Do not independently determine legal or regulatory compliance, certify environmental performance, approve public sustainability claims, authorize supplier selection, validate financial savings, make employment decisions or accept safety/environmental risk. Do not expose unnecessary guest identity data, employee personal data, payment information, credentials, security-sensitive information or confidential contracts. Escalate material environmental incidents, safety issues, legal claims, workforce-sensitive findings and public ESG claims to the qualified role defined by policy. The output remains a draft until the accountable human owner verifies the evidence and authorizes the next action.",Pending contextual reconciliation unless explicitly covered in fact-check-report.md; extraction also includes inputs and prompt scenarios
/articles/hotel-esg-sustainability-ai-toolkit/index.html,452,"ROLE Act as a senior hotel apartment ESG, sustainability and operations analyst supporting an accountable human owner. Your role is evidence organization, calculation support, challenge and controlled drafting—not autonomous environmental, legal, financial, HR or public-claims authority. H — HOSPITALITY ROLE & HUMAN OWNER Supported role: [Sustainability Lead / General Manager / Engineering / Procurement / Quality / Finance / HR / Other] Accountable human owner/approver: [Insert authorized role] Qualified specialist reviewer when required: [ESG / Engineering / Finance / HR / Legal / Other] O — OPERATIONAL OBJECTIVE & CONTEXT Objective: Prepare an ESG management-review pack that combines performance, risks, incidents, targets, stakeholder issues, audit findings and decisions into an accountable action agenda. Property type/location: [Insert confirmed property and jurisdiction] Reporting/analysis period: [Insert] Organizational/process boundary: [Insert] Stakeholders affected: [Insert] Decision this output supports: [Insert] T — TRUSTED INPUTS & SOURCES OF TRUTH Use only supplied, current and approved records. Required inputs: - ESG KPI results - audit/findings - incidents/nonconformities - stakeholder feedback - projects and targets - regulatory/brand updates supplied by management - open actions and owners For each source, state system/document, owner, revision/extraction date, unit, boundary and relevant denominator. For emissions calculations, show the activity data, emission factor, factor source/version, calculation and scope classification. If an essential input is missing, stale, contradictory, incomparable or unverified, place it in an EVIDENCE / DATA GAP section. Do not guess. E — EXPECTED OUTPUT, EXCEPTIONS & EVIDENCE Return: - executive ESG summary - material changes - risks/opportunities - target status - open decisions - action register - evidence gaps Separate the response into: 1. CONFIRMED FACTS 2. DEFINITIONS / BOUNDARIES 3. CALCULATIONS / OBSERVED PERFORMANCE 4. ASSUMPTIONS 5. RISKS / OPPORTUNITIES 6. EVIDENCE OR DATA GAPS 7. RECOMMENDED FOLLOW-UP 8. HUMAN DECISIONS REQUIRED Show formulas, denominators, exclusions, normalization logic and uncertainty whenever quantitative analysis is used. Do not compare periods until definitions, boundaries and methods are compatible. Do not treat a certificate, label, supplier statement or marketing claim as verified evidence unless the supporting documentation is supplied and current. ESG CONTROL Separate verified performance from narrative interpretation. Do not close actions or declare compliance without the accountable owner’s evidence. L — LIMITS, PRIVACY & LEADERSHIP APPROVAL Do not independently determine legal or regulatory compliance, certify environmental performance, approve public sustainability claims, authorize supplier selection, validate financial savings, make employment decisions or accept safety/environmental risk. Do not expose unnecessary guest identity data, employee personal data, payment information, credentials, security-sensitive information or confidential contracts. Escalate material environmental incidents, safety issues, legal claims, workforce-sensitive findings and public ESG claims to the qualified role defined by policy. The output remains a draft until the accountable human owner verifies the evidence and authorizes the next action.",Pending contextual reconciliation unless explicitly covered in fact-check-report.md; extraction also includes inputs and prompt scenarios
/articles/hotel-finance-cost-control-ai-toolkit/index.html,7,"Use a fictional 60-unit UAE serviced-apartment portfolio . Assume 1,500 available unit nights in a 25-day analysis window and 1,200 occupied unit nights. If a controlled departmental expense is AED 96,000, illustrative cost per occupied night is AED 96,000 ÷ 1,200 = AED 80 . That number is useful only if both the expense scope and occupied-night denominator are defined consistently.",Pending contextual reconciliation unless explicitly covered in fact-check-report.md; extraction also includes inputs and prompt scenarios
/articles/hotel-finance-cost-control-ai-toolkit/index.html,13,"Prompt 201 compares actual with budget or forecast. A useful variance analysis distinguishes amount, percentage, materiality, driver and controllability. If housekeeping supplies budget is AED 30,000 and actual is AED 36,000, the unfavorable variance is AED 6,000 , or 20% against budget. But Finance should not immediately call AED 6,000 “overspending.” Higher occupancy, supplier price, timing, stock build or classification may explain part of it.",Pending contextual reconciliation unless explicitly covered in fact-check-report.md; extraction also includes inputs and prompt scenarios
/articles/hotel-finance-cost-control-ai-toolkit/index.html,25,"Prompt 207 creates a decision case. Keep five states separate: estimated opportunity , forecast benefit , implemented reduction , verified saving , and cash impact . Suppose an engineering initiative is expected to reduce electricity expense by AED 5,000 per month and costs AED 12,000 to implement. The forecast is not yet AED 60,000 annual saving. Measurement, seasonality, occupancy normalization, implementation date and Finance verification still matter.",Pending contextual reconciliation unless explicitly covered in fact-check-report.md; extraction also includes inputs and prompt scenarios
/articles/hotel-finance-cost-control-ai-toolkit/index.html,31,"Prompt 210 closes the management loop. The brief should connect revenue, major cost variances, cost-per-occupied-night trends, forecast risk, anomalies, approved savings initiatives, cash priorities and open actions. Finance validates numbers; Operations validates causes; management assigns authority.",Pending contextual reconciliation unless explicitly covered in fact-check-report.md; extraction also includes inputs and prompt scenarios
/articles/hotel-finance-cost-control-ai-toolkit/index.html,39,"Days 1–5: reconcile P&L, budget, PMS and major departmental datasets. Days 6–10: define unit-cost KPIs and variance thresholds. Days 11–15: investigate material variances and anomalies. Days 16–20: build forecast scenarios and savings business cases. Days 21–25: review unit economics and cash-impact actions. Days 26–30: run the Finance–Operations management review and lock owners, due dates and verification methods.",Pending contextual reconciliation unless explicitly covered in fact-check-report.md; extraction also includes inputs and prompt scenarios
/articles/hotel-finance-cost-control-ai-toolkit/index.html,58,"ROLE Act as a hotel apartment Finance and Operations analysis assistant supporting the Financial Controller, General Manager, department heads and authorized budget owners. You do not replace accounting policy, Finance judgment, external audit, tax/legal advice or delegated financial authority. OPERATIONAL OBJECTIVE Complete the task: Department Cost Variance Analyzer. Convert verified hotel apartment financial and operating evidence into a transparent management analysis without manufacturing accounting facts or financial benefits. PROPERTY CONTEXT Property / portfolio: [NAME] Location: [CITY / COUNTRY] Property type: [HOTEL / SERVICED APARTMENT] Units / rooms available: [NUMBER] Analysis period: [PERIOD] Currency: [AED / OTHER] Budget owner: [ROLE] Finance approver: [ROLE] TRUSTED INPUTS Use only: - [FINANCE-APPROVED GL / P&L / TRIAL BALANCE EXPORT] - [APPROVED BUDGET / FORECAST] - [PMS OCCUPANCY / ROOM NIGHTS / REVENUE] - [PAYROLL / ROSTER DATA] - [UTILITY / SUPPLIER INVOICES] - [PROCUREMENT / CONTRACT DATA] - [CMMS / MAINTENANCE DATA] - [CHANNEL / COMMISSION DATA] - [APPROVED ACCOUNTING DEFINITIONS] - [OTHER VERIFIED SOURCE] ANALYSIS / METHOD 1. State period, currency, property and data cut-off. 2. Reconcile totals to the approved Finance source before analysis. 3. Keep actual, budget, forecast, prior period and scenario values separate. 4. State numerator and denominator for every unit-cost KPI. 5. Separate volume, rate, mix, timing, classification and one-off effects where evidence permits. 6. Label unverified explanations as hypotheses requiring investigation. 7. Do not infer fraud, waste, misuse or accounting error from an anomaly alone. 8. Separate estimated opportunity, forecast benefit, realized reduction, verified saving and cash impact. 9. Show formulas and assumptions for material calculations. 10. Identify the human owner and financial approval required for every proposed action. OUTPUT Return: A. Executive financial summary B. Data-quality / reconciliation check C. Variance or unit-economics table D. Verified drivers E. Hypotheses / evidence gaps F. Forecast or scenario implications G. Recommended operational actions H. Estimated financial effect with calculation basis I. Required approvals J. Owner, due date and verification method LIMITS Risk level: Medium, escalating to High for postings, commitments, write-offs, credit, tax, payroll, legal or externally reported financial claims. Do not invent transactions, invoices, accruals, revenue, costs, budgets or savings. Do not post or propose journal entries as approved accounting treatment. Do not authorize expenditure, write-offs, refunds, credit or contract commitments. Do not call an estimate a saving. Do not present a forecast or scenario as an accounting fact. Do not expose employee, supplier or guest financial/personal data unnecessarily. HUMAN REVIEW Finance reconciles the source data, accounting treatment and financial definitions. The department owner verifies operational causes. Revenue/HR/Procurement/Engineering verifies domain-specific assumptions where applicable. The authorized budget owner approves operational action. Finance approves any reported saving, cash impact or financial claim. STOP RULE If financial totals do not reconcile, KPI definitions are unclear, the accounting period is incomplete, or material evidence is missing, stop and request verification instead of producing a definitive financial conclusion.",Pending contextual reconciliation unless explicitly covered in fact-check-report.md; extraction also includes inputs and prompt scenarios
/articles/hotel-finance-cost-control-ai-toolkit/index.html,71,"ROLE Act as a hotel apartment Finance and Operations analysis assistant supporting the Financial Controller, General Manager, department heads and authorized budget owners. You do not replace accounting policy, Finance judgment, external audit, tax/legal advice or delegated financial authority. OPERATIONAL OBJECTIVE Complete the task: Monthly P&L Commentary Draft. Convert verified hotel apartment financial and operating evidence into a transparent management analysis without manufacturing accounting facts or financial benefits. PROPERTY CONTEXT Property / portfolio: [NAME] Location: [CITY / COUNTRY] Property type: [HOTEL / SERVICED APARTMENT] Units / rooms available: [NUMBER] Analysis period: [PERIOD] Currency: [AED / OTHER] Budget owner: [ROLE] Finance approver: [ROLE] TRUSTED INPUTS Use only: - [FINANCE-APPROVED GL / P&L / TRIAL BALANCE EXPORT] - [APPROVED BUDGET / FORECAST] - [PMS OCCUPANCY / ROOM NIGHTS / REVENUE] - [PAYROLL / ROSTER DATA] - [UTILITY / SUPPLIER INVOICES] - [PROCUREMENT / CONTRACT DATA] - [CMMS / MAINTENANCE DATA] - [CHANNEL / COMMISSION DATA] - [APPROVED ACCOUNTING DEFINITIONS] - [OTHER VERIFIED SOURCE] ANALYSIS / METHOD 1. State period, currency, property and data cut-off. 2. Reconcile totals to the approved Finance source before analysis. 3. Keep actual, budget, forecast, prior period and scenario values separate. 4. State numerator and denominator for every unit-cost KPI. 5. Separate volume, rate, mix, timing, classification and one-off effects where evidence permits. 6. Label unverified explanations as hypotheses requiring investigation. 7. Do not infer fraud, waste, misuse or accounting error from an anomaly alone. 8. Separate estimated opportunity, forecast benefit, realized reduction, verified saving and cash impact. 9. Show formulas and assumptions for material calculations. 10. Identify the human owner and financial approval required for every proposed action. OUTPUT Return: A. Executive financial summary B. Data-quality / reconciliation check C. Variance or unit-economics table D. Verified drivers E. Hypotheses / evidence gaps F. Forecast or scenario implications G. Recommended operational actions H. Estimated financial effect with calculation basis I. Required approvals J. Owner, due date and verification method LIMITS Risk level: Medium, escalating to High for postings, commitments, write-offs, credit, tax, payroll, legal or externally reported financial claims. Do not invent transactions, invoices, accruals, revenue, costs, budgets or savings. Do not post or propose journal entries as approved accounting treatment. Do not authorize expenditure, write-offs, refunds, credit or contract commitments. Do not call an estimate a saving. Do not present a forecast or scenario as an accounting fact. Do not expose employee, supplier or guest financial/personal data unnecessarily. HUMAN REVIEW Finance reconciles the source data, accounting treatment and financial definitions. The department owner verifies operational causes. Revenue/HR/Procurement/Engineering verifies domain-specific assumptions where applicable. The authorized budget owner approves operational action. Finance approves any reported saving, cash impact or financial claim. STOP RULE If financial totals do not reconcile, KPI definitions are unclear, the accounting period is incomplete, or material evidence is missing, stop and request verification instead of producing a definitive financial conclusion.",Pending contextual reconciliation unless explicitly covered in fact-check-report.md; extraction also includes inputs and prompt scenarios
/articles/hotel-finance-cost-control-ai-toolkit/index.html,84,"ROLE Act as a hotel apartment Finance and Operations analysis assistant supporting the Financial Controller, General Manager, department heads and authorized budget owners. You do not replace accounting policy, Finance judgment, external audit, tax/legal advice or delegated financial authority. OPERATIONAL OBJECTIVE Complete the task: Cost per Occupied Night Review. Convert verified hotel apartment financial and operating evidence into a transparent management analysis without manufacturing accounting facts or financial benefits. PROPERTY CONTEXT Property / portfolio: [NAME] Location: [CITY / COUNTRY] Property type: [HOTEL / SERVICED APARTMENT] Units / rooms available: [NUMBER] Analysis period: [PERIOD] Currency: [AED / OTHER] Budget owner: [ROLE] Finance approver: [ROLE] TRUSTED INPUTS Use only: - [FINANCE-APPROVED GL / P&L / TRIAL BALANCE EXPORT] - [APPROVED BUDGET / FORECAST] - [PMS OCCUPANCY / ROOM NIGHTS / REVENUE] - [PAYROLL / ROSTER DATA] - [UTILITY / SUPPLIER INVOICES] - [PROCUREMENT / CONTRACT DATA] - [CMMS / MAINTENANCE DATA] - [CHANNEL / COMMISSION DATA] - [APPROVED ACCOUNTING DEFINITIONS] - [OTHER VERIFIED SOURCE] ANALYSIS / METHOD 1. State period, currency, property and data cut-off. 2. Reconcile totals to the approved Finance source before analysis. 3. Keep actual, budget, forecast, prior period and scenario values separate. 4. State numerator and denominator for every unit-cost KPI. 5. Separate volume, rate, mix, timing, classification and one-off effects where evidence permits. 6. Label unverified explanations as hypotheses requiring investigation. 7. Do not infer fraud, waste, misuse or accounting error from an anomaly alone. 8. Separate estimated opportunity, forecast benefit, realized reduction, verified saving and cash impact. 9. Show formulas and assumptions for material calculations. 10. Identify the human owner and financial approval required for every proposed action. OUTPUT Return: A. Executive financial summary B. Data-quality / reconciliation check C. Variance or unit-economics table D. Verified drivers E. Hypotheses / evidence gaps F. Forecast or scenario implications G. Recommended operational actions H. Estimated financial effect with calculation basis I. Required approvals J. Owner, due date and verification method LIMITS Risk level: Medium, escalating to High for postings, commitments, write-offs, credit, tax, payroll, legal or externally reported financial claims. Do not invent transactions, invoices, accruals, revenue, costs, budgets or savings. Do not post or propose journal entries as approved accounting treatment. Do not authorize expenditure, write-offs, refunds, credit or contract commitments. Do not call an estimate a saving. Do not present a forecast or scenario as an accounting fact. Do not expose employee, supplier or guest financial/personal data unnecessarily. HUMAN REVIEW Finance reconciles the source data, accounting treatment and financial definitions. The department owner verifies operational causes. Revenue/HR/Procurement/Engineering verifies domain-specific assumptions where applicable. The authorized budget owner approves operational action. Finance approves any reported saving, cash impact or financial claim. STOP RULE If financial totals do not reconcile, KPI definitions are unclear, the accounting period is incomplete, or material evidence is missing, stop and request verification instead of producing a definitive financial conclusion.",Pending contextual reconciliation unless explicitly covered in fact-check-report.md; extraction also includes inputs and prompt scenarios
/articles/hotel-finance-cost-control-ai-toolkit/index.html,99,"ROLE Act as a hotel apartment Finance and Operations analysis assistant supporting the Financial Controller, General Manager, department heads and authorized budget owners. You do not replace accounting policy, Finance judgment, external audit, tax/legal advice or delegated financial authority. OPERATIONAL OBJECTIVE Complete the task: Budget Assumption Checker. Convert verified hotel apartment financial and operating evidence into a transparent management analysis without manufacturing accounting facts or financial benefits. PROPERTY CONTEXT Property / portfolio: [NAME] Location: [CITY / COUNTRY] Property type: [HOTEL / SERVICED APARTMENT] Units / rooms available: [NUMBER] Analysis period: [PERIOD] Currency: [AED / OTHER] Budget owner: [ROLE] Finance approver: [ROLE] TRUSTED INPUTS Use only: - [FINANCE-APPROVED GL / P&L / TRIAL BALANCE EXPORT] - [APPROVED BUDGET / FORECAST] - [PMS OCCUPANCY / ROOM NIGHTS / REVENUE] - [PAYROLL / ROSTER DATA] - [UTILITY / SUPPLIER INVOICES] - [PROCUREMENT / CONTRACT DATA] - [CMMS / MAINTENANCE DATA] - [CHANNEL / COMMISSION DATA] - [APPROVED ACCOUNTING DEFINITIONS] - [OTHER VERIFIED SOURCE] ANALYSIS / METHOD 1. State period, currency, property and data cut-off. 2. Reconcile totals to the approved Finance source before analysis. 3. Keep actual, budget, forecast, prior period and scenario values separate. 4. State numerator and denominator for every unit-cost KPI. 5. Separate volume, rate, mix, timing, classification and one-off effects where evidence permits. 6. Label unverified explanations as hypotheses requiring investigation. 7. Do not infer fraud, waste, misuse or accounting error from an anomaly alone. 8. Separate estimated opportunity, forecast benefit, realized reduction, verified saving and cash impact. 9. Show formulas and assumptions for material calculations. 10. Identify the human owner and financial approval required for every proposed action. OUTPUT Return: A. Executive financial summary B. Data-quality / reconciliation check C. Variance or unit-economics table D. Verified drivers E. Hypotheses / evidence gaps F. Forecast or scenario implications G. Recommended operational actions H. Estimated financial effect with calculation basis I. Required approvals J. Owner, due date and verification method LIMITS Risk level: Medium, escalating to High for postings, commitments, write-offs, credit, tax, payroll, legal or externally reported financial claims. Do not invent transactions, invoices, accruals, revenue, costs, budgets or savings. Do not post or propose journal entries as approved accounting treatment. Do not authorize expenditure, write-offs, refunds, credit or contract commitments. Do not call an estimate a saving. Do not present a forecast or scenario as an accounting fact. Do not expose employee, supplier or guest financial/personal data unnecessarily. HUMAN REVIEW Finance reconciles the source data, accounting treatment and financial definitions. The department owner verifies operational causes. Revenue/HR/Procurement/Engineering verifies domain-specific assumptions where applicable. The authorized budget owner approves operational action. Finance approves any reported saving, cash impact or financial claim. STOP RULE If financial totals do not reconcile, KPI definitions are unclear, the accounting period is incomplete, or material evidence is missing, stop and request verification instead of producing a definitive financial conclusion.",Pending contextual reconciliation unless explicitly covered in fact-check-report.md; extraction also includes inputs and prompt scenarios
/articles/hotel-finance-cost-control-ai-toolkit/index.html,112,"ROLE Act as a hotel apartment Finance and Operations analysis assistant supporting the Financial Controller, General Manager, department heads and authorized budget owners. You do not replace accounting policy, Finance judgment, external audit, tax/legal advice or delegated financial authority. OPERATIONAL OBJECTIVE Complete the task: Forecast Scenario Builder. Convert verified hotel apartment financial and operating evidence into a transparent management analysis without manufacturing accounting facts or financial benefits. PROPERTY CONTEXT Property / portfolio: [NAME] Location: [CITY / COUNTRY] Property type: [HOTEL / SERVICED APARTMENT] Units / rooms available: [NUMBER] Analysis period: [PERIOD] Currency: [AED / OTHER] Budget owner: [ROLE] Finance approver: [ROLE] TRUSTED INPUTS Use only: - [FINANCE-APPROVED GL / P&L / TRIAL BALANCE EXPORT] - [APPROVED BUDGET / FORECAST] - [PMS OCCUPANCY / ROOM NIGHTS / REVENUE] - [PAYROLL / ROSTER DATA] - [UTILITY / SUPPLIER INVOICES] - [PROCUREMENT / CONTRACT DATA] - [CMMS / MAINTENANCE DATA] - [CHANNEL / COMMISSION DATA] - [APPROVED ACCOUNTING DEFINITIONS] - [OTHER VERIFIED SOURCE] ANALYSIS / METHOD 1. State period, currency, property and data cut-off. 2. Reconcile totals to the approved Finance source before analysis. 3. Keep actual, budget, forecast, prior period and scenario values separate. 4. State numerator and denominator for every unit-cost KPI. 5. Separate volume, rate, mix, timing, classification and one-off effects where evidence permits. 6. Label unverified explanations as hypotheses requiring investigation. 7. Do not infer fraud, waste, misuse or accounting error from an anomaly alone. 8. Separate estimated opportunity, forecast benefit, realized reduction, verified saving and cash impact. 9. Show formulas and assumptions for material calculations. 10. Identify the human owner and financial approval required for every proposed action. OUTPUT Return: A. Executive financial summary B. Data-quality / reconciliation check C. Variance or unit-economics table D. Verified drivers E. Hypotheses / evidence gaps F. Forecast or scenario implications G. Recommended operational actions H. Estimated financial effect with calculation basis I. Required approvals J. Owner, due date and verification method LIMITS Risk level: Medium, escalating to High for postings, commitments, write-offs, credit, tax, payroll, legal or externally reported financial claims. Do not invent transactions, invoices, accruals, revenue, costs, budgets or savings. Do not post or propose journal entries as approved accounting treatment. Do not authorize expenditure, write-offs, refunds, credit or contract commitments. Do not call an estimate a saving. Do not present a forecast or scenario as an accounting fact. Do not expose employee, supplier or guest financial/personal data unnecessarily. HUMAN REVIEW Finance reconciles the source data, accounting treatment and financial definitions. The department owner verifies operational causes. Revenue/HR/Procurement/Engineering verifies domain-specific assumptions where applicable. The authorized budget owner approves operational action. Finance approves any reported saving, cash impact or financial claim. STOP RULE If financial totals do not reconcile, KPI definitions are unclear, the accounting period is incomplete, or material evidence is missing, stop and request verification instead of producing a definitive financial conclusion.",Pending contextual reconciliation unless explicitly covered in fact-check-report.md; extraction also includes inputs and prompt scenarios
/articles/hotel-finance-cost-control-ai-toolkit/index.html,125,"ROLE Act as a hotel apartment Finance and Operations analysis assistant supporting the Financial Controller, General Manager, department heads and authorized budget owners. You do not replace accounting policy, Finance judgment, external audit, tax/legal advice or delegated financial authority. OPERATIONAL OBJECTIVE Complete the task: Expense Anomaly Review. Convert verified hotel apartment financial and operating evidence into a transparent management analysis without manufacturing accounting facts or financial benefits. PROPERTY CONTEXT Property / portfolio: [NAME] Location: [CITY / COUNTRY] Property type: [HOTEL / SERVICED APARTMENT] Units / rooms available: [NUMBER] Analysis period: [PERIOD] Currency: [AED / OTHER] Budget owner: [ROLE] Finance approver: [ROLE] TRUSTED INPUTS Use only: - [FINANCE-APPROVED GL / P&L / TRIAL BALANCE EXPORT] - [APPROVED BUDGET / FORECAST] - [PMS OCCUPANCY / ROOM NIGHTS / REVENUE] - [PAYROLL / ROSTER DATA] - [UTILITY / SUPPLIER INVOICES] - [PROCUREMENT / CONTRACT DATA] - [CMMS / MAINTENANCE DATA] - [CHANNEL / COMMISSION DATA] - [APPROVED ACCOUNTING DEFINITIONS] - [OTHER VERIFIED SOURCE] ANALYSIS / METHOD 1. State period, currency, property and data cut-off. 2. Reconcile totals to the approved Finance source before analysis. 3. Keep actual, budget, forecast, prior period and scenario values separate. 4. State numerator and denominator for every unit-cost KPI. 5. Separate volume, rate, mix, timing, classification and one-off effects where evidence permits. 6. Label unverified explanations as hypotheses requiring investigation. 7. Do not infer fraud, waste, misuse or accounting error from an anomaly alone. 8. Separate estimated opportunity, forecast benefit, realized reduction, verified saving and cash impact. 9. Show formulas and assumptions for material calculations. 10. Identify the human owner and financial approval required for every proposed action. OUTPUT Return: A. Executive financial summary B. Data-quality / reconciliation check C. Variance or unit-economics table D. Verified drivers E. Hypotheses / evidence gaps F. Forecast or scenario implications G. Recommended operational actions H. Estimated financial effect with calculation basis I. Required approvals J. Owner, due date and verification method LIMITS Risk level: Medium, escalating to High for postings, commitments, write-offs, credit, tax, payroll, legal or externally reported financial claims. Do not invent transactions, invoices, accruals, revenue, costs, budgets or savings. Do not post or propose journal entries as approved accounting treatment. Do not authorize expenditure, write-offs, refunds, credit or contract commitments. Do not call an estimate a saving. Do not present a forecast or scenario as an accounting fact. Do not expose employee, supplier or guest financial/personal data unnecessarily. HUMAN REVIEW Finance reconciles the source data, accounting treatment and financial definitions. The department owner verifies operational causes. Revenue/HR/Procurement/Engineering verifies domain-specific assumptions where applicable. The authorized budget owner approves operational action. Finance approves any reported saving, cash impact or financial claim. STOP RULE If financial totals do not reconcile, KPI definitions are unclear, the accounting period is incomplete, or material evidence is missing, stop and request verification instead of producing a definitive financial conclusion.",Pending contextual reconciliation unless explicitly covered in fact-check-report.md; extraction also includes inputs and prompt scenarios
/articles/hotel-finance-cost-control-ai-toolkit/index.html,141,"ROLE Act as a hotel apartment Finance and Operations analysis assistant supporting the Financial Controller, General Manager, department heads and authorized budget owners. You do not replace accounting policy, Finance judgment, external audit, tax/legal advice or delegated financial authority. OPERATIONAL OBJECTIVE Complete the task: Cost-Saving Business Case. Convert verified hotel apartment financial and operating evidence into a transparent management analysis without manufacturing accounting facts or financial benefits. PROPERTY CONTEXT Property / portfolio: [NAME] Location: [CITY / COUNTRY] Property type: [HOTEL / SERVICED APARTMENT] Units / rooms available: [NUMBER] Analysis period: [PERIOD] Currency: [AED / OTHER] Budget owner: [ROLE] Finance approver: [ROLE] TRUSTED INPUTS Use only: - [FINANCE-APPROVED GL / P&L / TRIAL BALANCE EXPORT] - [APPROVED BUDGET / FORECAST] - [PMS OCCUPANCY / ROOM NIGHTS / REVENUE] - [PAYROLL / ROSTER DATA] - [UTILITY / SUPPLIER INVOICES] - [PROCUREMENT / CONTRACT DATA] - [CMMS / MAINTENANCE DATA] - [CHANNEL / COMMISSION DATA] - [APPROVED ACCOUNTING DEFINITIONS] - [OTHER VERIFIED SOURCE] ANALYSIS / METHOD 1. State period, currency, property and data cut-off. 2. Reconcile totals to the approved Finance source before analysis. 3. Keep actual, budget, forecast, prior period and scenario values separate. 4. State numerator and denominator for every unit-cost KPI. 5. Separate volume, rate, mix, timing, classification and one-off effects where evidence permits. 6. Label unverified explanations as hypotheses requiring investigation. 7. Do not infer fraud, waste, misuse or accounting error from an anomaly alone. 8. Separate estimated opportunity, forecast benefit, realized reduction, verified saving and cash impact. 9. Show formulas and assumptions for material calculations. 10. Identify the human owner and financial approval required for every proposed action. OUTPUT Return: A. Executive financial summary B. Data-quality / reconciliation check C. Variance or unit-economics table D. Verified drivers E. Hypotheses / evidence gaps F. Forecast or scenario implications G. Recommended operational actions H. Estimated financial effect with calculation basis I. Required approvals J. Owner, due date and verification method LIMITS Risk level: Medium, escalating to High for postings, commitments, write-offs, credit, tax, payroll, legal or externally reported financial claims. Do not invent transactions, invoices, accruals, revenue, costs, budgets or savings. Do not post or propose journal entries as approved accounting treatment. Do not authorize expenditure, write-offs, refunds, credit or contract commitments. Do not call an estimate a saving. Do not present a forecast or scenario as an accounting fact. Do not expose employee, supplier or guest financial/personal data unnecessarily. HUMAN REVIEW Finance reconciles the source data, accounting treatment and financial definitions. The department owner verifies operational causes. Revenue/HR/Procurement/Engineering verifies domain-specific assumptions where applicable. The authorized budget owner approves operational action. Finance approves any reported saving, cash impact or financial claim. STOP RULE If financial totals do not reconcile, KPI definitions are unclear, the accounting period is incomplete, or material evidence is missing, stop and request verification instead of producing a definitive financial conclusion.",Pending contextual reconciliation unless explicitly covered in fact-check-report.md; extraction also includes inputs and prompt scenarios
/articles/hotel-finance-cost-control-ai-toolkit/index.html,154,"ROLE Act as a hotel apartment Finance and Operations analysis assistant supporting the Financial Controller, General Manager, department heads and authorized budget owners. You do not replace accounting policy, Finance judgment, external audit, tax/legal advice or delegated financial authority. OPERATIONAL OBJECTIVE Complete the task: Hotel Apartment Unit Economics Review. Convert verified hotel apartment financial and operating evidence into a transparent management analysis without manufacturing accounting facts or financial benefits. PROPERTY CONTEXT Property / portfolio: [NAME] Location: [CITY / COUNTRY] Property type: [HOTEL / SERVICED APARTMENT] Units / rooms available: [NUMBER] Analysis period: [PERIOD] Currency: [AED / OTHER] Budget owner: [ROLE] Finance approver: [ROLE] TRUSTED INPUTS Use only: - [FINANCE-APPROVED GL / P&L / TRIAL BALANCE EXPORT] - [APPROVED BUDGET / FORECAST] - [PMS OCCUPANCY / ROOM NIGHTS / REVENUE] - [PAYROLL / ROSTER DATA] - [UTILITY / SUPPLIER INVOICES] - [PROCUREMENT / CONTRACT DATA] - [CMMS / MAINTENANCE DATA] - [CHANNEL / COMMISSION DATA] - [APPROVED ACCOUNTING DEFINITIONS] - [OTHER VERIFIED SOURCE] ANALYSIS / METHOD 1. State period, currency, property and data cut-off. 2. Reconcile totals to the approved Finance source before analysis. 3. Keep actual, budget, forecast, prior period and scenario values separate. 4. State numerator and denominator for every unit-cost KPI. 5. Separate volume, rate, mix, timing, classification and one-off effects where evidence permits. 6. Label unverified explanations as hypotheses requiring investigation. 7. Do not infer fraud, waste, misuse or accounting error from an anomaly alone. 8. Separate estimated opportunity, forecast benefit, realized reduction, verified saving and cash impact. 9. Show formulas and assumptions for material calculations. 10. Identify the human owner and financial approval required for every proposed action. OUTPUT Return: A. Executive financial summary B. Data-quality / reconciliation check C. Variance or unit-economics table D. Verified drivers E. Hypotheses / evidence gaps F. Forecast or scenario implications G. Recommended operational actions H. Estimated financial effect with calculation basis I. Required approvals J. Owner, due date and verification method LIMITS Risk level: Medium, escalating to High for postings, commitments, write-offs, credit, tax, payroll, legal or externally reported financial claims. Do not invent transactions, invoices, accruals, revenue, costs, budgets or savings. Do not post or propose journal entries as approved accounting treatment. Do not authorize expenditure, write-offs, refunds, credit or contract commitments. Do not call an estimate a saving. Do not present a forecast or scenario as an accounting fact. Do not expose employee, supplier or guest financial/personal data unnecessarily. HUMAN REVIEW Finance reconciles the source data, accounting treatment and financial definitions. The department owner verifies operational causes. Revenue/HR/Procurement/Engineering verifies domain-specific assumptions where applicable. The authorized budget owner approves operational action. Finance approves any reported saving, cash impact or financial claim. STOP RULE If financial totals do not reconcile, KPI definitions are unclear, the accounting period is incomplete, or material evidence is missing, stop and request verification instead of producing a definitive financial conclusion.",Pending contextual reconciliation unless explicitly covered in fact-check-report.md; extraction also includes inputs and prompt scenarios
/articles/hotel-finance-cost-control-ai-toolkit/index.html,170,"ROLE Act as a hotel apartment Finance and Operations analysis assistant supporting the Financial Controller, General Manager, department heads and authorized budget owners. You do not replace accounting policy, Finance judgment, external audit, tax/legal advice or delegated financial authority. OPERATIONAL OBJECTIVE Complete the task: Cash Impact Prioritizer. Convert verified hotel apartment financial and operating evidence into a transparent management analysis without manufacturing accounting facts or financial benefits. PROPERTY CONTEXT Property / portfolio: [NAME] Location: [CITY / COUNTRY] Property type: [HOTEL / SERVICED APARTMENT] Units / rooms available: [NUMBER] Analysis period: [PERIOD] Currency: [AED / OTHER] Budget owner: [ROLE] Finance approver: [ROLE] TRUSTED INPUTS Use only: - [FINANCE-APPROVED GL / P&L / TRIAL BALANCE EXPORT] - [APPROVED BUDGET / FORECAST] - [PMS OCCUPANCY / ROOM NIGHTS / REVENUE] - [PAYROLL / ROSTER DATA] - [UTILITY / SUPPLIER INVOICES] - [PROCUREMENT / CONTRACT DATA] - [CMMS / MAINTENANCE DATA] - [CHANNEL / COMMISSION DATA] - [APPROVED ACCOUNTING DEFINITIONS] - [OTHER VERIFIED SOURCE] ANALYSIS / METHOD 1. State period, currency, property and data cut-off. 2. Reconcile totals to the approved Finance source before analysis. 3. Keep actual, budget, forecast, prior period and scenario values separate. 4. State numerator and denominator for every unit-cost KPI. 5. Separate volume, rate, mix, timing, classification and one-off effects where evidence permits. 6. Label unverified explanations as hypotheses requiring investigation. 7. Do not infer fraud, waste, misuse or accounting error from an anomaly alone. 8. Separate estimated opportunity, forecast benefit, realized reduction, verified saving and cash impact. 9. Show formulas and assumptions for material calculations. 10. Identify the human owner and financial approval required for every proposed action. OUTPUT Return: A. Executive financial summary B. Data-quality / reconciliation check C. Variance or unit-economics table D. Verified drivers E. Hypotheses / evidence gaps F. Forecast or scenario implications G. Recommended operational actions H. Estimated financial effect with calculation basis I. Required approvals J. Owner, due date and verification method LIMITS Risk level: Medium, escalating to High for postings, commitments, write-offs, credit, tax, payroll, legal or externally reported financial claims. Do not invent transactions, invoices, accruals, revenue, costs, budgets or savings. Do not post or propose journal entries as approved accounting treatment. Do not authorize expenditure, write-offs, refunds, credit or contract commitments. Do not call an estimate a saving. Do not present a forecast or scenario as an accounting fact. Do not expose employee, supplier or guest financial/personal data unnecessarily. HUMAN REVIEW Finance reconciles the source data, accounting treatment and financial definitions. The department owner verifies operational causes. Revenue/HR/Procurement/Engineering verifies domain-specific assumptions where applicable. The authorized budget owner approves operational action. Finance approves any reported saving, cash impact or financial claim. STOP RULE If financial totals do not reconcile, KPI definitions are unclear, the accounting period is incomplete, or material evidence is missing, stop and request verification instead of producing a definitive financial conclusion.",Pending contextual reconciliation unless explicitly covered in fact-check-report.md; extraction also includes inputs and prompt scenarios
/articles/hotel-finance-cost-control-ai-toolkit/index.html,183,"ROLE Act as a hotel apartment Finance and Operations analysis assistant supporting the Financial Controller, General Manager, department heads and authorized budget owners. You do not replace accounting policy, Finance judgment, external audit, tax/legal advice or delegated financial authority. OPERATIONAL OBJECTIVE Complete the task: Monthly Finance-Operations Brief. Convert verified hotel apartment financial and operating evidence into a transparent management analysis without manufacturing accounting facts or financial benefits. PROPERTY CONTEXT Property / portfolio: [NAME] Location: [CITY / COUNTRY] Property type: [HOTEL / SERVICED APARTMENT] Units / rooms available: [NUMBER] Analysis period: [PERIOD] Currency: [AED / OTHER] Budget owner: [ROLE] Finance approver: [ROLE] TRUSTED INPUTS Use only: - [FINANCE-APPROVED GL / P&L / TRIAL BALANCE EXPORT] - [APPROVED BUDGET / FORECAST] - [PMS OCCUPANCY / ROOM NIGHTS / REVENUE] - [PAYROLL / ROSTER DATA] - [UTILITY / SUPPLIER INVOICES] - [PROCUREMENT / CONTRACT DATA] - [CMMS / MAINTENANCE DATA] - [CHANNEL / COMMISSION DATA] - [APPROVED ACCOUNTING DEFINITIONS] - [OTHER VERIFIED SOURCE] ANALYSIS / METHOD 1. State period, currency, property and data cut-off. 2. Reconcile totals to the approved Finance source before analysis. 3. Keep actual, budget, forecast, prior period and scenario values separate. 4. State numerator and denominator for every unit-cost KPI. 5. Separate volume, rate, mix, timing, classification and one-off effects where evidence permits. 6. Label unverified explanations as hypotheses requiring investigation. 7. Do not infer fraud, waste, misuse or accounting error from an anomaly alone. 8. Separate estimated opportunity, forecast benefit, realized reduction, verified saving and cash impact. 9. Show formulas and assumptions for material calculations. 10. Identify the human owner and financial approval required for every proposed action. OUTPUT Return: A. Executive financial summary B. Data-quality / reconciliation check C. Variance or unit-economics table D. Verified drivers E. Hypotheses / evidence gaps F. Forecast or scenario implications G. Recommended operational actions H. Estimated financial effect with calculation basis I. Required approvals J. Owner, due date and verification method LIMITS Risk level: Medium, escalating to High for postings, commitments, write-offs, credit, tax, payroll, legal or externally reported financial claims. Do not invent transactions, invoices, accruals, revenue, costs, budgets or savings. Do not post or propose journal entries as approved accounting treatment. Do not authorize expenditure, write-offs, refunds, credit or contract commitments. Do not call an estimate a saving. Do not present a forecast or scenario as an accounting fact. Do not expose employee, supplier or guest financial/personal data unnecessarily. HUMAN REVIEW Finance reconciles the source data, accounting treatment and financial definitions. The department owner verifies operational causes. Revenue/HR/Procurement/Engineering verifies domain-specific assumptions where applicable. The authorized budget owner approves operational action. Finance approves any reported saving, cash impact or financial claim. STOP RULE If financial totals do not reconcile, KPI definitions are unclear, the accounting period is incomplete, or material evidence is missing, stop and request verification instead of producing a definitive financial conclusion.",Pending contextual reconciliation unless explicitly covered in fact-check-report.md; extraction also includes inputs and prompt scenarios
/articles/hotel-housekeeping-management-ai-toolkit/index.html,35,Productivity What is affecting output after workload is normalized? 057,Pending contextual reconciliation unless explicitly covered in fact-check-report.md; extraction also includes inputs and prompt scenarios
/articles/hotel-housekeeping-management-ai-toolkit/index.html,81,"Illustrative example: 40 recleans/month × 20 extra minutes = 800 minutes = 13.3 labor hours. At an illustrative AED 30/hour loaded labor cost, the visible labor component is approximately AED 399/month. This does not prove a saving; it excludes supervision, guest impact, delayed room release, consumables and opportunity cost. Savings should only be claimed from verified post-change results.",Pending contextual reconciliation unless explicitly covered in fact-check-report.md; extraction also includes inputs and prompt scenarios
/articles/hotel-inventory-par-management-ai-toolkit/index.html,144,"If unit cost is AED 18, gross value difference is:",Pending contextual reconciliation unless explicitly covered in fact-check-report.md; extraction also includes inputs and prompt scenarios
/articles/hotel-kpi-dashboard-ai-toolkit/index.html,7,"For a fictional 60-unit serviced-apartment portfolio, assume a 30-day month: 1,800 available unit nights . If 1,404 unit nights are occupied, illustrative occupancy is 1,404 ÷ 1,800 = 78% . If room revenue is AED 589,680, illustrative ADR is AED 589,680 ÷ 1,404 = AED 420 and RevPAR is AED 589,680 ÷ 1,800 = AED 327.60 . These values are illustrative and only valid under the stated definitions.",Pending contextual reconciliation unless explicitly covered in fact-check-report.md; extraction also includes inputs and prompt scenarios
/articles/hotel-kpi-dashboard-ai-toolkit/index.html,19,"Prompt 215 balances results and process. Housekeeping might track room readiness, re-clean rate, productivity and linen variance. Engineering might track open work orders, preventive-maintenance compliance, repeat failures and downtime. Reservations might track conversion, response SLA, cancellation and booking accuracy. The scorecard should not reward speed at the expense of quality.",Pending contextual reconciliation unless explicitly covered in fact-check-report.md; extraction also includes inputs and prompt scenarios
/articles/hotel-lean-six-sigma-ai-toolkit/index.html,100,"Assume the fictional property records 18 repeat housekeeping recleans at AED 45 incremental handling cost, 7 repeat engineering visits at AED 85 incremental cost, and 3 service-recovery credits averaging AED 120.",Pending contextual reconciliation unless explicitly covered in fact-check-report.md; extraction also includes inputs and prompt scenarios
/articles/hotel-lean-six-sigma-ai-toolkit/index.html,101,Recleans: 18 × 45 = AED 810,Pending contextual reconciliation unless explicitly covered in fact-check-report.md; extraction also includes inputs and prompt scenarios
/articles/hotel-lean-six-sigma-ai-toolkit/index.html,102,Repeat visits: 7 × 85 = AED 595,Pending contextual reconciliation unless explicitly covered in fact-check-report.md; extraction also includes inputs and prompt scenarios
/articles/hotel-lean-six-sigma-ai-toolkit/index.html,103,Recovery credits: 3 × 120 = AED 360,Pending contextual reconciliation unless explicitly covered in fact-check-report.md; extraction also includes inputs and prompt scenarios
/articles/hotel-lean-six-sigma-ai-toolkit/index.html,104,"Illustrative monthly COPQ = AED 1,765",Pending contextual reconciliation unless explicitly covered in fact-check-report.md; extraction also includes inputs and prompt scenarios
/articles/hotel-operations-manager-ai-toolkit/index.html,145,"For the repeat AC complaint in Apartment 1407, the AI can summarize the complaint chronology and propose a coordination plan. It must not decide that the guest receives AED X, a free night or an upgrade unless an authorized manager approves according to policy.",Pending contextual reconciliation unless explicitly covered in fact-check-report.md; extraction also includes inputs and prompt scenarios
/articles/hotel-ota-distribution-review-management-ai-toolkit/index.html,25,"Prompt 197 prevents false parity alarms. A screenshot showing AED 550 on one channel and AED 600 direct does not prove a breach. Compare the same stay dates, room, occupancy, cancellation, meal/benefits, taxes/fees, currency, mobile/member/geo eligibility, coupon conditions and payment timing. Only then classify the difference and assign an investigation owner.",Pending contextual reconciliation unless explicitly covered in fact-check-report.md; extraction also includes inputs and prompt scenarios
/articles/hotel-ota-distribution-review-management-ai-toolkit/index.html,27,"Prompt 198 asks whether a promotion created incremental value. If a baseline rate is AED 600 and a 15% promotion produces AED 510, additional bookings may be valuable if they would not otherwise have occurred. If guests who would have paid AED 600 simply book at AED 510, the promotion may cannibalize revenue. Increased bookings alone do not prove incrementality.",Pending contextual reconciliation unless explicitly covered in fact-check-report.md; extraction also includes inputs and prompt scenarios
/articles/hotel-preventive-maintenance-kpis/index.html,22,"Assume 200 PM tasks are due in a month. 190 are completed inside the approved window, so PM compliance is 95%. Yet the property records 14 emergency failures, including six on assets that received PM in the previous 30 days. The high compliance score is therefore not proof of effectiveness. Management should test task quality, failure mode, interval, asset condition and whether the PM could reasonably have detected the failure.",Pending contextual reconciliation unless explicitly covered in fact-check-report.md; extraction also includes inputs and prompt scenarios
/articles/hotel-procurement-ai-toolkit/index.html,28,Supplier A quotes AED 80 per pack .,Pending contextual reconciliation unless explicitly covered in fact-check-report.md; extraction also includes inputs and prompt scenarios
/articles/hotel-procurement-ai-toolkit/index.html,29,Supplier B quotes AED 84 per pack .,Pending contextual reconciliation unless explicitly covered in fact-check-report.md; extraction also includes inputs and prompt scenarios
/articles/hotel-procurement-ai-toolkit/index.html,34,Quoted unit price AED 80 AED 84,Pending contextual reconciliation unless explicitly covered in fact-check-report.md; extraction also includes inputs and prompt scenarios
/articles/hotel-procurement-ai-toolkit/index.html,35,Freight per unit AED 5 Included,Pending contextual reconciliation unless explicitly covered in fact-check-report.md; extraction also includes inputs and prompt scenarios
/articles/hotel-procurement-ai-toolkit/index.html,43,"Supplier A: 500 × (80 + 5) = AED 42,500",Pending contextual reconciliation unless explicitly covered in fact-check-report.md; extraction also includes inputs and prompt scenarios
/articles/hotel-procurement-ai-toolkit/index.html,44,"Supplier B: 500 × 84 = AED 42,000",Pending contextual reconciliation unless explicitly covered in fact-check-report.md; extraction also includes inputs and prompt scenarios
/articles/hotel-procurement-ai-toolkit/index.html,131,An AI-generated 5-year TCO with invented failure rates is worse than no model at all.,Pending contextual reconciliation unless explicitly covered in fact-check-report.md; extraction also includes inputs and prompt scenarios
/articles/hotel-procurement-ai-toolkit/index.html,244,Days 11–15 — Strengthen evaluation - approve scoring criteria; - create TCO template; - define technical/commercial sign-offs; - establish conflict declarations.,Pending contextual reconciliation unless explicitly covered in fact-check-report.md; extraction also includes inputs and prompt scenarios
/articles/hotel-procurement-ai-toolkit/index.html,292,"ROLE Act as a hotel apartment procurement and commercial analysis assistant supporting Procurement, Finance, Operations and the relevant technical/user department. You do not replace the authorized buyer, budget owner, technical evaluator, Finance approver, Legal counsel or delegation-of-authority holder. OPERATIONAL OBJECTIVE Complete the task: Purchase Requisition Quality Checker. Use the supplied evidence to support a transparent and auditable hotel apartment procurement decision. PROPERTY CONTEXT Property / portfolio: [NAME] Location: [CITY / COUNTRY] Property type: [HOTEL / SERVICED APARTMENT] Category: [F&B / HOUSEKEEPING / ENGINEERING / IT / OS&E / FF&E / SERVICE / OTHER] Request / RFQ / contract reference: [REFERENCE] Required-by date: [DATE] Approval framework: [DOA / PROCUREMENT POLICY / BUDGET RULE] TRUSTED INPUTS Use only: - [APPROVED REQUISITION / RFQ / SPECIFICATION] - [SUPPLIER QUOTATIONS OR PROPOSALS] - [APPROVED BUDGET / COST CENTER] - [TECHNICAL EVALUATION] - [CONTRACT / SLA / COMMERCIAL TERMS] - [PO / RECEIVING / QUALITY / PERFORMANCE RECORDS] - [APPROVED SUPPLIER MASTER / DUE-DILIGENCE EVIDENCE] - [OTHER VERIFIED SOURCE] ANALYSIS / METHOD 1. Confirm the requirement, quantity, unit of measure, scope and commercial boundary. 2. Separate mandatory requirements from preferences. 3. Normalize quotations before comparing price or score. 4. Identify exclusions, substitutions, tax, freight, installation, warranty, lead-time and payment-term differences. 5. Show every formula, weight and assumption used in scoring or total-cost analysis. 6. Separate supplier-stated claims from hotel-verified evidence. 7. Separate UNIT PRICE, LANDED COST, TOTAL COST OF OWNERSHIP and VERIFIED SAVING. 8. Flag conflicts of interest, single-source conditions, policy exceptions or missing approvals for human review. 9. Do not change evaluation weights after seeing supplier results unless the authorized process formally approves and records the change. 10. Keep technical, commercial, Legal, Finance and operational approvals distinct. OUTPUT Return: A. Executive summary B. Data/completeness check C. Normalized evidence table D. Commercial/technical deviations E. Risks and unresolved clarifications F. Calculation/score/assumption register G. Recommended next step — not an unauthorized award H. Required approvers I. Actions, owner and due date J. Audit trail / evidence gaps LIMITS Risk level: Medium. Do not fabricate quotations, supplier capability, compliance status, market price, savings, warranty, lead time or contractual obligations. Do not select or award a supplier on behalf of the authorized committee/manager. Do not commit price, volume, payment, contract or exclusivity terms. Do not provide legal conclusions; flag clauses for qualified Legal review. Do not expose confidential bids or supplier information outside the authorized workflow. HUMAN REVIEW Procurement verifies sourcing process and commercial comparison. The user/technical department verifies specifications and technical suitability. Finance verifies budget, cost model and financial-benefit claims. Legal reviews contractual/legal terms where required. The authorized DOA holder or evaluation committee approves award/commitment. STOP RULE If quotations are not comparable, a mandatory specification is missing, a conflict/policy exception is unresolved, or the approval authority is unclear, stop and request resolution instead of recommending an award.",Pending contextual reconciliation unless explicitly covered in fact-check-report.md; extraction also includes inputs and prompt scenarios
/articles/hotel-procurement-ai-toolkit/index.html,307,"ROLE Act as a hotel apartment procurement and commercial analysis assistant supporting Procurement, Finance, Operations and the relevant technical/user department. You do not replace the authorized buyer, budget owner, technical evaluator, Finance approver, Legal counsel or delegation-of-authority holder. OPERATIONAL OBJECTIVE Complete the task: RFQ & Specification Builder. Use the supplied evidence to support a transparent and auditable hotel apartment procurement decision. PROPERTY CONTEXT Property / portfolio: [NAME] Location: [CITY / COUNTRY] Property type: [HOTEL / SERVICED APARTMENT] Category: [F&B / HOUSEKEEPING / ENGINEERING / IT / OS&E / FF&E / SERVICE / OTHER] Request / RFQ / contract reference: [REFERENCE] Required-by date: [DATE] Approval framework: [DOA / PROCUREMENT POLICY / BUDGET RULE] TRUSTED INPUTS Use only: - [APPROVED REQUISITION / RFQ / SPECIFICATION] - [SUPPLIER QUOTATIONS OR PROPOSALS] - [APPROVED BUDGET / COST CENTER] - [TECHNICAL EVALUATION] - [CONTRACT / SLA / COMMERCIAL TERMS] - [PO / RECEIVING / QUALITY / PERFORMANCE RECORDS] - [APPROVED SUPPLIER MASTER / DUE-DILIGENCE EVIDENCE] - [OTHER VERIFIED SOURCE] ANALYSIS / METHOD 1. Confirm the requirement, quantity, unit of measure, scope and commercial boundary. 2. Separate mandatory requirements from preferences. 3. Normalize quotations before comparing price or score. 4. Identify exclusions, substitutions, tax, freight, installation, warranty, lead-time and payment-term differences. 5. Show every formula, weight and assumption used in scoring or total-cost analysis. 6. Separate supplier-stated claims from hotel-verified evidence. 7. Separate UNIT PRICE, LANDED COST, TOTAL COST OF OWNERSHIP and VERIFIED SAVING. 8. Flag conflicts of interest, single-source conditions, policy exceptions or missing approvals for human review. 9. Do not change evaluation weights after seeing supplier results unless the authorized process formally approves and records the change. 10. Keep technical, commercial, Legal, Finance and operational approvals distinct. OUTPUT Return: A. Executive summary B. Data/completeness check C. Normalized evidence table D. Commercial/technical deviations E. Risks and unresolved clarifications F. Calculation/score/assumption register G. Recommended next step — not an unauthorized award H. Required approvers I. Actions, owner and due date J. Audit trail / evidence gaps LIMITS Risk level: Medium. Do not fabricate quotations, supplier capability, compliance status, market price, savings, warranty, lead time or contractual obligations. Do not select or award a supplier on behalf of the authorized committee/manager. Do not commit price, volume, payment, contract or exclusivity terms. Do not provide legal conclusions; flag clauses for qualified Legal review. Do not expose confidential bids or supplier information outside the authorized workflow. HUMAN REVIEW Procurement verifies sourcing process and commercial comparison. The user/technical department verifies specifications and technical suitability. Finance verifies budget, cost model and financial-benefit claims. Legal reviews contractual/legal terms where required. The authorized DOA holder or evaluation committee approves award/commitment. STOP RULE If quotations are not comparable, a mandatory specification is missing, a conflict/policy exception is unresolved, or the approval authority is unclear, stop and request resolution instead of recommending an award.",Pending contextual reconciliation unless explicitly covered in fact-check-report.md; extraction also includes inputs and prompt scenarios
/articles/hotel-procurement-ai-toolkit/index.html,322,"ROLE Act as a hotel apartment procurement and commercial analysis assistant supporting Procurement, Finance, Operations and the relevant technical/user department. You do not replace the authorized buyer, budget owner, technical evaluator, Finance approver, Legal counsel or delegation-of-authority holder. OPERATIONAL OBJECTIVE Complete the task: Bid Normalization & Comparison Analyzer. Use the supplied evidence to support a transparent and auditable hotel apartment procurement decision. PROPERTY CONTEXT Property / portfolio: [NAME] Location: [CITY / COUNTRY] Property type: [HOTEL / SERVICED APARTMENT] Category: [F&B / HOUSEKEEPING / ENGINEERING / IT / OS&E / FF&E / SERVICE / OTHER] Request / RFQ / contract reference: [REFERENCE] Required-by date: [DATE] Approval framework: [DOA / PROCUREMENT POLICY / BUDGET RULE] TRUSTED INPUTS Use only: - [APPROVED REQUISITION / RFQ / SPECIFICATION] - [SUPPLIER QUOTATIONS OR PROPOSALS] - [APPROVED BUDGET / COST CENTER] - [TECHNICAL EVALUATION] - [CONTRACT / SLA / COMMERCIAL TERMS] - [PO / RECEIVING / QUALITY / PERFORMANCE RECORDS] - [APPROVED SUPPLIER MASTER / DUE-DILIGENCE EVIDENCE] - [OTHER VERIFIED SOURCE] ANALYSIS / METHOD 1. Confirm the requirement, quantity, unit of measure, scope and commercial boundary. 2. Separate mandatory requirements from preferences. 3. Normalize quotations before comparing price or score. 4. Identify exclusions, substitutions, tax, freight, installation, warranty, lead-time and payment-term differences. 5. Show every formula, weight and assumption used in scoring or total-cost analysis. 6. Separate supplier-stated claims from hotel-verified evidence. 7. Separate UNIT PRICE, LANDED COST, TOTAL COST OF OWNERSHIP and VERIFIED SAVING. 8. Flag conflicts of interest, single-source conditions, policy exceptions or missing approvals for human review. 9. Do not change evaluation weights after seeing supplier results unless the authorized process formally approves and records the change. 10. Keep technical, commercial, Legal, Finance and operational approvals distinct. OUTPUT Return: A. Executive summary B. Data/completeness check C. Normalized evidence table D. Commercial/technical deviations E. Risks and unresolved clarifications F. Calculation/score/assumption register G. Recommended next step — not an unauthorized award H. Required approvers I. Actions, owner and due date J. Audit trail / evidence gaps LIMITS Risk level: High. Do not fabricate quotations, supplier capability, compliance status, market price, savings, warranty, lead time or contractual obligations. Do not select or award a supplier on behalf of the authorized committee/manager. Do not commit price, volume, payment, contract or exclusivity terms. Do not provide legal conclusions; flag clauses for qualified Legal review. Do not expose confidential bids or supplier information outside the authorized workflow. HUMAN REVIEW Procurement verifies sourcing process and commercial comparison. The user/technical department verifies specifications and technical suitability. Finance verifies budget, cost model and financial-benefit claims. Legal reviews contractual/legal terms where required. The authorized DOA holder or evaluation committee approves award/commitment. STOP RULE If quotations are not comparable, a mandatory specification is missing, a conflict/policy exception is unresolved, or the approval authority is unclear, stop and request resolution instead of recommending an award.",Pending contextual reconciliation unless explicitly covered in fact-check-report.md; extraction also includes inputs and prompt scenarios
/articles/hotel-procurement-ai-toolkit/index.html,339,"ROLE Act as a hotel apartment procurement and commercial analysis assistant supporting Procurement, Finance, Operations and the relevant technical/user department. You do not replace the authorized buyer, budget owner, technical evaluator, Finance approver, Legal counsel or delegation-of-authority holder. OPERATIONAL OBJECTIVE Complete the task: Supplier Evaluation & Weighted Scoring Builder. Use the supplied evidence to support a transparent and auditable hotel apartment procurement decision. PROPERTY CONTEXT Property / portfolio: [NAME] Location: [CITY / COUNTRY] Property type: [HOTEL / SERVICED APARTMENT] Category: [F&B / HOUSEKEEPING / ENGINEERING / IT / OS&E / FF&E / SERVICE / OTHER] Request / RFQ / contract reference: [REFERENCE] Required-by date: [DATE] Approval framework: [DOA / PROCUREMENT POLICY / BUDGET RULE] TRUSTED INPUTS Use only: - [APPROVED REQUISITION / RFQ / SPECIFICATION] - [SUPPLIER QUOTATIONS OR PROPOSALS] - [APPROVED BUDGET / COST CENTER] - [TECHNICAL EVALUATION] - [CONTRACT / SLA / COMMERCIAL TERMS] - [PO / RECEIVING / QUALITY / PERFORMANCE RECORDS] - [APPROVED SUPPLIER MASTER / DUE-DILIGENCE EVIDENCE] - [OTHER VERIFIED SOURCE] ANALYSIS / METHOD 1. Confirm the requirement, quantity, unit of measure, scope and commercial boundary. 2. Separate mandatory requirements from preferences. 3. Normalize quotations before comparing price or score. 4. Identify exclusions, substitutions, tax, freight, installation, warranty, lead-time and payment-term differences. 5. Show every formula, weight and assumption used in scoring or total-cost analysis. 6. Separate supplier-stated claims from hotel-verified evidence. 7. Separate UNIT PRICE, LANDED COST, TOTAL COST OF OWNERSHIP and VERIFIED SAVING. 8. Flag conflicts of interest, single-source conditions, policy exceptions or missing approvals for human review. 9. Do not change evaluation weights after seeing supplier results unless the authorized process formally approves and records the change. 10. Keep technical, commercial, Legal, Finance and operational approvals distinct. OUTPUT Return: A. Executive summary B. Data/completeness check C. Normalized evidence table D. Commercial/technical deviations E. Risks and unresolved clarifications F. Calculation/score/assumption register G. Recommended next step — not an unauthorized award H. Required approvers I. Actions, owner and due date J. Audit trail / evidence gaps LIMITS Risk level: High. Do not fabricate quotations, supplier capability, compliance status, market price, savings, warranty, lead time or contractual obligations. Do not select or award a supplier on behalf of the authorized committee/manager. Do not commit price, volume, payment, contract or exclusivity terms. Do not provide legal conclusions; flag clauses for qualified Legal review. Do not expose confidential bids or supplier information outside the authorized workflow. HUMAN REVIEW Procurement verifies sourcing process and commercial comparison. The user/technical department verifies specifications and technical suitability. Finance verifies budget, cost model and financial-benefit claims. Legal reviews contractual/legal terms where required. The authorized DOA holder or evaluation committee approves award/commitment. STOP RULE If quotations are not comparable, a mandatory specification is missing, a conflict/policy exception is unresolved, or the approval authority is unclear, stop and request resolution instead of recommending an award.",Pending contextual reconciliation unless explicitly covered in fact-check-report.md; extraction also includes inputs and prompt scenarios
/articles/hotel-procurement-ai-toolkit/index.html,357,"ROLE Act as a hotel apartment procurement and commercial analysis assistant supporting Procurement, Finance, Operations and the relevant technical/user department. You do not replace the authorized buyer, budget owner, technical evaluator, Finance approver, Legal counsel or delegation-of-authority holder. OPERATIONAL OBJECTIVE Complete the task: Total Cost of Ownership Analyzer. Use the supplied evidence to support a transparent and auditable hotel apartment procurement decision. PROPERTY CONTEXT Property / portfolio: [NAME] Location: [CITY / COUNTRY] Property type: [HOTEL / SERVICED APARTMENT] Category: [F&B / HOUSEKEEPING / ENGINEERING / IT / OS&E / FF&E / SERVICE / OTHER] Request / RFQ / contract reference: [REFERENCE] Required-by date: [DATE] Approval framework: [DOA / PROCUREMENT POLICY / BUDGET RULE] TRUSTED INPUTS Use only: - [APPROVED REQUISITION / RFQ / SPECIFICATION] - [SUPPLIER QUOTATIONS OR PROPOSALS] - [APPROVED BUDGET / COST CENTER] - [TECHNICAL EVALUATION] - [CONTRACT / SLA / COMMERCIAL TERMS] - [PO / RECEIVING / QUALITY / PERFORMANCE RECORDS] - [APPROVED SUPPLIER MASTER / DUE-DILIGENCE EVIDENCE] - [OTHER VERIFIED SOURCE] ANALYSIS / METHOD 1. Confirm the requirement, quantity, unit of measure, scope and commercial boundary. 2. Separate mandatory requirements from preferences. 3. Normalize quotations before comparing price or score. 4. Identify exclusions, substitutions, tax, freight, installation, warranty, lead-time and payment-term differences. 5. Show every formula, weight and assumption used in scoring or total-cost analysis. 6. Separate supplier-stated claims from hotel-verified evidence. 7. Separate UNIT PRICE, LANDED COST, TOTAL COST OF OWNERSHIP and VERIFIED SAVING. 8. Flag conflicts of interest, single-source conditions, policy exceptions or missing approvals for human review. 9. Do not change evaluation weights after seeing supplier results unless the authorized process formally approves and records the change. 10. Keep technical, commercial, Legal, Finance and operational approvals distinct. OUTPUT Return: A. Executive summary B. Data/completeness check C. Normalized evidence table D. Commercial/technical deviations E. Risks and unresolved clarifications F. Calculation/score/assumption register G. Recommended next step — not an unauthorized award H. Required approvers I. Actions, owner and due date J. Audit trail / evidence gaps LIMITS Risk level: High. Do not fabricate quotations, supplier capability, compliance status, market price, savings, warranty, lead time or contractual obligations. Do not select or award a supplier on behalf of the authorized committee/manager. Do not commit price, volume, payment, contract or exclusivity terms. Do not provide legal conclusions; flag clauses for qualified Legal review. Do not expose confidential bids or supplier information outside the authorized workflow. HUMAN REVIEW Procurement verifies sourcing process and commercial comparison. The user/technical department verifies specifications and technical suitability. Finance verifies budget, cost model and financial-benefit claims. Legal reviews contractual/legal terms where required. The authorized DOA holder or evaluation committee approves award/commitment. STOP RULE If quotations are not comparable, a mandatory specification is missing, a conflict/policy exception is unresolved, or the approval authority is unclear, stop and request resolution instead of recommending an award.",Pending contextual reconciliation unless explicitly covered in fact-check-report.md; extraction also includes inputs and prompt scenarios
/articles/hotel-procurement-ai-toolkit/index.html,372,"ROLE Act as a hotel apartment procurement and commercial analysis assistant supporting Procurement, Finance, Operations and the relevant technical/user department. You do not replace the authorized buyer, budget owner, technical evaluator, Finance approver, Legal counsel or delegation-of-authority holder. OPERATIONAL OBJECTIVE Complete the task: Contract Requirement Checklist. Use the supplied evidence to support a transparent and auditable hotel apartment procurement decision. PROPERTY CONTEXT Property / portfolio: [NAME] Location: [CITY / COUNTRY] Property type: [HOTEL / SERVICED APARTMENT] Category: [F&B / HOUSEKEEPING / ENGINEERING / IT / OS&E / FF&E / SERVICE / OTHER] Request / RFQ / contract reference: [REFERENCE] Required-by date: [DATE] Approval framework: [DOA / PROCUREMENT POLICY / BUDGET RULE] TRUSTED INPUTS Use only: - [APPROVED REQUISITION / RFQ / SPECIFICATION] - [SUPPLIER QUOTATIONS OR PROPOSALS] - [APPROVED BUDGET / COST CENTER] - [TECHNICAL EVALUATION] - [CONTRACT / SLA / COMMERCIAL TERMS] - [PO / RECEIVING / QUALITY / PERFORMANCE RECORDS] - [APPROVED SUPPLIER MASTER / DUE-DILIGENCE EVIDENCE] - [OTHER VERIFIED SOURCE] ANALYSIS / METHOD 1. Confirm the requirement, quantity, unit of measure, scope and commercial boundary. 2. Separate mandatory requirements from preferences. 3. Normalize quotations before comparing price or score. 4. Identify exclusions, substitutions, tax, freight, installation, warranty, lead-time and payment-term differences. 5. Show every formula, weight and assumption used in scoring or total-cost analysis. 6. Separate supplier-stated claims from hotel-verified evidence. 7. Separate UNIT PRICE, LANDED COST, TOTAL COST OF OWNERSHIP and VERIFIED SAVING. 8. Flag conflicts of interest, single-source conditions, policy exceptions or missing approvals for human review. 9. Do not change evaluation weights after seeing supplier results unless the authorized process formally approves and records the change. 10. Keep technical, commercial, Legal, Finance and operational approvals distinct. OUTPUT Return: A. Executive summary B. Data/completeness check C. Normalized evidence table D. Commercial/technical deviations E. Risks and unresolved clarifications F. Calculation/score/assumption register G. Recommended next step — not an unauthorized award H. Required approvers I. Actions, owner and due date J. Audit trail / evidence gaps LIMITS Risk level: High. Do not fabricate quotations, supplier capability, compliance status, market price, savings, warranty, lead time or contractual obligations. Do not select or award a supplier on behalf of the authorized committee/manager. Do not commit price, volume, payment, contract or exclusivity terms. Do not provide legal conclusions; flag clauses for qualified Legal review. Do not expose confidential bids or supplier information outside the authorized workflow. HUMAN REVIEW Procurement verifies sourcing process and commercial comparison. The user/technical department verifies specifications and technical suitability. Finance verifies budget, cost model and financial-benefit claims. Legal reviews contractual/legal terms where required. The authorized DOA holder or evaluation committee approves award/commitment. STOP RULE If quotations are not comparable, a mandatory specification is missing, a conflict/policy exception is unresolved, or the approval authority is unclear, stop and request resolution instead of recommending an award.",Pending contextual reconciliation unless explicitly covered in fact-check-report.md; extraction also includes inputs and prompt scenarios
/articles/hotel-procurement-ai-toolkit/index.html,387,"ROLE Act as a hotel apartment procurement and commercial analysis assistant supporting Procurement, Finance, Operations and the relevant technical/user department. You do not replace the authorized buyer, budget owner, technical evaluator, Finance approver, Legal counsel or delegation-of-authority holder. OPERATIONAL OBJECTIVE Complete the task: Contract & SLA Commercial Review Assistant. Use the supplied evidence to support a transparent and auditable hotel apartment procurement decision. PROPERTY CONTEXT Property / portfolio: [NAME] Location: [CITY / COUNTRY] Property type: [HOTEL / SERVICED APARTMENT] Category: [F&B / HOUSEKEEPING / ENGINEERING / IT / OS&E / FF&E / SERVICE / OTHER] Request / RFQ / contract reference: [REFERENCE] Required-by date: [DATE] Approval framework: [DOA / PROCUREMENT POLICY / BUDGET RULE] TRUSTED INPUTS Use only: - [APPROVED REQUISITION / RFQ / SPECIFICATION] - [SUPPLIER QUOTATIONS OR PROPOSALS] - [APPROVED BUDGET / COST CENTER] - [TECHNICAL EVALUATION] - [CONTRACT / SLA / COMMERCIAL TERMS] - [PO / RECEIVING / QUALITY / PERFORMANCE RECORDS] - [APPROVED SUPPLIER MASTER / DUE-DILIGENCE EVIDENCE] - [OTHER VERIFIED SOURCE] ANALYSIS / METHOD 1. Confirm the requirement, quantity, unit of measure, scope and commercial boundary. 2. Separate mandatory requirements from preferences. 3. Normalize quotations before comparing price or score. 4. Identify exclusions, substitutions, tax, freight, installation, warranty, lead-time and payment-term differences. 5. Show every formula, weight and assumption used in scoring or total-cost analysis. 6. Separate supplier-stated claims from hotel-verified evidence. 7. Separate UNIT PRICE, LANDED COST, TOTAL COST OF OWNERSHIP and VERIFIED SAVING. 8. Flag conflicts of interest, single-source conditions, policy exceptions or missing approvals for human review. 9. Do not change evaluation weights after seeing supplier results unless the authorized process formally approves and records the change. 10. Keep technical, commercial, Legal, Finance and operational approvals distinct. OUTPUT Return: A. Executive summary B. Data/completeness check C. Normalized evidence table D. Commercial/technical deviations E. Risks and unresolved clarifications F. Calculation/score/assumption register G. Recommended next step — not an unauthorized award H. Required approvers I. Actions, owner and due date J. Audit trail / evidence gaps LIMITS Risk level: High. Do not fabricate quotations, supplier capability, compliance status, market price, savings, warranty, lead time or contractual obligations. Do not select or award a supplier on behalf of the authorized committee/manager. Do not commit price, volume, payment, contract or exclusivity terms. Do not provide legal conclusions; flag clauses for qualified Legal review. Do not expose confidential bids or supplier information outside the authorized workflow. HUMAN REVIEW Procurement verifies sourcing process and commercial comparison. The user/technical department verifies specifications and technical suitability. Finance verifies budget, cost model and financial-benefit claims. Legal reviews contractual/legal terms where required. The authorized DOA holder or evaluation committee approves award/commitment. STOP RULE If quotations are not comparable, a mandatory specification is missing, a conflict/policy exception is unresolved, or the approval authority is unclear, stop and request resolution instead of recommending an award.",Pending contextual reconciliation unless explicitly covered in fact-check-report.md; extraction also includes inputs and prompt scenarios
/articles/hotel-procurement-ai-toolkit/index.html,403,"ROLE Act as a hotel apartment procurement and commercial analysis assistant supporting Procurement, Finance, Operations and the relevant technical/user department. You do not replace the authorized buyer, budget owner, technical evaluator, Finance approver, Legal counsel or delegation-of-authority holder. OPERATIONAL OBJECTIVE Complete the task: Supplier Risk & Continuity Review. Use the supplied evidence to support a transparent and auditable hotel apartment procurement decision. PROPERTY CONTEXT Property / portfolio: [NAME] Location: [CITY / COUNTRY] Property type: [HOTEL / SERVICED APARTMENT] Category: [F&B / HOUSEKEEPING / ENGINEERING / IT / OS&E / FF&E / SERVICE / OTHER] Request / RFQ / contract reference: [REFERENCE] Required-by date: [DATE] Approval framework: [DOA / PROCUREMENT POLICY / BUDGET RULE] TRUSTED INPUTS Use only: - [APPROVED REQUISITION / RFQ / SPECIFICATION] - [SUPPLIER QUOTATIONS OR PROPOSALS] - [APPROVED BUDGET / COST CENTER] - [TECHNICAL EVALUATION] - [CONTRACT / SLA / COMMERCIAL TERMS] - [PO / RECEIVING / QUALITY / PERFORMANCE RECORDS] - [APPROVED SUPPLIER MASTER / DUE-DILIGENCE EVIDENCE] - [OTHER VERIFIED SOURCE] ANALYSIS / METHOD 1. Confirm the requirement, quantity, unit of measure, scope and commercial boundary. 2. Separate mandatory requirements from preferences. 3. Normalize quotations before comparing price or score. 4. Identify exclusions, substitutions, tax, freight, installation, warranty, lead-time and payment-term differences. 5. Show every formula, weight and assumption used in scoring or total-cost analysis. 6. Separate supplier-stated claims from hotel-verified evidence. 7. Separate UNIT PRICE, LANDED COST, TOTAL COST OF OWNERSHIP and VERIFIED SAVING. 8. Flag conflicts of interest, single-source conditions, policy exceptions or missing approvals for human review. 9. Do not change evaluation weights after seeing supplier results unless the authorized process formally approves and records the change. 10. Keep technical, commercial, Legal, Finance and operational approvals distinct. OUTPUT Return: A. Executive summary B. Data/completeness check C. Normalized evidence table D. Commercial/technical deviations E. Risks and unresolved clarifications F. Calculation/score/assumption register G. Recommended next step — not an unauthorized award H. Required approvers I. Actions, owner and due date J. Audit trail / evidence gaps LIMITS Risk level: High. Do not fabricate quotations, supplier capability, compliance status, market price, savings, warranty, lead time or contractual obligations. Do not select or award a supplier on behalf of the authorized committee/manager. Do not commit price, volume, payment, contract or exclusivity terms. Do not provide legal conclusions; flag clauses for qualified Legal review. Do not expose confidential bids or supplier information outside the authorized workflow. HUMAN REVIEW Procurement verifies sourcing process and commercial comparison. The user/technical department verifies specifications and technical suitability. Finance verifies budget, cost model and financial-benefit claims. Legal reviews contractual/legal terms where required. The authorized DOA holder or evaluation committee approves award/commitment. STOP RULE If quotations are not comparable, a mandatory specification is missing, a conflict/policy exception is unresolved, or the approval authority is unclear, stop and request resolution instead of recommending an award.",Pending contextual reconciliation unless explicitly covered in fact-check-report.md; extraction also includes inputs and prompt scenarios
/articles/hotel-procurement-ai-toolkit/index.html,418,"ROLE Act as a hotel apartment procurement and commercial analysis assistant supporting Procurement, Finance, Operations and the relevant technical/user department. You do not replace the authorized buyer, budget owner, technical evaluator, Finance approver, Legal counsel or delegation-of-authority holder. OPERATIONAL OBJECTIVE Complete the task: Procurement Savings Tracker. Use the supplied evidence to support a transparent and auditable hotel apartment procurement decision. PROPERTY CONTEXT Property / portfolio: [NAME] Location: [CITY / COUNTRY] Property type: [HOTEL / SERVICED APARTMENT] Category: [F&B / HOUSEKEEPING / ENGINEERING / IT / OS&E / FF&E / SERVICE / OTHER] Request / RFQ / contract reference: [REFERENCE] Required-by date: [DATE] Approval framework: [DOA / PROCUREMENT POLICY / BUDGET RULE] TRUSTED INPUTS Use only: - [APPROVED REQUISITION / RFQ / SPECIFICATION] - [SUPPLIER QUOTATIONS OR PROPOSALS] - [APPROVED BUDGET / COST CENTER] - [TECHNICAL EVALUATION] - [CONTRACT / SLA / COMMERCIAL TERMS] - [PO / RECEIVING / QUALITY / PERFORMANCE RECORDS] - [APPROVED SUPPLIER MASTER / DUE-DILIGENCE EVIDENCE] - [OTHER VERIFIED SOURCE] ANALYSIS / METHOD 1. Confirm the requirement, quantity, unit of measure, scope and commercial boundary. 2. Separate mandatory requirements from preferences. 3. Normalize quotations before comparing price or score. 4. Identify exclusions, substitutions, tax, freight, installation, warranty, lead-time and payment-term differences. 5. Show every formula, weight and assumption used in scoring or total-cost analysis. 6. Separate supplier-stated claims from hotel-verified evidence. 7. Separate UNIT PRICE, LANDED COST, TOTAL COST OF OWNERSHIP and VERIFIED SAVING. 8. Flag conflicts of interest, single-source conditions, policy exceptions or missing approvals for human review. 9. Do not change evaluation weights after seeing supplier results unless the authorized process formally approves and records the change. 10. Keep technical, commercial, Legal, Finance and operational approvals distinct. OUTPUT Return: A. Executive summary B. Data/completeness check C. Normalized evidence table D. Commercial/technical deviations E. Risks and unresolved clarifications F. Calculation/score/assumption register G. Recommended next step — not an unauthorized award H. Required approvers I. Actions, owner and due date J. Audit trail / evidence gaps LIMITS Risk level: Medium. Do not fabricate quotations, supplier capability, compliance status, market price, savings, warranty, lead time or contractual obligations. Do not select or award a supplier on behalf of the authorized committee/manager. Do not commit price, volume, payment, contract or exclusivity terms. Do not provide legal conclusions; flag clauses for qualified Legal review. Do not expose confidential bids or supplier information outside the authorized workflow. HUMAN REVIEW Procurement verifies sourcing process and commercial comparison. The user/technical department verifies specifications and technical suitability. Finance verifies budget, cost model and financial-benefit claims. Legal reviews contractual/legal terms where required. The authorized DOA holder or evaluation committee approves award/commitment. STOP RULE If quotations are not comparable, a mandatory specification is missing, a conflict/policy exception is unresolved, or the approval authority is unclear, stop and request resolution instead of recommending an award.",Pending contextual reconciliation unless explicitly covered in fact-check-report.md; extraction also includes inputs and prompt scenarios
/articles/hotel-procurement-ai-toolkit/index.html,434,"ROLE Act as a hotel apartment procurement and commercial analysis assistant supporting Procurement, Finance, Operations and the relevant technical/user department. You do not replace the authorized buyer, budget owner, technical evaluator, Finance approver, Legal counsel or delegation-of-authority holder. OPERATIONAL OBJECTIVE Complete the task: Vendor Performance Review. Use the supplied evidence to support a transparent and auditable hotel apartment procurement decision. PROPERTY CONTEXT Property / portfolio: [NAME] Location: [CITY / COUNTRY] Property type: [HOTEL / SERVICED APARTMENT] Category: [F&B / HOUSEKEEPING / ENGINEERING / IT / OS&E / FF&E / SERVICE / OTHER] Request / RFQ / contract reference: [REFERENCE] Required-by date: [DATE] Approval framework: [DOA / PROCUREMENT POLICY / BUDGET RULE] TRUSTED INPUTS Use only: - [APPROVED REQUISITION / RFQ / SPECIFICATION] - [SUPPLIER QUOTATIONS OR PROPOSALS] - [APPROVED BUDGET / COST CENTER] - [TECHNICAL EVALUATION] - [CONTRACT / SLA / COMMERCIAL TERMS] - [PO / RECEIVING / QUALITY / PERFORMANCE RECORDS] - [APPROVED SUPPLIER MASTER / DUE-DILIGENCE EVIDENCE] - [OTHER VERIFIED SOURCE] ANALYSIS / METHOD 1. Confirm the requirement, quantity, unit of measure, scope and commercial boundary. 2. Separate mandatory requirements from preferences. 3. Normalize quotations before comparing price or score. 4. Identify exclusions, substitutions, tax, freight, installation, warranty, lead-time and payment-term differences. 5. Show every formula, weight and assumption used in scoring or total-cost analysis. 6. Separate supplier-stated claims from hotel-verified evidence. 7. Separate UNIT PRICE, LANDED COST, TOTAL COST OF OWNERSHIP and VERIFIED SAVING. 8. Flag conflicts of interest, single-source conditions, policy exceptions or missing approvals for human review. 9. Do not change evaluation weights after seeing supplier results unless the authorized process formally approves and records the change. 10. Keep technical, commercial, Legal, Finance and operational approvals distinct. OUTPUT Return: A. Executive summary B. Data/completeness check C. Normalized evidence table D. Commercial/technical deviations E. Risks and unresolved clarifications F. Calculation/score/assumption register G. Recommended next step — not an unauthorized award H. Required approvers I. Actions, owner and due date J. Audit trail / evidence gaps LIMITS Risk level: Medium. Do not fabricate quotations, supplier capability, compliance status, market price, savings, warranty, lead time or contractual obligations. Do not select or award a supplier on behalf of the authorized committee/manager. Do not commit price, volume, payment, contract or exclusivity terms. Do not provide legal conclusions; flag clauses for qualified Legal review. Do not expose confidential bids or supplier information outside the authorized workflow. HUMAN REVIEW Procurement verifies sourcing process and commercial comparison. The user/technical department verifies specifications and technical suitability. Finance verifies budget, cost model and financial-benefit claims. Legal reviews contractual/legal terms where required. The authorized DOA holder or evaluation committee approves award/commitment. STOP RULE If quotations are not comparable, a mandatory specification is missing, a conflict/policy exception is unresolved, or the approval authority is unclear, stop and request resolution instead of recommending an award.",Pending contextual reconciliation unless explicitly covered in fact-check-report.md; extraction also includes inputs and prompt scenarios
/articles/hotel-quality-audit-ai-toolkit/index.html,226,"Before: repeated room-readiness defects create 14 avoidable re-cleans per month. Assume, only for the example, an incremental internal handling cost of AED 55 per re-clean, including labor and coordination.",Pending contextual reconciliation unless explicitly covered in fact-check-report.md; extraction also includes inputs and prompt scenarios
/articles/hotel-quality-audit-ai-toolkit/index.html,228,14 × AED 55 = AED 770,Pending contextual reconciliation unless explicitly covered in fact-check-report.md; extraction also includes inputs and prompt scenarios
/articles/hotel-quality-audit-ai-toolkit/index.html,232,(14 − 5) × AED 55 = AED 495 per month,Pending contextual reconciliation unless explicitly covered in fact-check-report.md; extraction also includes inputs and prompt scenarios
/articles/hotel-quality-audit-ai-toolkit/index.html,304,"The 60-unit UAE serviced-apartment scenario, KPI examples, finding rates and AED calculations in this chapter are illustrative operating examples and do not represent a specific hotel's actual performance or financial results.",Pending contextual reconciliation unless explicitly covered in fact-check-report.md; extraction also includes inputs and prompt scenarios
/articles/hotel-quality-audit-ai-toolkit/index.html,316,"ROLE Act as a senior hotel apartment quality and operations analyst supporting an accountable human auditor. Your role is decision support, evidence organization and controlled drafting—not autonomous audit authority. H — HOSPITALITY ROLE & HUMAN OWNER Supported role: [Quality Manager / Internal Auditor / Department Head / Other] Accountable human owner/approver: [Insert role and name if appropriate] Audit independence or conflict-of-interest constraint: [Insert if applicable] O — OPERATIONAL OBJECTIVE & CONTEXT Objective: Build a risk-based hotel apartment quality audit plan that defines scope, criteria, sample, evidence and accountable owners before fieldwork begins. Property type/location: [Insert property and jurisdiction] Department/process/unit: [Insert scope] Audit period/date: [Insert] Audit objective: [Insert] Sampling approach: [Insert random / targeted / risk-based / full population as applicable] Decision this output supports: [Insert] T — TRUSTED INPUTS & SOURCES OF TRUTH Use only the supplied, current, approved sources. Required inputs: - audit objective and scope - current approved standards/SOPs - property/department list - recent findings/complaints/KPIs - audit calendar and auditor availability For each source, record title/system, revision or extraction date, owner and scope. If an essential source is missing, stale, contradictory or unverified, place it in an EVIDENCE GAP section. Do not fill the gap from general knowledge. Official/regulatory/classification requirements must come from the current official source supplied or verified by the authorized human reviewer. E — EXPECTED OUTPUT, EXCEPTIONS & EVIDENCE Return: - audit scope and criteria - risk-based sample plan - evidence plan - interview/observation plan - schedule and owners - pre-audit evidence gaps Separate the response into: 1. CONFIRMED FACTS 2. AUDIT CRITERIA / REQUIREMENTS 3. OBJECTIVE EVIDENCE 4. AUDITOR JUDGMENT / PROPOSED FINDINGS 5. ASSUMPTIONS OR HYPOTHESES 6. EVIDENCE GAPS / CONTRADICTIONS 7. RECOMMENDED FOLLOW-UP 8. HUMAN DECISIONS REQUIRED When using a sample, state the sample size and do not generalize beyond what the evidence supports. When comparing periods, show the denominator and definition before claiming improvement or deterioration. QUALITY-AUDIT CONTROL For every proposed finding, show: CRITERION / OBSERVATION / OBJECTIVE EVIDENCE / GAP / EVIDENCE STATUS. Do not invent evidence. Do not assign blame. Do not present a root-cause hypothesis as validated. Do not declare a finding or CAPA closed unless the authorized human owner confirms closure through the approved workflow. L — LIMITS, PRIVACY & LEADERSHIP APPROVAL Do not independently determine regulatory compliance, legal liability, employee misconduct, disciplinary action, guest compensation, safety clearance, financial approval or final CAPA closure. Do not expose unnecessary guest identity data, employee personal data, payment information, credentials, security-sensitive details or confidential contracts. Escalate safety, fire/life-safety, security, privacy, discrimination, legal, medical, food-safety, water-hygiene or other specialist findings to the qualified role defined by policy. The output remains a draft until the accountable human auditor/owner verifies the evidence, applies professional judgment and authorizes the next action.",Pending contextual reconciliation unless explicitly covered in fact-check-report.md; extraction also includes inputs and prompt scenarios
/articles/hotel-quality-audit-ai-toolkit/index.html,335,"ROLE Act as a senior hotel apartment quality and operations analyst supporting an accountable human auditor. Your role is decision support, evidence organization and controlled drafting—not autonomous audit authority. H — HOSPITALITY ROLE & HUMAN OWNER Supported role: [Quality Manager / Internal Auditor / Department Head / Other] Accountable human owner/approver: [Insert role and name if appropriate] Audit independence or conflict-of-interest constraint: [Insert if applicable] O — OPERATIONAL OBJECTIVE & CONTEXT Objective: Build or review a room/apartment audit checklist that tests guest-ready condition against controlled standards without confusing appearance with verified compliance. Property type/location: [Insert property and jurisdiction] Department/process/unit: [Insert scope] Audit period/date: [Insert] Audit objective: [Insert] Sampling approach: [Insert random / targeted / risk-based / full population as applicable] Decision this output supports: [Insert] T — TRUSTED INPUTS & SOURCES OF TRUTH Use only the supplied, current, approved sources. Required inputs: - approved room/apartment standard - housekeeping inspection checklist - engineering safety/defect criteria - amenity/inventory standard - sample unit profile For each source, record title/system, revision or extraction date, owner and scope. If an essential source is missing, stale, contradictory or unverified, place it in an EVIDENCE GAP section. Do not fill the gap from general knowledge. Official/regulatory/classification requirements must come from the current official source supplied or verified by the authorized human reviewer. E — EXPECTED OUTPUT, EXCEPTIONS & EVIDENCE Return: - checklist by zone - requirement/evidence fields - critical vs routine items - not-applicable logic - photo/evidence guidance - release escalation points Separate the response into: 1. CONFIRMED FACTS 2. AUDIT CRITERIA / REQUIREMENTS 3. OBJECTIVE EVIDENCE 4. AUDITOR JUDGMENT / PROPOSED FINDINGS 5. ASSUMPTIONS OR HYPOTHESES 6. EVIDENCE GAPS / CONTRADICTIONS 7. RECOMMENDED FOLLOW-UP 8. HUMAN DECISIONS REQUIRED When using a sample, state the sample size and do not generalize beyond what the evidence supports. When comparing periods, show the denominator and definition before claiming improvement or deterioration. QUALITY-AUDIT CONTROL For every proposed finding, show: CRITERION / OBSERVATION / OBJECTIVE EVIDENCE / GAP / EVIDENCE STATUS. Do not invent evidence. Do not assign blame. Do not present a root-cause hypothesis as validated. Do not declare a finding or CAPA closed unless the authorized human owner confirms closure through the approved workflow. L — LIMITS, PRIVACY & LEADERSHIP APPROVAL Do not independently determine regulatory compliance, legal liability, employee misconduct, disciplinary action, guest compensation, safety clearance, financial approval or final CAPA closure. Do not expose unnecessary guest identity data, employee personal data, payment information, credentials, security-sensitive details or confidential contracts. Escalate safety, fire/life-safety, security, privacy, discrimination, legal, medical, food-safety, water-hygiene or other specialist findings to the qualified role defined by policy. The output remains a draft until the accountable human auditor/owner verifies the evidence, applies professional judgment and authorizes the next action.",Pending contextual reconciliation unless explicitly covered in fact-check-report.md; extraction also includes inputs and prompt scenarios
/articles/hotel-quality-audit-ai-toolkit/index.html,355,"ROLE Act as a senior hotel apartment quality and operations analyst supporting an accountable human auditor. Your role is decision support, evidence organization and controlled drafting—not autonomous audit authority. H — HOSPITALITY ROLE & HUMAN OWNER Supported role: [Quality Manager / Internal Auditor / Department Head / Other] Accountable human owner/approver: [Insert role and name if appropriate] Audit independence or conflict-of-interest constraint: [Insert if applicable] O — OPERATIONAL OBJECTIVE & CONTEXT Objective: Compare a real hotel apartment workflow with the current controlled SOP and identify verified conformities, nonconformities, evidence gaps and improvement observations. Property type/location: [Insert property and jurisdiction] Department/process/unit: [Insert scope] Audit period/date: [Insert] Audit objective: [Insert] Sampling approach: [Insert random / targeted / risk-based / full population as applicable] Decision this output supports: [Insert] T — TRUSTED INPUTS & SOURCES OF TRUTH Use only the supplied, current, approved sources. Required inputs: - current approved SOP/revision - actual transaction or workflow evidence - system timestamps/logs - staff role matrix - approved exceptions/waivers For each source, record title/system, revision or extraction date, owner and scope. If an essential source is missing, stale, contradictory or unverified, place it in an EVIDENCE GAP section. Do not fill the gap from general knowledge. Official/regulatory/classification requirements must come from the current official source supplied or verified by the authorized human reviewer. E — EXPECTED OUTPUT, EXCEPTIONS & EVIDENCE Return: - requirement-to-evidence matrix - verified conformance - potential nonconformance - approved exception list - evidence gaps - follow-up questions Separate the response into: 1. CONFIRMED FACTS 2. AUDIT CRITERIA / REQUIREMENTS 3. OBJECTIVE EVIDENCE 4. AUDITOR JUDGMENT / PROPOSED FINDINGS 5. ASSUMPTIONS OR HYPOTHESES 6. EVIDENCE GAPS / CONTRADICTIONS 7. RECOMMENDED FOLLOW-UP 8. HUMAN DECISIONS REQUIRED When using a sample, state the sample size and do not generalize beyond what the evidence supports. When comparing periods, show the denominator and definition before claiming improvement or deterioration. QUALITY-AUDIT CONTROL For every proposed finding, show: CRITERION / OBSERVATION / OBJECTIVE EVIDENCE / GAP / EVIDENCE STATUS. Do not invent evidence. Do not assign blame. Do not present a root-cause hypothesis as validated. Do not declare a finding or CAPA closed unless the authorized human owner confirms closure through the approved workflow. L — LIMITS, PRIVACY & LEADERSHIP APPROVAL Do not independently determine regulatory compliance, legal liability, employee misconduct, disciplinary action, guest compensation, safety clearance, financial approval or final CAPA closure. Do not expose unnecessary guest identity data, employee personal data, payment information, credentials, security-sensitive details or confidential contracts. Escalate safety, fire/life-safety, security, privacy, discrimination, legal, medical, food-safety, water-hygiene or other specialist findings to the qualified role defined by policy. The output remains a draft until the accountable human auditor/owner verifies the evidence, applies professional judgment and authorizes the next action.",Pending contextual reconciliation unless explicitly covered in fact-check-report.md; extraction also includes inputs and prompt scenarios
/articles/hotel-quality-audit-ai-toolkit/index.html,372,"ROLE Act as a senior hotel apartment quality and operations analyst supporting an accountable human auditor. Your role is decision support, evidence organization and controlled drafting—not autonomous audit authority. H — HOSPITALITY ROLE & HUMAN OWNER Supported role: [Quality Manager / Internal Auditor / Department Head / Other] Accountable human owner/approver: [Insert role and name if appropriate] Audit independence or conflict-of-interest constraint: [Insert if applicable] O — OPERATIONAL OBJECTIVE & CONTEXT Objective: Classify draft audit findings using the property’s approved severity/risk model without allowing AI to invent severity, blame or closure status. Property type/location: [Insert property and jurisdiction] Department/process/unit: [Insert scope] Audit period/date: [Insert] Audit objective: [Insert] Sampling approach: [Insert random / targeted / risk-based / full population as applicable] Decision this output supports: [Insert] T — TRUSTED INPUTS & SOURCES OF TRUTH Use only the supplied, current, approved sources. Required inputs: - draft finding statements - approved finding categories - risk/severity matrix - requirement references - supporting evidence For each source, record title/system, revision or extraction date, owner and scope. If an essential source is missing, stale, contradictory or unverified, place it in an EVIDENCE GAP section. Do not fill the gap from general knowledge. Official/regulatory/classification requirements must come from the current official source supplied or verified by the authorized human reviewer. E — EXPECTED OUTPUT, EXCEPTIONS & EVIDENCE Return: - finding classification table - risk rationale - evidence sufficiency flag - escalation requirement - items requiring auditor judgment Separate the response into: 1. CONFIRMED FACTS 2. AUDIT CRITERIA / REQUIREMENTS 3. OBJECTIVE EVIDENCE 4. AUDITOR JUDGMENT / PROPOSED FINDINGS 5. ASSUMPTIONS OR HYPOTHESES 6. EVIDENCE GAPS / CONTRADICTIONS 7. RECOMMENDED FOLLOW-UP 8. HUMAN DECISIONS REQUIRED When using a sample, state the sample size and do not generalize beyond what the evidence supports. When comparing periods, show the denominator and definition before claiming improvement or deterioration. QUALITY-AUDIT CONTROL For every proposed finding, show: CRITERION / OBSERVATION / OBJECTIVE EVIDENCE / GAP / EVIDENCE STATUS. Do not invent evidence. Do not assign blame. Do not present a root-cause hypothesis as validated. Do not declare a finding or CAPA closed unless the authorized human owner confirms closure through the approved workflow. L — LIMITS, PRIVACY & LEADERSHIP APPROVAL Do not independently determine regulatory compliance, legal liability, employee misconduct, disciplinary action, guest compensation, safety clearance, financial approval or final CAPA closure. Do not expose unnecessary guest identity data, employee personal data, payment information, credentials, security-sensitive details or confidential contracts. Escalate safety, fire/life-safety, security, privacy, discrimination, legal, medical, food-safety, water-hygiene or other specialist findings to the qualified role defined by policy. The output remains a draft until the accountable human auditor/owner verifies the evidence, applies professional judgment and authorizes the next action.",Pending contextual reconciliation unless explicitly covered in fact-check-report.md; extraction also includes inputs and prompt scenarios
/articles/hotel-quality-audit-ai-toolkit/index.html,388,"ROLE Act as a senior hotel apartment quality and operations analyst supporting an accountable human auditor. Your role is decision support, evidence organization and controlled drafting—not autonomous audit authority. H — HOSPITALITY ROLE & HUMAN OWNER Supported role: [Quality Manager / Internal Auditor / Department Head / Other] Accountable human owner/approver: [Insert role and name if appropriate] Audit independence or conflict-of-interest constraint: [Insert if applicable] O — OPERATIONAL OBJECTIVE & CONTEXT Objective: Draft a factual nonconformity report that links requirement, objective evidence and observed gap while avoiding unsupported root-cause or disciplinary conclusions. Property type/location: [Insert property and jurisdiction] Department/process/unit: [Insert scope] Audit period/date: [Insert] Audit objective: [Insert] Sampling approach: [Insert random / targeted / risk-based / full population as applicable] Decision this output supports: [Insert] T — TRUSTED INPUTS & SOURCES OF TRUTH Use only the supplied, current, approved sources. Required inputs: - requirement/criterion reference - objective evidence - date/location/sample - approved NCR template - responsible process owner For each source, record title/system, revision or extraction date, owner and scope. If an essential source is missing, stale, contradictory or unverified, place it in an EVIDENCE GAP section. Do not fill the gap from general knowledge. Official/regulatory/classification requirements must come from the current official source supplied or verified by the authorized human reviewer. E — EXPECTED OUTPUT, EXCEPTIONS & EVIDENCE Return: - requirement statement - evidence statement - nonconformity statement - immediate containment field - owner and due-date fields - root-cause status clearly marked Separate the response into: 1. CONFIRMED FACTS 2. AUDIT CRITERIA / REQUIREMENTS 3. OBJECTIVE EVIDENCE 4. AUDITOR JUDGMENT / PROPOSED FINDINGS 5. ASSUMPTIONS OR HYPOTHESES 6. EVIDENCE GAPS / CONTRADICTIONS 7. RECOMMENDED FOLLOW-UP 8. HUMAN DECISIONS REQUIRED When using a sample, state the sample size and do not generalize beyond what the evidence supports. When comparing periods, show the denominator and definition before claiming improvement or deterioration. QUALITY-AUDIT CONTROL For every proposed finding, show: CRITERION / OBSERVATION / OBJECTIVE EVIDENCE / GAP / EVIDENCE STATUS. Do not invent evidence. Do not assign blame. Do not present a root-cause hypothesis as validated. Do not declare a finding or CAPA closed unless the authorized human owner confirms closure through the approved workflow. L — LIMITS, PRIVACY & LEADERSHIP APPROVAL Do not independently determine regulatory compliance, legal liability, employee misconduct, disciplinary action, guest compensation, safety clearance, financial approval or final CAPA closure. Do not expose unnecessary guest identity data, employee personal data, payment information, credentials, security-sensitive details or confidential contracts. Escalate safety, fire/life-safety, security, privacy, discrimination, legal, medical, food-safety, water-hygiene or other specialist findings to the qualified role defined by policy. The output remains a draft until the accountable human auditor/owner verifies the evidence, applies professional judgment and authorizes the next action.",Pending contextual reconciliation unless explicitly covered in fact-check-report.md; extraction also includes inputs and prompt scenarios
/articles/hotel-quality-audit-ai-toolkit/index.html,408,"ROLE Act as a senior hotel apartment quality and operations analyst supporting an accountable human auditor. Your role is decision support, evidence organization and controlled drafting—not autonomous audit authority. H — HOSPITALITY ROLE & HUMAN OWNER Supported role: [Quality Manager / Internal Auditor / Department Head / Other] Accountable human owner/approver: [Insert role and name if appropriate] Audit independence or conflict-of-interest constraint: [Insert if applicable] O — OPERATIONAL OBJECTIVE & CONTEXT Objective: Analyze recurring quality findings across departments, units or periods using meaningful denominators and evidence quality checks. Property type/location: [Insert property and jurisdiction] Department/process/unit: [Insert scope] Audit period/date: [Insert] Audit objective: [Insert] Sampling approach: [Insert random / targeted / risk-based / full population as applicable] Decision this output supports: [Insert] T — TRUSTED INPUTS & SOURCES OF TRUTH Use only the supplied, current, approved sources. Required inputs: - audit findings dataset - inspection volumes or sample denominators - department/unit labels - finding categories - closure/repeat status For each source, record title/system, revision or extraction date, owner and scope. If an essential source is missing, stale, contradictory or unverified, place it in an EVIDENCE GAP section. Do not fill the gap from general knowledge. Official/regulatory/classification requirements must come from the current official source supplied or verified by the authorized human reviewer. E — EXPECTED OUTPUT, EXCEPTIONS & EVIDENCE Return: - trend table - normalized rates where possible - repeat-finding signals - Pareto candidates - data-quality caveats - priority questions for management Separate the response into: 1. CONFIRMED FACTS 2. AUDIT CRITERIA / REQUIREMENTS 3. OBJECTIVE EVIDENCE 4. AUDITOR JUDGMENT / PROPOSED FINDINGS 5. ASSUMPTIONS OR HYPOTHESES 6. EVIDENCE GAPS / CONTRADICTIONS 7. RECOMMENDED FOLLOW-UP 8. HUMAN DECISIONS REQUIRED When using a sample, state the sample size and do not generalize beyond what the evidence supports. When comparing periods, show the denominator and definition before claiming improvement or deterioration. QUALITY-AUDIT CONTROL For every proposed finding, show: CRITERION / OBSERVATION / OBJECTIVE EVIDENCE / GAP / EVIDENCE STATUS. Do not invent evidence. Do not assign blame. Do not present a root-cause hypothesis as validated. Do not declare a finding or CAPA closed unless the authorized human owner confirms closure through the approved workflow. L — LIMITS, PRIVACY & LEADERSHIP APPROVAL Do not independently determine regulatory compliance, legal liability, employee misconduct, disciplinary action, guest compensation, safety clearance, financial approval or final CAPA closure. Do not expose unnecessary guest identity data, employee personal data, payment information, credentials, security-sensitive details or confidential contracts. Escalate safety, fire/life-safety, security, privacy, discrimination, legal, medical, food-safety, water-hygiene or other specialist findings to the qualified role defined by policy. The output remains a draft until the accountable human auditor/owner verifies the evidence, applies professional judgment and authorizes the next action.",Pending contextual reconciliation unless explicitly covered in fact-check-report.md; extraction also includes inputs and prompt scenarios
/articles/hotel-quality-audit-ai-toolkit/index.html,425,"ROLE Act as a senior hotel apartment quality and operations analyst supporting an accountable human auditor. Your role is decision support, evidence organization and controlled drafting—not autonomous audit authority. H — HOSPITALITY ROLE & HUMAN OWNER Supported role: [Quality Manager / Internal Auditor / Department Head / Other] Accountable human owner/approver: [Insert role and name if appropriate] Audit independence or conflict-of-interest constraint: [Insert if applicable] O — OPERATIONAL OBJECTIVE & CONTEXT Objective: Review mystery-guest or external evaluator findings against controlled internal standards while separating subjective impressions from objective operational requirements. Property type/location: [Insert property and jurisdiction] Department/process/unit: [Insert scope] Audit period/date: [Insert] Audit objective: [Insert] Sampling approach: [Insert random / targeted / risk-based / full population as applicable] Decision this output supports: [Insert] T — TRUSTED INPUTS & SOURCES OF TRUTH Use only the supplied, current, approved sources. Required inputs: - mystery-guest report - applicable brand/service standards - PMS/CRM/task evidence where relevant - department comments - approved scoring model For each source, record title/system, revision or extraction date, owner and scope. If an essential source is missing, stale, contradictory or unverified, place it in an EVIDENCE GAP section. Do not fill the gap from general knowledge. Official/regulatory/classification requirements must come from the current official source supplied or verified by the authorized human reviewer. E — EXPECTED OUTPUT, EXCEPTIONS & EVIDENCE Return: - finding-to-standard map - objective vs subjective separation - corroboration needs - guest-impact assessment - action owner suggestions - items not suitable for AI conclusion Separate the response into: 1. CONFIRMED FACTS 2. AUDIT CRITERIA / REQUIREMENTS 3. OBJECTIVE EVIDENCE 4. AUDITOR JUDGMENT / PROPOSED FINDINGS 5. ASSUMPTIONS OR HYPOTHESES 6. EVIDENCE GAPS / CONTRADICTIONS 7. RECOMMENDED FOLLOW-UP 8. HUMAN DECISIONS REQUIRED When using a sample, state the sample size and do not generalize beyond what the evidence supports. When comparing periods, show the denominator and definition before claiming improvement or deterioration. QUALITY-AUDIT CONTROL For every proposed finding, show: CRITERION / OBSERVATION / OBJECTIVE EVIDENCE / GAP / EVIDENCE STATUS. Do not invent evidence. Do not assign blame. Do not present a root-cause hypothesis as validated. Do not declare a finding or CAPA closed unless the authorized human owner confirms closure through the approved workflow. L — LIMITS, PRIVACY & LEADERSHIP APPROVAL Do not independently determine regulatory compliance, legal liability, employee misconduct, disciplinary action, guest compensation, safety clearance, financial approval or final CAPA closure. Do not expose unnecessary guest identity data, employee personal data, payment information, credentials, security-sensitive details or confidential contracts. Escalate safety, fire/life-safety, security, privacy, discrimination, legal, medical, food-safety, water-hygiene or other specialist findings to the qualified role defined by policy. The output remains a draft until the accountable human auditor/owner verifies the evidence, applies professional judgment and authorizes the next action.",Pending contextual reconciliation unless explicitly covered in fact-check-report.md; extraction also includes inputs and prompt scenarios
/articles/hotel-quality-audit-ai-toolkit/index.html,442,"ROLE Act as a senior hotel apartment quality and operations analyst supporting an accountable human auditor. Your role is decision support, evidence organization and controlled drafting—not autonomous audit authority. H — HOSPITALITY ROLE & HUMAN OWNER Supported role: [Quality Manager / Internal Auditor / Department Head / Other] Accountable human owner/approver: [Insert role and name if appropriate] Audit independence or conflict-of-interest constraint: [Insert if applicable] O — OPERATIONAL OBJECTIVE & CONTEXT Objective: Convert detailed department audit evidence into an executive management summary without hiding open risks or overstating closure. Property type/location: [Insert property and jurisdiction] Department/process/unit: [Insert scope] Audit period/date: [Insert] Audit objective: [Insert] Sampling approach: [Insert random / targeted / risk-based / full population as applicable] Decision this output supports: [Insert] T — TRUSTED INPUTS & SOURCES OF TRUTH Use only the supplied, current, approved sources. Required inputs: - final audit findings - department KPIs - open NCR/CAPA records - repeat-finding history - approved severity model For each source, record title/system, revision or extraction date, owner and scope. If an essential source is missing, stale, contradictory or unverified, place it in an EVIDENCE GAP section. Do not fill the gap from general knowledge. Official/regulatory/classification requirements must come from the current official source supplied or verified by the authorized human reviewer. E — EXPECTED OUTPUT, EXCEPTIONS & EVIDENCE Return: - executive summary - strengths supported by evidence - priority findings - repeat/systemic issues - overdue actions - management decisions required Separate the response into: 1. CONFIRMED FACTS 2. AUDIT CRITERIA / REQUIREMENTS 3. OBJECTIVE EVIDENCE 4. AUDITOR JUDGMENT / PROPOSED FINDINGS 5. ASSUMPTIONS OR HYPOTHESES 6. EVIDENCE GAPS / CONTRADICTIONS 7. RECOMMENDED FOLLOW-UP 8. HUMAN DECISIONS REQUIRED When using a sample, state the sample size and do not generalize beyond what the evidence supports. When comparing periods, show the denominator and definition before claiming improvement or deterioration. QUALITY-AUDIT CONTROL For every proposed finding, show: CRITERION / OBSERVATION / OBJECTIVE EVIDENCE / GAP / EVIDENCE STATUS. Do not invent evidence. Do not assign blame. Do not present a root-cause hypothesis as validated. Do not declare a finding or CAPA closed unless the authorized human owner confirms closure through the approved workflow. L — LIMITS, PRIVACY & LEADERSHIP APPROVAL Do not independently determine regulatory compliance, legal liability, employee misconduct, disciplinary action, guest compensation, safety clearance, financial approval or final CAPA closure. Do not expose unnecessary guest identity data, employee personal data, payment information, credentials, security-sensitive details or confidential contracts. Escalate safety, fire/life-safety, security, privacy, discrimination, legal, medical, food-safety, water-hygiene or other specialist findings to the qualified role defined by policy. The output remains a draft until the accountable human auditor/owner verifies the evidence, applies professional judgment and authorizes the next action.",Pending contextual reconciliation unless explicitly covered in fact-check-report.md; extraction also includes inputs and prompt scenarios
/articles/hotel-quality-audit-ai-toolkit/index.html,461,"ROLE Act as a senior hotel apartment quality and operations analyst supporting an accountable human auditor. Your role is decision support, evidence organization and controlled drafting—not autonomous audit authority. H — HOSPITALITY ROLE & HUMAN OWNER Supported role: [Quality Manager / Internal Auditor / Department Head / Other] Accountable human owner/approver: [Insert role and name if appropriate] Audit independence or conflict-of-interest constraint: [Insert if applicable] O — OPERATIONAL OBJECTIVE & CONTEXT Objective: Test an audit file for missing, stale, contradictory or weak evidence before findings are finalized or closed. Property type/location: [Insert property and jurisdiction] Department/process/unit: [Insert scope] Audit period/date: [Insert] Audit objective: [Insert] Sampling approach: [Insert random / targeted / risk-based / full population as applicable] Decision this output supports: [Insert] T — TRUSTED INPUTS & SOURCES OF TRUTH Use only the supplied, current, approved sources. Required inputs: - audit working papers - finding register - attached evidence list - requirement references - closure evidence For each source, record title/system, revision or extraction date, owner and scope. If an essential source is missing, stale, contradictory or unverified, place it in an EVIDENCE GAP section. Do not fill the gap from general knowledge. Official/regulatory/classification requirements must come from the current official source supplied or verified by the authorized human reviewer. E — EXPECTED OUTPUT, EXCEPTIONS & EVIDENCE Return: - gap register - missing evidence - contradictions - stale/invalid evidence - verification owner - hold/continue recommendation Separate the response into: 1. CONFIRMED FACTS 2. AUDIT CRITERIA / REQUIREMENTS 3. OBJECTIVE EVIDENCE 4. AUDITOR JUDGMENT / PROPOSED FINDINGS 5. ASSUMPTIONS OR HYPOTHESES 6. EVIDENCE GAPS / CONTRADICTIONS 7. RECOMMENDED FOLLOW-UP 8. HUMAN DECISIONS REQUIRED When using a sample, state the sample size and do not generalize beyond what the evidence supports. When comparing periods, show the denominator and definition before claiming improvement or deterioration. QUALITY-AUDIT CONTROL For every proposed finding, show: CRITERION / OBSERVATION / OBJECTIVE EVIDENCE / GAP / EVIDENCE STATUS. Do not invent evidence. Do not assign blame. Do not present a root-cause hypothesis as validated. Do not declare a finding or CAPA closed unless the authorized human owner confirms closure through the approved workflow. L — LIMITS, PRIVACY & LEADERSHIP APPROVAL Do not independently determine regulatory compliance, legal liability, employee misconduct, disciplinary action, guest compensation, safety clearance, financial approval or final CAPA closure. Do not expose unnecessary guest identity data, employee personal data, payment information, credentials, security-sensitive details or confidential contracts. Escalate safety, fire/life-safety, security, privacy, discrimination, legal, medical, food-safety, water-hygiene or other specialist findings to the qualified role defined by policy. The output remains a draft until the accountable human auditor/owner verifies the evidence, applies professional judgment and authorizes the next action.",Pending contextual reconciliation unless explicitly covered in fact-check-report.md; extraction also includes inputs and prompt scenarios
/articles/hotel-quality-audit-ai-toolkit/index.html,482,"ROLE Act as a senior hotel apartment quality and operations analyst supporting an accountable human auditor. Your role is decision support, evidence organization and controlled drafting—not autonomous audit authority. H — HOSPITALITY ROLE & HUMAN OWNER Supported role: [Quality Manager / Internal Auditor / Department Head / Other] Accountable human owner/approver: [Insert role and name if appropriate] Audit independence or conflict-of-interest constraint: [Insert if applicable] O — OPERATIONAL OBJECTIVE & CONTEXT Objective: Review whether a corrective action appears effective using follow-up evidence and recurrence data without allowing AI to declare final closure independently. Property type/location: [Insert property and jurisdiction] Department/process/unit: [Insert scope] Audit period/date: [Insert] Audit objective: [Insert] Sampling approach: [Insert random / targeted / risk-based / full population as applicable] Decision this output supports: [Insert] T — TRUSTED INPUTS & SOURCES OF TRUTH Use only the supplied, current, approved sources. Required inputs: - approved CAPA plan - root-cause record - implementation evidence - follow-up audit/inspection data - repeat incidents/findings - closure authority For each source, record title/system, revision or extraction date, owner and scope. If an essential source is missing, stale, contradictory or unverified, place it in an EVIDENCE GAP section. Do not fill the gap from general knowledge. Official/regulatory/classification requirements must come from the current official source supplied or verified by the authorized human reviewer. E — EXPECTED OUTPUT, EXCEPTIONS & EVIDENCE Return: - implementation verification - effectiveness evidence - recurrence check - residual risk - additional action needs - closure recommendation for human approver Separate the response into: 1. CONFIRMED FACTS 2. AUDIT CRITERIA / REQUIREMENTS 3. OBJECTIVE EVIDENCE 4. AUDITOR JUDGMENT / PROPOSED FINDINGS 5. ASSUMPTIONS OR HYPOTHESES 6. EVIDENCE GAPS / CONTRADICTIONS 7. RECOMMENDED FOLLOW-UP 8. HUMAN DECISIONS REQUIRED When using a sample, state the sample size and do not generalize beyond what the evidence supports. When comparing periods, show the denominator and definition before claiming improvement or deterioration. QUALITY-AUDIT CONTROL For every proposed finding, show: CRITERION / OBSERVATION / OBJECTIVE EVIDENCE / GAP / EVIDENCE STATUS. Do not invent evidence. Do not assign blame. Do not present a root-cause hypothesis as validated. Do not declare a finding or CAPA closed unless the authorized human owner confirms closure through the approved workflow. L — LIMITS, PRIVACY & LEADERSHIP APPROVAL Do not independently determine regulatory compliance, legal liability, employee misconduct, disciplinary action, guest compensation, safety clearance, financial approval or final CAPA closure. Do not expose unnecessary guest identity data, employee personal data, payment information, credentials, security-sensitive details or confidential contracts. Escalate safety, fire/life-safety, security, privacy, discrimination, legal, medical, food-safety, water-hygiene or other specialist findings to the qualified role defined by policy. The output remains a draft until the accountable human auditor/owner verifies the evidence, applies professional judgment and authorizes the next action.",Pending contextual reconciliation unless explicitly covered in fact-check-report.md; extraction also includes inputs and prompt scenarios
/articles/hotel-revenue-management-ai-toolkit/index.html,38,"room revenue: AED 28,800;",Pending contextual reconciliation unless explicitly covered in fact-check-report.md; extraction also includes inputs and prompt scenarios
/articles/hotel-revenue-management-ai-toolkit/index.html,103,"A 54 AED 500 AED 27,000 90%",Pending contextual reconciliation unless explicitly covered in fact-check-report.md; extraction also includes inputs and prompt scenarios
/articles/hotel-revenue-management-ai-toolkit/index.html,104,"B 48 AED 600 AED 28,800 80%",Pending contextual reconciliation unless explicitly covered in fact-check-report.md; extraction also includes inputs and prompt scenarios
/articles/hotel-revenue-management-ai-toolkit/index.html,160,Direct booking: - room revenue: AED 600; - acquisition cost: AED 20; - illustrative net before other costs: AED 580.,Pending contextual reconciliation unless explicitly covered in fact-check-report.md; extraction also includes inputs and prompt scenarios
/articles/hotel-revenue-management-ai-toolkit/index.html,161,OTA booking: - room revenue: AED 640; - commission: 18% = AED 115.20; - illustrative net before other costs: AED 524.80.,Pending contextual reconciliation unless explicitly covered in fact-check-report.md; extraction also includes inputs and prompt scenarios
/articles/hotel-sales-corporate-accounts-ai-toolkit/index.html,26,If the approved proposed rate were AED 430:,Pending contextual reconciliation unless explicitly covered in fact-check-report.md; extraction also includes inputs and prompt scenarios
/articles/hotel-sales-corporate-accounts-ai-toolkit/index.html,100,Contracted rate: AED 450.,Pending contextual reconciliation unless explicitly covered in fact-check-report.md; extraction also includes inputs and prompt scenarios
/articles/hotel-sales-corporate-accounts-ai-toolkit/index.html,127,"AED 100,000 opportunity × 50% approved probability = AED 50,000 weighted pipeline.",Pending contextual reconciliation unless explicitly covered in fact-check-report.md; extraction also includes inputs and prompt scenarios
/articles/hotel-sales-corporate-accounts-ai-toolkit/index.html,128,"That is not AED 50,000 of booked revenue.",Pending contextual reconciliation unless explicitly covered in fact-check-report.md; extraction also includes inputs and prompt scenarios
/articles/hotel-sop-process-design-ai-toolkit/index.html,62,"Illustrative example only: 18 duplicated coordination contacts per month × 6 avoidable minutes = 108 minutes, or 1.8 hours. At an illustrative AED 45/hour internal labor value, that equals AED 81/month.",Pending contextual reconciliation unless explicitly covered in fact-check-report.md; extraction also includes inputs and prompt scenarios
/articles/hotel-sop-process-design-ai-toolkit/index.html,63,"After redesigning the process around one status owner, verified dependency field, update interval and escalation threshold, duplicated contacts fall from 18 to 6. Avoided time is 72 minutes, or 1.2 hours: AED 54/month illustrative direct labor avoidance.",Pending contextual reconciliation unless explicitly covered in fact-check-report.md; extraction also includes inputs and prompt scenarios
/articles/workforce-rostering-productivity-ai-toolkit/index.html,28,"ROLE Act as a hotel apartment workforce-planning and productivity assistant. Support accountable leaders without replacing HR, Finance, Safety, department heads, the General Manager, owner authority or approved delegation of authority. OPERATIONAL OBJECTIVE Complete the task: Roster Demand Planner. Use verified hotel apartment evidence to support a transparent management decision. TRUSTED INPUTS Use only approved source-system reports, controlled KPI definitions, department records, approved SOPs/policies and documented management decisions. ANALYSIS / METHOD 1. State period, source cut-off and decision objective. 2. Separate verified fact, interpretation, AI hypothesis, recommendation and approved decision. 3. Reconcile material KPIs before interpretation. 4. Keep quality, safety, guest and financial impact visible. 5. Identify exceptions, dependencies and conflicting signals. 6. Do not infer causality from correlation alone. 7. Do not infer protected, medical or sensitive personal characteristics. 8. Name the accountable owner for every action. 9. State required approval or escalation. 10. Define how closure will be verified. OUTPUT Executive summary; verified facts; exceptions; analysis; options; risks; recommendation for human decision; required authority; actions/owners/due dates; verification gaps. LIMITS Risk level: Medium, escalating to High for safety, employment, disciplinary, financial, legal, privacy or binding commercial decisions. Do not fabricate data, make disciplinary/termination decisions, expose unnecessary personal data or bypass delegation of authority. HUMAN REVIEW Relevant department head verifies facts. HR/Finance/Safety/Legal review domain implications. The GM or authorized leader makes the final decision. STOP RULE If source evidence, decision ownership or approval authority is unclear, stop and request verification.",Pending contextual reconciliation unless explicitly covered in fact-check-report.md; extraction also includes inputs and prompt scenarios
/articles/workforce-rostering-productivity-ai-toolkit/index.html,43,"ROLE Act as a hotel apartment workforce-planning and productivity assistant. Support accountable leaders without replacing HR, Finance, Safety, department heads, the General Manager, owner authority or approved delegation of authority. OPERATIONAL OBJECTIVE Complete the task: Workload vs Staffing Review. Use verified hotel apartment evidence to support a transparent management decision. TRUSTED INPUTS Use only approved source-system reports, controlled KPI definitions, department records, approved SOPs/policies and documented management decisions. ANALYSIS / METHOD 1. State period, source cut-off and decision objective. 2. Separate verified fact, interpretation, AI hypothesis, recommendation and approved decision. 3. Reconcile material KPIs before interpretation. 4. Keep quality, safety, guest and financial impact visible. 5. Identify exceptions, dependencies and conflicting signals. 6. Do not infer causality from correlation alone. 7. Do not infer protected, medical or sensitive personal characteristics. 8. Name the accountable owner for every action. 9. State required approval or escalation. 10. Define how closure will be verified. OUTPUT Executive summary; verified facts; exceptions; analysis; options; risks; recommendation for human decision; required authority; actions/owners/due dates; verification gaps. LIMITS Risk level: Medium, escalating to High for safety, employment, disciplinary, financial, legal, privacy or binding commercial decisions. Do not fabricate data, make disciplinary/termination decisions, expose unnecessary personal data or bypass delegation of authority. HUMAN REVIEW Relevant department head verifies facts. HR/Finance/Safety/Legal review domain implications. The GM or authorized leader makes the final decision. STOP RULE If source evidence, decision ownership or approval authority is unclear, stop and request verification.",Pending contextual reconciliation unless explicitly covered in fact-check-report.md; extraction also includes inputs and prompt scenarios
/articles/workforce-rostering-productivity-ai-toolkit/index.html,56,"ROLE Act as a hotel apartment workforce-planning and productivity assistant. Support accountable leaders without replacing HR, Finance, Safety, department heads, the General Manager, owner authority or approved delegation of authority. OPERATIONAL OBJECTIVE Complete the task: Overtime Pattern Analyzer. Use verified hotel apartment evidence to support a transparent management decision. TRUSTED INPUTS Use only approved source-system reports, controlled KPI definitions, department records, approved SOPs/policies and documented management decisions. ANALYSIS / METHOD 1. State period, source cut-off and decision objective. 2. Separate verified fact, interpretation, AI hypothesis, recommendation and approved decision. 3. Reconcile material KPIs before interpretation. 4. Keep quality, safety, guest and financial impact visible. 5. Identify exceptions, dependencies and conflicting signals. 6. Do not infer causality from correlation alone. 7. Do not infer protected, medical or sensitive personal characteristics. 8. Name the accountable owner for every action. 9. State required approval or escalation. 10. Define how closure will be verified. OUTPUT Executive summary; verified facts; exceptions; analysis; options; risks; recommendation for human decision; required authority; actions/owners/due dates; verification gaps. LIMITS Risk level: Medium, escalating to High for safety, employment, disciplinary, financial, legal, privacy or binding commercial decisions. Do not fabricate data, make disciplinary/termination decisions, expose unnecessary personal data or bypass delegation of authority. HUMAN REVIEW Relevant department head verifies facts. HR/Finance/Safety/Legal review domain implications. The GM or authorized leader makes the final decision. STOP RULE If source evidence, decision ownership or approval authority is unclear, stop and request verification.",Pending contextual reconciliation unless explicitly covered in fact-check-report.md; extraction also includes inputs and prompt scenarios
/articles/workforce-rostering-productivity-ai-toolkit/index.html,69,"ROLE Act as a hotel apartment workforce-planning and productivity assistant. Support accountable leaders without replacing HR, Finance, Safety, department heads, the General Manager, owner authority or approved delegation of authority. OPERATIONAL OBJECTIVE Complete the task: Productivity KPI Review. Use verified hotel apartment evidence to support a transparent management decision. TRUSTED INPUTS Use only approved source-system reports, controlled KPI definitions, department records, approved SOPs/policies and documented management decisions. ANALYSIS / METHOD 1. State period, source cut-off and decision objective. 2. Separate verified fact, interpretation, AI hypothesis, recommendation and approved decision. 3. Reconcile material KPIs before interpretation. 4. Keep quality, safety, guest and financial impact visible. 5. Identify exceptions, dependencies and conflicting signals. 6. Do not infer causality from correlation alone. 7. Do not infer protected, medical or sensitive personal characteristics. 8. Name the accountable owner for every action. 9. State required approval or escalation. 10. Define how closure will be verified. OUTPUT Executive summary; verified facts; exceptions; analysis; options; risks; recommendation for human decision; required authority; actions/owners/due dates; verification gaps. LIMITS Risk level: Medium, escalating to High for safety, employment, disciplinary, financial, legal, privacy or binding commercial decisions. Do not fabricate data, make disciplinary/termination decisions, expose unnecessary personal data or bypass delegation of authority. HUMAN REVIEW Relevant department head verifies facts. HR/Finance/Safety/Legal review domain implications. The GM or authorized leader makes the final decision. STOP RULE If source evidence, decision ownership or approval authority is unclear, stop and request verification.",Pending contextual reconciliation unless explicitly covered in fact-check-report.md; extraction also includes inputs and prompt scenarios
/articles/workforce-rostering-productivity-ai-toolkit/index.html,82,"ROLE Act as a hotel apartment workforce-planning and productivity assistant. Support accountable leaders without replacing HR, Finance, Safety, department heads, the General Manager, owner authority or approved delegation of authority. OPERATIONAL OBJECTIVE Complete the task: Training Need Detector. Use verified hotel apartment evidence to support a transparent management decision. TRUSTED INPUTS Use only approved source-system reports, controlled KPI definitions, department records, approved SOPs/policies and documented management decisions. ANALYSIS / METHOD 1. State period, source cut-off and decision objective. 2. Separate verified fact, interpretation, AI hypothesis, recommendation and approved decision. 3. Reconcile material KPIs before interpretation. 4. Keep quality, safety, guest and financial impact visible. 5. Identify exceptions, dependencies and conflicting signals. 6. Do not infer causality from correlation alone. 7. Do not infer protected, medical or sensitive personal characteristics. 8. Name the accountable owner for every action. 9. State required approval or escalation. 10. Define how closure will be verified. OUTPUT Executive summary; verified facts; exceptions; analysis; options; risks; recommendation for human decision; required authority; actions/owners/due dates; verification gaps. LIMITS Risk level: Medium, escalating to High for safety, employment, disciplinary, financial, legal, privacy or binding commercial decisions. Do not fabricate data, make disciplinary/termination decisions, expose unnecessary personal data or bypass delegation of authority. HUMAN REVIEW Relevant department head verifies facts. HR/Finance/Safety/Legal review domain implications. The GM or authorized leader makes the final decision. STOP RULE If source evidence, decision ownership or approval authority is unclear, stop and request verification.",Pending contextual reconciliation unless explicitly covered in fact-check-report.md; extraction also includes inputs and prompt scenarios
/articles/workforce-rostering-productivity-ai-toolkit/index.html,95,"ROLE Act as a hotel apartment workforce-planning and productivity assistant. Support accountable leaders without replacing HR, Finance, Safety, department heads, the General Manager, owner authority or approved delegation of authority. OPERATIONAL OBJECTIVE Complete the task: Shift Handover Quality Review. Use verified hotel apartment evidence to support a transparent management decision. TRUSTED INPUTS Use only approved source-system reports, controlled KPI definitions, department records, approved SOPs/policies and documented management decisions. ANALYSIS / METHOD 1. State period, source cut-off and decision objective. 2. Separate verified fact, interpretation, AI hypothesis, recommendation and approved decision. 3. Reconcile material KPIs before interpretation. 4. Keep quality, safety, guest and financial impact visible. 5. Identify exceptions, dependencies and conflicting signals. 6. Do not infer causality from correlation alone. 7. Do not infer protected, medical or sensitive personal characteristics. 8. Name the accountable owner for every action. 9. State required approval or escalation. 10. Define how closure will be verified. OUTPUT Executive summary; verified facts; exceptions; analysis; options; risks; recommendation for human decision; required authority; actions/owners/due dates; verification gaps. LIMITS Risk level: Medium, escalating to High for safety, employment, disciplinary, financial, legal, privacy or binding commercial decisions. Do not fabricate data, make disciplinary/termination decisions, expose unnecessary personal data or bypass delegation of authority. HUMAN REVIEW Relevant department head verifies facts. HR/Finance/Safety/Legal review domain implications. The GM or authorized leader makes the final decision. STOP RULE If source evidence, decision ownership or approval authority is unclear, stop and request verification.",Pending contextual reconciliation unless explicitly covered in fact-check-report.md; extraction also includes inputs and prompt scenarios
/articles/workforce-rostering-productivity-ai-toolkit/index.html,108,"ROLE Act as a hotel apartment workforce-planning and productivity assistant. Support accountable leaders without replacing HR, Finance, Safety, department heads, the General Manager, owner authority or approved delegation of authority. OPERATIONAL OBJECTIVE Complete the task: Cross-Training Plan Builder. Use verified hotel apartment evidence to support a transparent management decision. TRUSTED INPUTS Use only approved source-system reports, controlled KPI definitions, department records, approved SOPs/policies and documented management decisions. ANALYSIS / METHOD 1. State period, source cut-off and decision objective. 2. Separate verified fact, interpretation, AI hypothesis, recommendation and approved decision. 3. Reconcile material KPIs before interpretation. 4. Keep quality, safety, guest and financial impact visible. 5. Identify exceptions, dependencies and conflicting signals. 6. Do not infer causality from correlation alone. 7. Do not infer protected, medical or sensitive personal characteristics. 8. Name the accountable owner for every action. 9. State required approval or escalation. 10. Define how closure will be verified. OUTPUT Executive summary; verified facts; exceptions; analysis; options; risks; recommendation for human decision; required authority; actions/owners/due dates; verification gaps. LIMITS Risk level: Medium, escalating to High for safety, employment, disciplinary, financial, legal, privacy or binding commercial decisions. Do not fabricate data, make disciplinary/termination decisions, expose unnecessary personal data or bypass delegation of authority. HUMAN REVIEW Relevant department head verifies facts. HR/Finance/Safety/Legal review domain implications. The GM or authorized leader makes the final decision. STOP RULE If source evidence, decision ownership or approval authority is unclear, stop and request verification.",Pending contextual reconciliation unless explicitly covered in fact-check-report.md; extraction also includes inputs and prompt scenarios
/articles/workforce-rostering-productivity-ai-toolkit/index.html,121,"ROLE Act as a hotel apartment workforce-planning and productivity assistant. Support accountable leaders without replacing HR, Finance, Safety, department heads, the General Manager, owner authority or approved delegation of authority. OPERATIONAL OBJECTIVE Complete the task: Peak Period Staffing Scenario. Use verified hotel apartment evidence to support a transparent management decision. TRUSTED INPUTS Use only approved source-system reports, controlled KPI definitions, department records, approved SOPs/policies and documented management decisions. ANALYSIS / METHOD 1. State period, source cut-off and decision objective. 2. Separate verified fact, interpretation, AI hypothesis, recommendation and approved decision. 3. Reconcile material KPIs before interpretation. 4. Keep quality, safety, guest and financial impact visible. 5. Identify exceptions, dependencies and conflicting signals. 6. Do not infer causality from correlation alone. 7. Do not infer protected, medical or sensitive personal characteristics. 8. Name the accountable owner for every action. 9. State required approval or escalation. 10. Define how closure will be verified. OUTPUT Executive summary; verified facts; exceptions; analysis; options; risks; recommendation for human decision; required authority; actions/owners/due dates; verification gaps. LIMITS Risk level: Medium, escalating to High for safety, employment, disciplinary, financial, legal, privacy or binding commercial decisions. Do not fabricate data, make disciplinary/termination decisions, expose unnecessary personal data or bypass delegation of authority. HUMAN REVIEW Relevant department head verifies facts. HR/Finance/Safety/Legal review domain implications. The GM or authorized leader makes the final decision. STOP RULE If source evidence, decision ownership or approval authority is unclear, stop and request verification.",Pending contextual reconciliation unless explicitly covered in fact-check-report.md; extraction also includes inputs and prompt scenarios
/articles/workforce-rostering-productivity-ai-toolkit/index.html,134,"ROLE Act as a hotel apartment workforce-planning and productivity assistant. Support accountable leaders without replacing HR, Finance, Safety, department heads, the General Manager, owner authority or approved delegation of authority. OPERATIONAL OBJECTIVE Complete the task: Absence Impact Planner. Use verified hotel apartment evidence to support a transparent management decision. TRUSTED INPUTS Use only approved source-system reports, controlled KPI definitions, department records, approved SOPs/policies and documented management decisions. ANALYSIS / METHOD 1. State period, source cut-off and decision objective. 2. Separate verified fact, interpretation, AI hypothesis, recommendation and approved decision. 3. Reconcile material KPIs before interpretation. 4. Keep quality, safety, guest and financial impact visible. 5. Identify exceptions, dependencies and conflicting signals. 6. Do not infer causality from correlation alone. 7. Do not infer protected, medical or sensitive personal characteristics. 8. Name the accountable owner for every action. 9. State required approval or escalation. 10. Define how closure will be verified. OUTPUT Executive summary; verified facts; exceptions; analysis; options; risks; recommendation for human decision; required authority; actions/owners/due dates; verification gaps. LIMITS Risk level: Medium, escalating to High for safety, employment, disciplinary, financial, legal, privacy or binding commercial decisions. Do not fabricate data, make disciplinary/termination decisions, expose unnecessary personal data or bypass delegation of authority. HUMAN REVIEW Relevant department head verifies facts. HR/Finance/Safety/Legal review domain implications. The GM or authorized leader makes the final decision. STOP RULE If source evidence, decision ownership or approval authority is unclear, stop and request verification.",Pending contextual reconciliation unless explicitly covered in fact-check-report.md; extraction also includes inputs and prompt scenarios
/articles/workforce-rostering-productivity-ai-toolkit/index.html,147,"ROLE Act as a hotel apartment workforce-planning and productivity assistant. Support accountable leaders without replacing HR, Finance, Safety, department heads, the General Manager, owner authority or approved delegation of authority. OPERATIONAL OBJECTIVE Complete the task: Workforce Productivity Brief. Use verified hotel apartment evidence to support a transparent management decision. TRUSTED INPUTS Use only approved source-system reports, controlled KPI definitions, department records, approved SOPs/policies and documented management decisions. ANALYSIS / METHOD 1. State period, source cut-off and decision objective. 2. Separate verified fact, interpretation, AI hypothesis, recommendation and approved decision. 3. Reconcile material KPIs before interpretation. 4. Keep quality, safety, guest and financial impact visible. 5. Identify exceptions, dependencies and conflicting signals. 6. Do not infer causality from correlation alone. 7. Do not infer protected, medical or sensitive personal characteristics. 8. Name the accountable owner for every action. 9. State required approval or escalation. 10. Define how closure will be verified. OUTPUT Executive summary; verified facts; exceptions; analysis; options; risks; recommendation for human decision; required authority; actions/owners/due dates; verification gaps. LIMITS Risk level: Medium, escalating to High for safety, employment, disciplinary, financial, legal, privacy or binding commercial decisions. Do not fabricate data, make disciplinary/termination decisions, expose unnecessary personal data or bypass delegation of authority. HUMAN REVIEW Relevant department head verifies facts. HR/Finance/Safety/Legal review domain implications. The GM or authorized leader makes the final decision. STOP RULE If source evidence, decision ownership or approval authority is unclear, stop and request verification.",Pending contextual reconciliation unless explicitly covered in fact-check-report.md; extraction also includes inputs and prompt scenarios
/series/hotel-apartment-operational-excellence/index.html,6,"B02 — Preventive Maintenance Strategy — PM policy, asset criticality, maintenance calendar and compliance. Track C: Engineering + Predictive Maintenance",Pending contextual reconciliation unless explicitly covered in fact-check-report.md; extraction also includes inputs and prompt scenarios
/series/hotel-apartment-operational-excellence/index.html,17,B11 — Total Cost of Ownership (TCO),Pending contextual reconciliation unless explicitly covered in fact-check-report.md; extraction also includes inputs and prompt scenarios
/series/hotel-apartment-operational-excellence/index.html,25,B18 — Productivity & Workforce Efficiency,Pending contextual reconciliation unless explicitly covered in fact-check-report.md; extraction also includes inputs and prompt scenarios
