urlA,urlB,jaccard,passageA,passageB,status
/articles/article-professional-client-tour-quotation/index.html,/articles/article-transport-tickets-vat-gratuities/index.html,0.927,Included: - Hotel pickup and drop-off from the agreed location - Private air-conditioned vehicle with driver - Licensed English-speaking guide - Sheikh Zayed Grand Mosque guided visit - Qasr Al Watan ticketed visit - Corniche photo stop - Louvre Abu Dhabi ticketed visit - Basic tour coordination and operational support,Included: - Hotel pickup and drop-off from the agreed location - Private air-conditioned vehicle with driver - Licensed English-speaking guide - Sheikh Zayed Grand Mosque guided visit - Qasr Al Watan ticketed visit - Corniche photo stop - Louvre Abu Dhabi ticketed visit - Basic tour coordination,Near-duplicate candidate; review wording in context before editing.
/articles/capa-tourism-operations/index.html,/articles/where-stp-fits-tourism-operations/index.html,0.664,"CAPA is a governed improvement process, not a corrective-action form. It distinguishes today's correction from action on the cause of an occurred nonconformity and from proactive action on a potential failure, then requires evidence that the system improved. Tourism operations are unusually exposed at interfaces. Sales may define the promise, Reservations holds changing information, Operations coordinates capacity and decisions, suppliers provide critical resources, field teams face the guest, and Finance or the client needs evidence afterward. A control that works inside one department can still fail at the handoff, during a change, or outside office hours. The method in this article is therefore designed as part of an end-to-end operating system. The wider architecture is explained in the tourism-company operating system , while the document-type comparison separates policies, SOPs, work instructions, checklists, forms, templates, and records. That distinction matters because a management method should generate the right controls and evidence rather than forcing every requirement into one document. This is a practical interpretation for tourism management, not a claim that any cited framework prescribes the exact template shown here. The organization remains responsible for tailoring terminology, depth, approval, safety, privacy, employment, contractual, financial, accessibility, regulatory, emergency, and records controls to its jurisdiction, services, risks, technology, and competence.","An SOP defines the approved way to operate; an STP defines how to challenge a requirement under stated conditions, compare expected and actual results, record defects, and make a release decision. Tourism companies need both when failure would otherwise be discovered by a live guest. Tourism operations are unusually exposed at interfaces. Sales may define the promise, Reservations holds changing information, Operations coordinates capacity and decisions, suppliers provide critical resources, field teams face the guest, and Finance or the client needs evidence afterward. A control that works inside one department can still fail at the handoff, during a change, or outside office hours. The method in this article is therefore designed as part of an end-to-end operating system. The wider architecture is explained in the tourism-company operating system , while the document-type comparison separates policies, SOPs, work instructions, checklists, forms, templates, and records. That distinction matters because a management method should generate the right controls and evidence rather than forcing every requirement into one document. This is a practical interpretation for tourism management, not a claim that any cited framework prescribes the exact template shown here. The organization remains responsible for tailoring terminology, depth, approval, safety, privacy, employment, contractual, financial, accessibility, regulatory, emergency, and records controls to its jurisdiction, services, risks, technology, and competence.",Near-duplicate candidate; review wording in context before editing.
/articles/capa-tourism-operations/index.html,/articles/standard-test-procedures-tourism-operations/index.html,0.677,"CAPA is a governed improvement process, not a corrective-action form. It distinguishes today's correction from action on the cause of an occurred nonconformity and from proactive action on a potential failure, then requires evidence that the system improved. Tourism operations are unusually exposed at interfaces. Sales may define the promise, Reservations holds changing information, Operations coordinates capacity and decisions, suppliers provide critical resources, field teams face the guest, and Finance or the client needs evidence afterward. A control that works inside one department can still fail at the handoff, during a change, or outside office hours. The method in this article is therefore designed as part of an end-to-end operating system. The wider architecture is explained in the tourism-company operating system , while the document-type comparison separates policies, SOPs, work instructions, checklists, forms, templates, and records. That distinction matters because a management method should generate the right controls and evidence rather than forcing every requirement into one document. This is a practical interpretation for tourism management, not a claim that any cited framework prescribes the exact template shown here. The organization remains responsible for tailoring terminology, depth, approval, safety, privacy, employment, contractual, financial, accessibility, regulatory, emergency, and records controls to its jurisdiction, services, risks, technology, and competence.","A professional STP is a decision instrument. It converts a requirement into an observable challenge and produces evidence that supports release, correction, or rejection. The document must be executable by another competent person without relying on the author's memory. Tourism operations are unusually exposed at interfaces. Sales may define the promise, Reservations holds changing information, Operations coordinates capacity and decisions, suppliers provide critical resources, field teams face the guest, and Finance or the client needs evidence afterward. A control that works inside one department can still fail at the handoff, during a change, or outside office hours. The method in this article is therefore designed as part of an end-to-end operating system. The wider architecture is explained in the tourism-company operating system , while the document-type comparison separates policies, SOPs, work instructions, checklists, forms, templates, and records. That distinction matters because a management method should generate the right controls and evidence rather than forcing every requirement into one document. This is a practical interpretation for tourism management, not a claim that any cited framework prescribes the exact template shown here. The organization remains responsible for tailoring terminology, depth, approval, safety, privacy, employment, contractual, financial, accessibility, regulatory, emergency, and records controls to its jurisdiction, services, risks, technology, and competence.",Near-duplicate candidate; review wording in context before editing.
/articles/capa-tourism-operations/index.html,/articles/itil-4-tourism-operations/index.html,0.675,"CAPA is a governed improvement process, not a corrective-action form. It distinguishes today's correction from action on the cause of an occurred nonconformity and from proactive action on a potential failure, then requires evidence that the system improved. Tourism operations are unusually exposed at interfaces. Sales may define the promise, Reservations holds changing information, Operations coordinates capacity and decisions, suppliers provide critical resources, field teams face the guest, and Finance or the client needs evidence afterward. A control that works inside one department can still fail at the handoff, during a change, or outside office hours. The method in this article is therefore designed as part of an end-to-end operating system. The wider architecture is explained in the tourism-company operating system , while the document-type comparison separates policies, SOPs, work instructions, checklists, forms, templates, and records. That distinction matters because a management method should generate the right controls and evidence rather than forcing every requirement into one document. This is a practical interpretation for tourism management, not a claim that any cited framework prescribes the exact template shown here. The organization remains responsible for tailoring terminology, depth, approval, safety, privacy, employment, contractual, financial, accessibility, regulatory, emergency, and records controls to its jurisdiction, services, risks, technology, and competence.","ITIL 4 is useful beyond IT when treated as service-management thinking rather than software terminology. Its principles can help tourism leaders focus on value, start from current capability, work iteratively, collaborate visibly, think holistically, simplify, and automate only where useful. Tourism operations are unusually exposed at interfaces. Sales may define the promise, Reservations holds changing information, Operations coordinates capacity and decisions, suppliers provide critical resources, field teams face the guest, and Finance or the client needs evidence afterward. A control that works inside one department can still fail at the handoff, during a change, or outside office hours. The method in this article is therefore designed as part of an end-to-end operating system. The wider architecture is explained in the tourism-company operating system , while the document-type comparison separates policies, SOPs, work instructions, checklists, forms, templates, and records. That distinction matters because a management method should generate the right controls and evidence rather than forcing every requirement into one document. This is a practical interpretation for tourism management, not a claim that any cited framework prescribes the exact template shown here. The organization remains responsible for tailoring terminology, depth, approval, safety, privacy, employment, contractual, financial, accessibility, regulatory, emergency, and records controls to its jurisdiction, services, risks, technology, and competence.",Near-duplicate candidate; review wording in context before editing.
/articles/capa-tourism-operations/index.html,/articles/lean-thinking-tourism-operations/index.html,0.677,"CAPA is a governed improvement process, not a corrective-action form. It distinguishes today's correction from action on the cause of an occurred nonconformity and from proactive action on a potential failure, then requires evidence that the system improved. Tourism operations are unusually exposed at interfaces. Sales may define the promise, Reservations holds changing information, Operations coordinates capacity and decisions, suppliers provide critical resources, field teams face the guest, and Finance or the client needs evidence afterward. A control that works inside one department can still fail at the handoff, during a change, or outside office hours. The method in this article is therefore designed as part of an end-to-end operating system. The wider architecture is explained in the tourism-company operating system , while the document-type comparison separates policies, SOPs, work instructions, checklists, forms, templates, and records. That distinction matters because a management method should generate the right controls and evidence rather than forcing every requirement into one document. This is a practical interpretation for tourism management, not a claim that any cited framework prescribes the exact template shown here. The organization remains responsible for tailoring terminology, depth, approval, safety, privacy, employment, contractual, financial, accessibility, regulatory, emergency, and records controls to its jurisdiction, services, risks, technology, and competence.","Lean is a management way of thinking about creating needed value with fewer resources and less waste through continuous experimentation. In tourism, it should improve flow and clarity while protecting safety, accessibility, human judgment, recovery capacity, and the guest relationship. Tourism operations are unusually exposed at interfaces. Sales may define the promise, Reservations holds changing information, Operations coordinates capacity and decisions, suppliers provide critical resources, field teams face the guest, and Finance or the client needs evidence afterward. A control that works inside one department can still fail at the handoff, during a change, or outside office hours. The method in this article is therefore designed as part of an end-to-end operating system. The wider architecture is explained in the tourism-company operating system , while the document-type comparison separates policies, SOPs, work instructions, checklists, forms, templates, and records. That distinction matters because a management method should generate the right controls and evidence rather than forcing every requirement into one document. This is a practical interpretation for tourism management, not a claim that any cited framework prescribes the exact template shown here. The organization remains responsible for tailoring terminology, depth, approval, safety, privacy, employment, contractual, financial, accessibility, regulatory, emergency, and records controls to its jurisdiction, services, risks, technology, and competence.",Near-duplicate candidate; review wording in context before editing.
/articles/capa-tourism-operations/index.html,/articles/tourism-operations-kpis-control-dashboards/index.html,0.691,"CAPA is a governed improvement process, not a corrective-action form. It distinguishes today's correction from action on the cause of an occurred nonconformity and from proactive action on a potential failure, then requires evidence that the system improved. Tourism operations are unusually exposed at interfaces. Sales may define the promise, Reservations holds changing information, Operations coordinates capacity and decisions, suppliers provide critical resources, field teams face the guest, and Finance or the client needs evidence afterward. A control that works inside one department can still fail at the handoff, during a change, or outside office hours. The method in this article is therefore designed as part of an end-to-end operating system. The wider architecture is explained in the tourism-company operating system , while the document-type comparison separates policies, SOPs, work instructions, checklists, forms, templates, and records. That distinction matters because a management method should generate the right controls and evidence rather than forcing every requirement into one document. This is a practical interpretation for tourism management, not a claim that any cited framework prescribes the exact template shown here. The organization remains responsible for tailoring terminology, depth, approval, safety, privacy, employment, contractual, financial, accessibility, regulatory, emergency, and records controls to its jurisdiction, services, risks, technology, and competence.","A KPI is useful only when its definition, source, owner, frequency, context, and action threshold support a real decision. A dashboard is the operating conversation around those indicators—not a screen filled with attractive numbers. Tourism operations are unusually exposed at interfaces. Sales may define the promise, Reservations holds changing information, Operations coordinates capacity and decisions, suppliers provide critical resources, field teams face the guest, and Finance or the client needs evidence afterward. A control that works inside one department can still fail at the handoff, during a change, or outside office hours. The method in this article is therefore designed as part of an end-to-end operating system. The wider architecture is explained in the tourism-company operating system , while the document-type comparison separates policies, SOPs, work instructions, checklists, forms, templates, and records. That distinction matters because a management method should generate the right controls and evidence rather than forcing every requirement into one document. This is a practical interpretation for tourism management, not a claim that any cited framework prescribes the exact template shown here. The organization remains responsible for tailoring terminology, depth, approval, safety, privacy, employment, contractual, financial, accessibility, regulatory, emergency, and records controls to its jurisdiction, services, risks, technology, and competence.",Near-duplicate candidate; review wording in context before editing.
/articles/capa-tourism-operations/index.html,/articles/tourism-operations-manual/index.html,0.675,"CAPA is a governed improvement process, not a corrective-action form. It distinguishes today's correction from action on the cause of an occurred nonconformity and from proactive action on a potential failure, then requires evidence that the system improved. Tourism operations are unusually exposed at interfaces. Sales may define the promise, Reservations holds changing information, Operations coordinates capacity and decisions, suppliers provide critical resources, field teams face the guest, and Finance or the client needs evidence afterward. A control that works inside one department can still fail at the handoff, during a change, or outside office hours. The method in this article is therefore designed as part of an end-to-end operating system. The wider architecture is explained in the tourism-company operating system , while the document-type comparison separates policies, SOPs, work instructions, checklists, forms, templates, and records. That distinction matters because a management method should generate the right controls and evidence rather than forcing every requirement into one document. This is a practical interpretation for tourism management, not a claim that any cited framework prescribes the exact template shown here. The organization remains responsible for tailoring terminology, depth, approval, safety, privacy, employment, contractual, financial, accessibility, regulatory, emergency, and records controls to its jurisdiction, services, risks, technology, and competence.","A professional operations manual is not one enormous document. It is a governed navigation layer that explains the operating system, assigns ownership, and connects users to the current policies, processes, SOPs, work instructions, tools, records, plans, and external requirements they need. Tourism operations are unusually exposed at interfaces. Sales may define the promise, Reservations holds changing information, Operations coordinates capacity and decisions, suppliers provide critical resources, field teams face the guest, and Finance or the client needs evidence afterward. A control that works inside one department can still fail at the handoff, during a change, or outside office hours. The method in this article is therefore designed as part of an end-to-end operating system. The wider architecture is explained in the tourism-company operating system , while the document-type comparison separates policies, SOPs, work instructions, checklists, forms, templates, and records. That distinction matters because a management method should generate the right controls and evidence rather than forcing every requirement into one document. This is a practical interpretation for tourism management, not a claim that any cited framework prescribes the exact template shown here. The organization remains responsible for tailoring terminology, depth, approval, safety, privacy, employment, contractual, financial, accessibility, regulatory, emergency, and records controls to its jurisdiction, services, risks, technology, and competence.",Near-duplicate candidate; review wording in context before editing.
/articles/capa-tourism-operations/index.html,/articles/root-cause-analysis-tourism-managers/index.html,0.669,"CAPA is a governed improvement process, not a corrective-action form. It distinguishes today's correction from action on the cause of an occurred nonconformity and from proactive action on a potential failure, then requires evidence that the system improved. Tourism operations are unusually exposed at interfaces. Sales may define the promise, Reservations holds changing information, Operations coordinates capacity and decisions, suppliers provide critical resources, field teams face the guest, and Finance or the client needs evidence afterward. A control that works inside one department can still fail at the handoff, during a change, or outside office hours. The method in this article is therefore designed as part of an end-to-end operating system. The wider architecture is explained in the tourism-company operating system , while the document-type comparison separates policies, SOPs, work instructions, checklists, forms, templates, and records. That distinction matters because a management method should generate the right controls and evidence rather than forcing every requirement into one document. This is a practical interpretation for tourism management, not a claim that any cited framework prescribes the exact template shown here. The organization remains responsible for tailoring terminology, depth, approval, safety, privacy, employment, contractual, financial, accessibility, regulatory, emergency, and records controls to its jurisdiction, services, risks, technology, and competence.","Root cause analysis is a disciplined search for causes that are supported by evidence and can be acted on. It resists the convenient answer—usually a person at the visible point of failure—and asks what conditions made the outcome possible or recurring. Tourism operations are unusually exposed at interfaces. Sales may define the promise, Reservations holds changing information, Operations coordinates capacity and decisions, suppliers provide critical resources, field teams face the guest, and Finance or the client needs evidence afterward. A control that works inside one department can still fail at the handoff, during a change, or outside office hours. The method in this article is therefore designed as part of an end-to-end operating system. The wider architecture is explained in the tourism-company operating system , while the document-type comparison separates policies, SOPs, work instructions, checklists, forms, templates, and records. That distinction matters because a management method should generate the right controls and evidence rather than forcing every requirement into one document. This is a practical interpretation for tourism management, not a claim that any cited framework prescribes the exact template shown here. The organization remains responsible for tailoring terminology, depth, approval, safety, privacy, employment, contractual, financial, accessibility, regulatory, emergency, and records controls to its jurisdiction, services, risks, technology, and competence.",Near-duplicate candidate; review wording in context before editing.
/articles/capa-tourism-operations/index.html,/articles/integrated-sop-creation-model/index.html,0.667,"CAPA is a governed improvement process, not a corrective-action form. It distinguishes today's correction from action on the cause of an occurred nonconformity and from proactive action on a potential failure, then requires evidence that the system improved. Tourism operations are unusually exposed at interfaces. Sales may define the promise, Reservations holds changing information, Operations coordinates capacity and decisions, suppliers provide critical resources, field teams face the guest, and Finance or the client needs evidence afterward. A control that works inside one department can still fail at the handoff, during a change, or outside office hours. The method in this article is therefore designed as part of an end-to-end operating system. The wider architecture is explained in the tourism-company operating system , while the document-type comparison separates policies, SOPs, work instructions, checklists, forms, templates, and records. That distinction matters because a management method should generate the right controls and evidence rather than forcing every requirement into one document. This is a practical interpretation for tourism management, not a claim that any cited framework prescribes the exact template shown here. The organization remains responsible for tailoring terminology, depth, approval, safety, privacy, employment, contractual, financial, accessibility, regulatory, emergency, and records controls to its jurisdiction, services, risks, technology, and competence.","No framework should be copied wholesale into a tourism SOP. The integrated model takes complementary management questions—value from service management, delivery discipline from project management, flow from Lean, and evidence about variation from Six Sigma—and connects them to risk-based documented operations. Tourism operations are unusually exposed at interfaces. Sales may define the promise, Reservations holds changing information, Operations coordinates capacity and decisions, suppliers provide critical resources, field teams face the guest, and Finance or the client needs evidence afterward. A control that works inside one department can still fail at the handoff, during a change, or outside office hours. The method in this article is therefore designed as part of an end-to-end operating system. The wider architecture is explained in the tourism-company operating system , while the document-type comparison separates policies, SOPs, work instructions, checklists, forms, templates, and records. That distinction matters because a management method should generate the right controls and evidence rather than forcing every requirement into one document. This is a practical interpretation for tourism management, not a claim that any cited framework prescribes the exact template shown here. The organization remains responsible for tailoring terminology, depth, approval, safety, privacy, employment, contractual, financial, accessibility, regulatory, emergency, and records controls to its jurisdiction, services, risks, technology, and competence.",Near-duplicate candidate; review wording in context before editing.
/articles/capa-tourism-operations/index.html,/articles/pmp-thinking-sop-implementation/index.html,0.689,"CAPA is a governed improvement process, not a corrective-action form. It distinguishes today's correction from action on the cause of an occurred nonconformity and from proactive action on a potential failure, then requires evidence that the system improved. Tourism operations are unusually exposed at interfaces. Sales may define the promise, Reservations holds changing information, Operations coordinates capacity and decisions, suppliers provide critical resources, field teams face the guest, and Finance or the client needs evidence afterward. A control that works inside one department can still fail at the handoff, during a change, or outside office hours. The method in this article is therefore designed as part of an end-to-end operating system. The wider architecture is explained in the tourism-company operating system , while the document-type comparison separates policies, SOPs, work instructions, checklists, forms, templates, and records. That distinction matters because a management method should generate the right controls and evidence rather than forcing every requirement into one document. This is a practical interpretation for tourism management, not a claim that any cited framework prescribes the exact template shown here. The organization remains responsible for tailoring terminology, depth, approval, safety, privacy, employment, contractual, financial, accessibility, regulatory, emergency, and records controls to its jurisdiction, services, risks, technology, and competence.","Writing approval is not implementation. A high-impact SOP changes roles, systems, tools, supplier interfaces, competencies, records, measures, and behavior; project-management thinking creates the temporary structure needed to move that operating change into stable ownership. Tourism operations are unusually exposed at interfaces. Sales may define the promise, Reservations holds changing information, Operations coordinates capacity and decisions, suppliers provide critical resources, field teams face the guest, and Finance or the client needs evidence afterward. A control that works inside one department can still fail at the handoff, during a change, or outside office hours. The method in this article is therefore designed as part of an end-to-end operating system. The wider architecture is explained in the tourism-company operating system , while the document-type comparison separates policies, SOPs, work instructions, checklists, forms, templates, and records. That distinction matters because a management method should generate the right controls and evidence rather than forcing every requirement into one document. This is a practical interpretation for tourism management, not a claim that any cited framework prescribes the exact template shown here. The organization remains responsible for tailoring terminology, depth, approval, safety, privacy, employment, contractual, financial, accessibility, regulatory, emergency, and records controls to its jurisdiction, services, risks, technology, and competence.",Near-duplicate candidate; review wording in context before editing.
/articles/capa-tourism-operations/index.html,/articles/tourism-operational-excellence-management-system/index.html,0.659,"Choosing training before verifying a competence cause. Decide whether the remedy belongs in process design, the SOP pack, technology, resource planning, supplier governance, competence, or leadership policy. Adding prose to the wrong document will not control the cause.","Rewarding hidden problems and perfect-looking dashboards. Decide whether the remedy belongs in process design, the SOP pack, technology, resource planning, supplier governance, competence, or leadership policy. Adding prose to the wrong document will not control the cause.",Near-duplicate candidate; review wording in context before editing.
/articles/capa-tourism-operations/index.html,/articles/how-to-audit-an-sop/index.html,0.692,"Choosing training before verifying a competence cause. Decide whether the remedy belongs in process design, the SOP pack, technology, resource planning, supplier governance, competence, or leadership policy. Adding prose to the wrong document will not control the cause.","Sampling only convenient successful cases. Decide whether the remedy belongs in process design, the SOP pack, technology, resource planning, supplier governance, competence, or leadership policy. Adding prose to the wrong document will not control the cause.",Near-duplicate candidate; review wording in context before editing.
/articles/capa-tourism-operations/index.html,/articles/six-sigma-tourism-complaints-data/index.html,0.683,"Writing actions with no due date or evidence. Test the proposed remedy in a normal case and a credible exception. Confirm that improvement in one measure has not transferred delay, risk, cost, or confusion to another role or the guest.","Confusing correlation with verified cause. Test the proposed remedy in a normal case and a credible exception. Confirm that improvement in one measure has not transferred delay, risk, cost, or confusion to another role or the guest.",Near-duplicate candidate; review wording in context before editing.
/articles/hotel-ai-prompting-framework/index.html,/articles/hotel-sop-process-design-ai-toolkit/index.html,0.667,"Each prompt contains editable placeholders and a built-in stop rule for missing information. Copy it, replace the placeholders with approved hotel apartment facts and keep the verification and human-approval sections intact. The templates are intentionally detailed because omitted operational detail is often where a hospitality failure begins.","Each prompt contains editable placeholders and a built-in stop rule for missing information. Copy it, replace the placeholders with approved hotel apartment facts and keep the verification and human-approval sections intact. The templates are intentionally detailed because omitted process detail is often where an SOP failure begins.",Near-duplicate candidate; review wording in context before editing.
/articles/hotel-general-manager-ai-toolkit/index.html,/articles/workforce-rostering-productivity-ai-toolkit/index.html,0.877,"ROLE Act as a hotel apartment general-management and executive decision-support assistant. Support accountable leaders without replacing HR, Finance, Safety, department heads, the General Manager, owner authority or approved delegation of authority. OPERATIONAL OBJECTIVE Complete the task: GM Morning Brief. Use verified hotel apartment evidence to support a transparent management decision. TRUSTED INPUTS Use only approved source-system reports, controlled KPI definitions, department records, approved SOPs/policies and documented management decisions. ANALYSIS / METHOD 1. State period, source cut-off and decision objective. 2. Separate verified fact, interpretation, AI hypothesis, recommendation and approved decision. 3. Reconcile material KPIs before interpretation. 4. Keep quality, safety, guest and financial impact visible. 5. Identify exceptions, dependencies and conflicting signals. 6. Do not infer causality from correlation alone. 7. Do not infer protected, medical or sensitive personal characteristics. 8. Name the accountable owner for every action. 9. State required approval or escalation. 10. Define how closure will be verified. OUTPUT Executive summary; verified facts; exceptions; analysis; options; risks; recommendation for human decision; required authority; actions/owners/due dates; verification gaps. LIMITS Risk level: Medium, escalating to High for safety, employment, disciplinary, financial, legal, privacy or binding commercial decisions. Do not fabricate data, make disciplinary/termination decisions, expose unnecessary personal data or bypass delegation of authority. HUMAN REVIEW Relevant department head verifies facts. HR/Finance/Safety/Legal review domain implications. The GM or authorized leader makes the final decision. STOP RULE If source evidence, decision ownership or approval authority is unclear, stop and request verification.","ROLE Act as a hotel apartment workforce-planning and productivity assistant. Support accountable leaders without replacing HR, Finance, Safety, department heads, the General Manager, owner authority or approved delegation of authority. OPERATIONAL OBJECTIVE Complete the task: Roster Demand Planner. Use verified hotel apartment evidence to support a transparent management decision. TRUSTED INPUTS Use only approved source-system reports, controlled KPI definitions, department records, approved SOPs/policies and documented management decisions. ANALYSIS / METHOD 1. State period, source cut-off and decision objective. 2. Separate verified fact, interpretation, AI hypothesis, recommendation and approved decision. 3. Reconcile material KPIs before interpretation. 4. Keep quality, safety, guest and financial impact visible. 5. Identify exceptions, dependencies and conflicting signals. 6. Do not infer causality from correlation alone. 7. Do not infer protected, medical or sensitive personal characteristics. 8. Name the accountable owner for every action. 9. State required approval or escalation. 10. Define how closure will be verified. OUTPUT Executive summary; verified facts; exceptions; analysis; options; risks; recommendation for human decision; required authority; actions/owners/due dates; verification gaps. LIMITS Risk level: Medium, escalating to High for safety, employment, disciplinary, financial, legal, privacy or binding commercial decisions. Do not fabricate data, make disciplinary/termination decisions, expose unnecessary personal data or bypass delegation of authority. HUMAN REVIEW Relevant department head verifies facts. HR/Finance/Safety/Legal review domain implications. The GM or authorized leader makes the final decision. STOP RULE If source evidence, decision ownership or approval authority is unclear, stop and request verification.",Near-duplicate candidate; review wording in context before editing.
/articles/how-to-audit-an-sop/index.html,/articles/itil-4-tourism-operations/index.html,0.65,"Asking leading questions and treating agreement as evidence. Follow the issue across upstream inputs and downstream handoffs. The visible lapse may originate in workload, information, authority, system design, supplier behavior, or an incentive outside the user's control.","Renaming tourism teams with it terminology. Follow the issue across upstream inputs and downstream handoffs. The visible lapse may originate in workload, information, authority, system design, supplier behavior, or an incentive outside the user's control.",Near-duplicate candidate; review wording in context before editing.
/articles/how-to-audit-an-sop/index.html,/articles/integrated-sop-creation-model/index.html,0.711,"Sampling only convenient successful cases. Decide whether the remedy belongs in process design, the SOP pack, technology, resource planning, supplier governance, competence, or leadership policy. Adding prose to the wrong document will not control the cause.","Writing before observing and measuring work. Decide whether the remedy belongs in process design, the SOP pack, technology, resource planning, supplier governance, competence, or leadership policy. Adding prose to the wrong document will not control the cause.",Near-duplicate candidate; review wording in context before editing.
/articles/how-to-audit-an-sop/index.html,/articles/pmp-thinking-sop-implementation/index.html,0.711,"Sampling only convenient successful cases. Decide whether the remedy belongs in process design, the SOP pack, technology, resource planning, supplier governance, competence, or leadership policy. Adding prose to the wrong document will not control the cause.","Planning dates without dependencies or resources. Decide whether the remedy belongs in process design, the SOP pack, technology, resource planning, supplier governance, competence, or leadership policy. Adding prose to the wrong document will not control the cause.",Near-duplicate candidate; review wording in context before editing.
/articles/how-to-audit-an-sop/index.html,/articles/tourism-operational-excellence-management-system/index.html,0.692,"Sampling only convenient successful cases. Decide whether the remedy belongs in process design, the SOP pack, technology, resource planning, supplier governance, competence, or leadership policy. Adding prose to the wrong document will not control the cause.","Rewarding hidden problems and perfect-looking dashboards. Decide whether the remedy belongs in process design, the SOP pack, technology, resource planning, supplier governance, competence, or leadership policy. Adding prose to the wrong document will not control the cause.",Near-duplicate candidate; review wording in context before editing.
/articles/how-to-audit-an-sop/index.html,/articles/where-stp-fits-tourism-operations/index.html,0.692,"Sampling only convenient successful cases. Decide whether the remedy belongs in process design, the SOP pack, technology, resource planning, supplier governance, competence, or leadership policy. Adding prose to the wrong document will not control the cause.","Writing expected results after seeing the outcome. Decide whether the remedy belongs in process design, the SOP pack, technology, resource planning, supplier governance, competence, or leadership policy. Adding prose to the wrong document will not control the cause.",Near-duplicate candidate; review wording in context before editing.
/articles/how-to-audit-an-sop/index.html,/articles/standard-test-procedures-tourism-operations/index.html,0.692,"Sampling only convenient successful cases. Decide whether the remedy belongs in process design, the SOP pack, technology, resource planning, supplier governance, competence, or leadership policy. Adding prose to the wrong document will not control the cause.","Packing several actions into one test step. Decide whether the remedy belongs in process design, the SOP pack, technology, resource planning, supplier governance, competence, or leadership policy. Adding prose to the wrong document will not control the cause.",Near-duplicate candidate; review wording in context before editing.
/articles/how-to-audit-an-sop/index.html,/articles/lean-thinking-tourism-operations/index.html,0.692,"Sampling only convenient successful cases. Decide whether the remedy belongs in process design, the SOP pack, technology, resource planning, supplier governance, competence, or leadership policy. Adding prose to the wrong document will not control the cause.","Removing controls without understanding their risk purpose. Decide whether the remedy belongs in process design, the SOP pack, technology, resource planning, supplier governance, competence, or leadership policy. Adding prose to the wrong document will not control the cause.",Near-duplicate candidate; review wording in context before editing.
/articles/how-to-audit-an-sop/index.html,/articles/tourism-operations-kpis-control-dashboards/index.html,0.711,"Sampling only convenient successful cases. Decide whether the remedy belongs in process design, the SOP pack, technology, resource planning, supplier governance, competence, or leadership policy. Adding prose to the wrong document will not control the cause.","Using averages that hide operational tails. Decide whether the remedy belongs in process design, the SOP pack, technology, resource planning, supplier governance, competence, or leadership policy. Adding prose to the wrong document will not control the cause.",Near-duplicate candidate; review wording in context before editing.
/articles/how-to-audit-an-sop/index.html,/articles/tourism-operations-manual/index.html,0.675,"Sampling only convenient successful cases. Decide whether the remedy belongs in process design, the SOP pack, technology, resource planning, supplier governance, competence, or leadership policy. Adding prose to the wrong document will not control the cause.","Filing only by department despite cross-functional services. Decide whether the remedy belongs in process design, the SOP pack, technology, resource planning, supplier governance, competence, or leadership policy. Adding prose to the wrong document will not control the cause.",Near-duplicate candidate; review wording in context before editing.
/articles/how-to-audit-an-sop/index.html,/articles/root-cause-analysis-tourism-managers/index.html,0.73,"Sampling only convenient successful cases. Decide whether the remedy belongs in process design, the SOP pack, technology, resource planning, supplier governance, competence, or leadership policy. Adding prose to the wrong document will not control the cause.","Using a fishbone as proof. Decide whether the remedy belongs in process design, the SOP pack, technology, resource planning, supplier governance, competence, or leadership policy. Adding prose to the wrong document will not control the cause.",Near-duplicate candidate; review wording in context before editing.
/articles/how-to-audit-an-sop/index.html,/articles/six-sigma-tourism-complaints-data/index.html,0.757,"Writing findings without criteria. Test the proposed remedy in a normal case and a credible exception. Confirm that improvement in one measure has not transferred delay, risk, cost, or confusion to another role or the guest.","Confusing correlation with verified cause. Test the proposed remedy in a normal case and a credible exception. Confirm that improvement in one measure has not transferred delay, risk, cost, or confusion to another role or the guest.",Near-duplicate candidate; review wording in context before editing.
/articles/integrated-sop-creation-model/index.html,/articles/where-stp-fits-tourism-operations/index.html,0.654,"No framework should be copied wholesale into a tourism SOP. The integrated model takes complementary management questions—value from service management, delivery discipline from project management, flow from Lean, and evidence about variation from Six Sigma—and connects them to risk-based documented operations. Tourism operations are unusually exposed at interfaces. Sales may define the promise, Reservations holds changing information, Operations coordinates capacity and decisions, suppliers provide critical resources, field teams face the guest, and Finance or the client needs evidence afterward. A control that works inside one department can still fail at the handoff, during a change, or outside office hours. The method in this article is therefore designed as part of an end-to-end operating system. The wider architecture is explained in the tourism-company operating system , while the document-type comparison separates policies, SOPs, work instructions, checklists, forms, templates, and records. That distinction matters because a management method should generate the right controls and evidence rather than forcing every requirement into one document. This is a practical interpretation for tourism management, not a claim that any cited framework prescribes the exact template shown here. The organization remains responsible for tailoring terminology, depth, approval, safety, privacy, employment, contractual, financial, accessibility, regulatory, emergency, and records controls to its jurisdiction, services, risks, technology, and competence.","An SOP defines the approved way to operate; an STP defines how to challenge a requirement under stated conditions, compare expected and actual results, record defects, and make a release decision. Tourism companies need both when failure would otherwise be discovered by a live guest. Tourism operations are unusually exposed at interfaces. Sales may define the promise, Reservations holds changing information, Operations coordinates capacity and decisions, suppliers provide critical resources, field teams face the guest, and Finance or the client needs evidence afterward. A control that works inside one department can still fail at the handoff, during a change, or outside office hours. The method in this article is therefore designed as part of an end-to-end operating system. The wider architecture is explained in the tourism-company operating system , while the document-type comparison separates policies, SOPs, work instructions, checklists, forms, templates, and records. That distinction matters because a management method should generate the right controls and evidence rather than forcing every requirement into one document. This is a practical interpretation for tourism management, not a claim that any cited framework prescribes the exact template shown here. The organization remains responsible for tailoring terminology, depth, approval, safety, privacy, employment, contractual, financial, accessibility, regulatory, emergency, and records controls to its jurisdiction, services, risks, technology, and competence.",Near-duplicate candidate; review wording in context before editing.
/articles/integrated-sop-creation-model/index.html,/articles/standard-test-procedures-tourism-operations/index.html,0.667,"No framework should be copied wholesale into a tourism SOP. The integrated model takes complementary management questions—value from service management, delivery discipline from project management, flow from Lean, and evidence about variation from Six Sigma—and connects them to risk-based documented operations. Tourism operations are unusually exposed at interfaces. Sales may define the promise, Reservations holds changing information, Operations coordinates capacity and decisions, suppliers provide critical resources, field teams face the guest, and Finance or the client needs evidence afterward. A control that works inside one department can still fail at the handoff, during a change, or outside office hours. The method in this article is therefore designed as part of an end-to-end operating system. The wider architecture is explained in the tourism-company operating system , while the document-type comparison separates policies, SOPs, work instructions, checklists, forms, templates, and records. That distinction matters because a management method should generate the right controls and evidence rather than forcing every requirement into one document. This is a practical interpretation for tourism management, not a claim that any cited framework prescribes the exact template shown here. The organization remains responsible for tailoring terminology, depth, approval, safety, privacy, employment, contractual, financial, accessibility, regulatory, emergency, and records controls to its jurisdiction, services, risks, technology, and competence.","A professional STP is a decision instrument. It converts a requirement into an observable challenge and produces evidence that supports release, correction, or rejection. The document must be executable by another competent person without relying on the author's memory. Tourism operations are unusually exposed at interfaces. Sales may define the promise, Reservations holds changing information, Operations coordinates capacity and decisions, suppliers provide critical resources, field teams face the guest, and Finance or the client needs evidence afterward. A control that works inside one department can still fail at the handoff, during a change, or outside office hours. The method in this article is therefore designed as part of an end-to-end operating system. The wider architecture is explained in the tourism-company operating system , while the document-type comparison separates policies, SOPs, work instructions, checklists, forms, templates, and records. That distinction matters because a management method should generate the right controls and evidence rather than forcing every requirement into one document. This is a practical interpretation for tourism management, not a claim that any cited framework prescribes the exact template shown here. The organization remains responsible for tailoring terminology, depth, approval, safety, privacy, employment, contractual, financial, accessibility, regulatory, emergency, and records controls to its jurisdiction, services, risks, technology, and competence.",Near-duplicate candidate; review wording in context before editing.
/articles/integrated-sop-creation-model/index.html,/articles/itil-4-tourism-operations/index.html,0.664,"No framework should be copied wholesale into a tourism SOP. The integrated model takes complementary management questions—value from service management, delivery discipline from project management, flow from Lean, and evidence about variation from Six Sigma—and connects them to risk-based documented operations. Tourism operations are unusually exposed at interfaces. Sales may define the promise, Reservations holds changing information, Operations coordinates capacity and decisions, suppliers provide critical resources, field teams face the guest, and Finance or the client needs evidence afterward. A control that works inside one department can still fail at the handoff, during a change, or outside office hours. The method in this article is therefore designed as part of an end-to-end operating system. The wider architecture is explained in the tourism-company operating system , while the document-type comparison separates policies, SOPs, work instructions, checklists, forms, templates, and records. That distinction matters because a management method should generate the right controls and evidence rather than forcing every requirement into one document. This is a practical interpretation for tourism management, not a claim that any cited framework prescribes the exact template shown here. The organization remains responsible for tailoring terminology, depth, approval, safety, privacy, employment, contractual, financial, accessibility, regulatory, emergency, and records controls to its jurisdiction, services, risks, technology, and competence.","ITIL 4 is useful beyond IT when treated as service-management thinking rather than software terminology. Its principles can help tourism leaders focus on value, start from current capability, work iteratively, collaborate visibly, think holistically, simplify, and automate only where useful. Tourism operations are unusually exposed at interfaces. Sales may define the promise, Reservations holds changing information, Operations coordinates capacity and decisions, suppliers provide critical resources, field teams face the guest, and Finance or the client needs evidence afterward. A control that works inside one department can still fail at the handoff, during a change, or outside office hours. The method in this article is therefore designed as part of an end-to-end operating system. The wider architecture is explained in the tourism-company operating system , while the document-type comparison separates policies, SOPs, work instructions, checklists, forms, templates, and records. That distinction matters because a management method should generate the right controls and evidence rather than forcing every requirement into one document. This is a practical interpretation for tourism management, not a claim that any cited framework prescribes the exact template shown here. The organization remains responsible for tailoring terminology, depth, approval, safety, privacy, employment, contractual, financial, accessibility, regulatory, emergency, and records controls to its jurisdiction, services, risks, technology, and competence.",Near-duplicate candidate; review wording in context before editing.
/articles/integrated-sop-creation-model/index.html,/articles/lean-thinking-tourism-operations/index.html,0.667,"No framework should be copied wholesale into a tourism SOP. The integrated model takes complementary management questions—value from service management, delivery discipline from project management, flow from Lean, and evidence about variation from Six Sigma—and connects them to risk-based documented operations. Tourism operations are unusually exposed at interfaces. Sales may define the promise, Reservations holds changing information, Operations coordinates capacity and decisions, suppliers provide critical resources, field teams face the guest, and Finance or the client needs evidence afterward. A control that works inside one department can still fail at the handoff, during a change, or outside office hours. The method in this article is therefore designed as part of an end-to-end operating system. The wider architecture is explained in the tourism-company operating system , while the document-type comparison separates policies, SOPs, work instructions, checklists, forms, templates, and records. That distinction matters because a management method should generate the right controls and evidence rather than forcing every requirement into one document. This is a practical interpretation for tourism management, not a claim that any cited framework prescribes the exact template shown here. The organization remains responsible for tailoring terminology, depth, approval, safety, privacy, employment, contractual, financial, accessibility, regulatory, emergency, and records controls to its jurisdiction, services, risks, technology, and competence.","Lean is a management way of thinking about creating needed value with fewer resources and less waste through continuous experimentation. In tourism, it should improve flow and clarity while protecting safety, accessibility, human judgment, recovery capacity, and the guest relationship. Tourism operations are unusually exposed at interfaces. Sales may define the promise, Reservations holds changing information, Operations coordinates capacity and decisions, suppliers provide critical resources, field teams face the guest, and Finance or the client needs evidence afterward. A control that works inside one department can still fail at the handoff, during a change, or outside office hours. The method in this article is therefore designed as part of an end-to-end operating system. The wider architecture is explained in the tourism-company operating system , while the document-type comparison separates policies, SOPs, work instructions, checklists, forms, templates, and records. That distinction matters because a management method should generate the right controls and evidence rather than forcing every requirement into one document. This is a practical interpretation for tourism management, not a claim that any cited framework prescribes the exact template shown here. The organization remains responsible for tailoring terminology, depth, approval, safety, privacy, employment, contractual, financial, accessibility, regulatory, emergency, and records controls to its jurisdiction, services, risks, technology, and competence.",Near-duplicate candidate; review wording in context before editing.
/articles/integrated-sop-creation-model/index.html,/articles/tourism-operations-kpis-control-dashboards/index.html,0.68,"No framework should be copied wholesale into a tourism SOP. The integrated model takes complementary management questions—value from service management, delivery discipline from project management, flow from Lean, and evidence about variation from Six Sigma—and connects them to risk-based documented operations. Tourism operations are unusually exposed at interfaces. Sales may define the promise, Reservations holds changing information, Operations coordinates capacity and decisions, suppliers provide critical resources, field teams face the guest, and Finance or the client needs evidence afterward. A control that works inside one department can still fail at the handoff, during a change, or outside office hours. The method in this article is therefore designed as part of an end-to-end operating system. The wider architecture is explained in the tourism-company operating system , while the document-type comparison separates policies, SOPs, work instructions, checklists, forms, templates, and records. That distinction matters because a management method should generate the right controls and evidence rather than forcing every requirement into one document. This is a practical interpretation for tourism management, not a claim that any cited framework prescribes the exact template shown here. The organization remains responsible for tailoring terminology, depth, approval, safety, privacy, employment, contractual, financial, accessibility, regulatory, emergency, and records controls to its jurisdiction, services, risks, technology, and competence.","A KPI is useful only when its definition, source, owner, frequency, context, and action threshold support a real decision. A dashboard is the operating conversation around those indicators—not a screen filled with attractive numbers. Tourism operations are unusually exposed at interfaces. Sales may define the promise, Reservations holds changing information, Operations coordinates capacity and decisions, suppliers provide critical resources, field teams face the guest, and Finance or the client needs evidence afterward. A control that works inside one department can still fail at the handoff, during a change, or outside office hours. The method in this article is therefore designed as part of an end-to-end operating system. The wider architecture is explained in the tourism-company operating system , while the document-type comparison separates policies, SOPs, work instructions, checklists, forms, templates, and records. That distinction matters because a management method should generate the right controls and evidence rather than forcing every requirement into one document. This is a practical interpretation for tourism management, not a claim that any cited framework prescribes the exact template shown here. The organization remains responsible for tailoring terminology, depth, approval, safety, privacy, employment, contractual, financial, accessibility, regulatory, emergency, and records controls to its jurisdiction, services, risks, technology, and competence.",Near-duplicate candidate; review wording in context before editing.
/articles/integrated-sop-creation-model/index.html,/articles/tourism-operations-manual/index.html,0.664,"No framework should be copied wholesale into a tourism SOP. The integrated model takes complementary management questions—value from service management, delivery discipline from project management, flow from Lean, and evidence about variation from Six Sigma—and connects them to risk-based documented operations. Tourism operations are unusually exposed at interfaces. Sales may define the promise, Reservations holds changing information, Operations coordinates capacity and decisions, suppliers provide critical resources, field teams face the guest, and Finance or the client needs evidence afterward. A control that works inside one department can still fail at the handoff, during a change, or outside office hours. The method in this article is therefore designed as part of an end-to-end operating system. The wider architecture is explained in the tourism-company operating system , while the document-type comparison separates policies, SOPs, work instructions, checklists, forms, templates, and records. That distinction matters because a management method should generate the right controls and evidence rather than forcing every requirement into one document. This is a practical interpretation for tourism management, not a claim that any cited framework prescribes the exact template shown here. The organization remains responsible for tailoring terminology, depth, approval, safety, privacy, employment, contractual, financial, accessibility, regulatory, emergency, and records controls to its jurisdiction, services, risks, technology, and competence.","A professional operations manual is not one enormous document. It is a governed navigation layer that explains the operating system, assigns ownership, and connects users to the current policies, processes, SOPs, work instructions, tools, records, plans, and external requirements they need. Tourism operations are unusually exposed at interfaces. Sales may define the promise, Reservations holds changing information, Operations coordinates capacity and decisions, suppliers provide critical resources, field teams face the guest, and Finance or the client needs evidence afterward. A control that works inside one department can still fail at the handoff, during a change, or outside office hours. The method in this article is therefore designed as part of an end-to-end operating system. The wider architecture is explained in the tourism-company operating system , while the document-type comparison separates policies, SOPs, work instructions, checklists, forms, templates, and records. That distinction matters because a management method should generate the right controls and evidence rather than forcing every requirement into one document. This is a practical interpretation for tourism management, not a claim that any cited framework prescribes the exact template shown here. The organization remains responsible for tailoring terminology, depth, approval, safety, privacy, employment, contractual, financial, accessibility, regulatory, emergency, and records controls to its jurisdiction, services, risks, technology, and competence.",Near-duplicate candidate; review wording in context before editing.
/articles/integrated-sop-creation-model/index.html,/articles/root-cause-analysis-tourism-managers/index.html,0.659,"No framework should be copied wholesale into a tourism SOP. The integrated model takes complementary management questions—value from service management, delivery discipline from project management, flow from Lean, and evidence about variation from Six Sigma—and connects them to risk-based documented operations. Tourism operations are unusually exposed at interfaces. Sales may define the promise, Reservations holds changing information, Operations coordinates capacity and decisions, suppliers provide critical resources, field teams face the guest, and Finance or the client needs evidence afterward. A control that works inside one department can still fail at the handoff, during a change, or outside office hours. The method in this article is therefore designed as part of an end-to-end operating system. The wider architecture is explained in the tourism-company operating system , while the document-type comparison separates policies, SOPs, work instructions, checklists, forms, templates, and records. That distinction matters because a management method should generate the right controls and evidence rather than forcing every requirement into one document. This is a practical interpretation for tourism management, not a claim that any cited framework prescribes the exact template shown here. The organization remains responsible for tailoring terminology, depth, approval, safety, privacy, employment, contractual, financial, accessibility, regulatory, emergency, and records controls to its jurisdiction, services, risks, technology, and competence.","Root cause analysis is a disciplined search for causes that are supported by evidence and can be acted on. It resists the convenient answer—usually a person at the visible point of failure—and asks what conditions made the outcome possible or recurring. Tourism operations are unusually exposed at interfaces. Sales may define the promise, Reservations holds changing information, Operations coordinates capacity and decisions, suppliers provide critical resources, field teams face the guest, and Finance or the client needs evidence afterward. A control that works inside one department can still fail at the handoff, during a change, or outside office hours. The method in this article is therefore designed as part of an end-to-end operating system. The wider architecture is explained in the tourism-company operating system , while the document-type comparison separates policies, SOPs, work instructions, checklists, forms, templates, and records. That distinction matters because a management method should generate the right controls and evidence rather than forcing every requirement into one document. This is a practical interpretation for tourism management, not a claim that any cited framework prescribes the exact template shown here. The organization remains responsible for tailoring terminology, depth, approval, safety, privacy, employment, contractual, financial, accessibility, regulatory, emergency, and records controls to its jurisdiction, services, risks, technology, and competence.",Near-duplicate candidate; review wording in context before editing.
/articles/integrated-sop-creation-model/index.html,/articles/pmp-thinking-sop-implementation/index.html,0.677,"No framework should be copied wholesale into a tourism SOP. The integrated model takes complementary management questions—value from service management, delivery discipline from project management, flow from Lean, and evidence about variation from Six Sigma—and connects them to risk-based documented operations. Tourism operations are unusually exposed at interfaces. Sales may define the promise, Reservations holds changing information, Operations coordinates capacity and decisions, suppliers provide critical resources, field teams face the guest, and Finance or the client needs evidence afterward. A control that works inside one department can still fail at the handoff, during a change, or outside office hours. The method in this article is therefore designed as part of an end-to-end operating system. The wider architecture is explained in the tourism-company operating system , while the document-type comparison separates policies, SOPs, work instructions, checklists, forms, templates, and records. That distinction matters because a management method should generate the right controls and evidence rather than forcing every requirement into one document. This is a practical interpretation for tourism management, not a claim that any cited framework prescribes the exact template shown here. The organization remains responsible for tailoring terminology, depth, approval, safety, privacy, employment, contractual, financial, accessibility, regulatory, emergency, and records controls to its jurisdiction, services, risks, technology, and competence.","Writing approval is not implementation. A high-impact SOP changes roles, systems, tools, supplier interfaces, competencies, records, measures, and behavior; project-management thinking creates the temporary structure needed to move that operating change into stable ownership. Tourism operations are unusually exposed at interfaces. Sales may define the promise, Reservations holds changing information, Operations coordinates capacity and decisions, suppliers provide critical resources, field teams face the guest, and Finance or the client needs evidence afterward. A control that works inside one department can still fail at the handoff, during a change, or outside office hours. The method in this article is therefore designed as part of an end-to-end operating system. The wider architecture is explained in the tourism-company operating system , while the document-type comparison separates policies, SOPs, work instructions, checklists, forms, templates, and records. That distinction matters because a management method should generate the right controls and evidence rather than forcing every requirement into one document. This is a practical interpretation for tourism management, not a claim that any cited framework prescribes the exact template shown here. The organization remains responsible for tailoring terminology, depth, approval, safety, privacy, employment, contractual, financial, accessibility, regulatory, emergency, and records controls to its jurisdiction, services, risks, technology, and competence.",Near-duplicate candidate; review wording in context before editing.
/articles/integrated-sop-creation-model/index.html,/articles/tourism-operational-excellence-management-system/index.html,0.675,"Writing before observing and measuring work. Decide whether the remedy belongs in process design, the SOP pack, technology, resource planning, supplier governance, competence, or leadership policy. Adding prose to the wrong document will not control the cause.","Rewarding hidden problems and perfect-looking dashboards. Decide whether the remedy belongs in process design, the SOP pack, technology, resource planning, supplier governance, competence, or leadership policy. Adding prose to the wrong document will not control the cause.",Near-duplicate candidate; review wording in context before editing.
/articles/integrated-sop-creation-model/index.html,/articles/six-sigma-tourism-complaints-data/index.html,0.683,"Optimizing flow while ignoring guest or resilience needs. Test the proposed remedy in a normal case and a credible exception. Confirm that improvement in one measure has not transferred delay, risk, cost, or confusion to another role or the guest.","Confusing correlation with verified cause. Test the proposed remedy in a normal case and a credible exception. Confirm that improvement in one measure has not transferred delay, risk, cost, or confusion to another role or the guest.",Near-duplicate candidate; review wording in context before editing.
/articles/itil-4-tourism-operations/index.html,/articles/where-stp-fits-tourism-operations/index.html,0.661,"ITIL 4 is useful beyond IT when treated as service-management thinking rather than software terminology. Its principles can help tourism leaders focus on value, start from current capability, work iteratively, collaborate visibly, think holistically, simplify, and automate only where useful. Tourism operations are unusually exposed at interfaces. Sales may define the promise, Reservations holds changing information, Operations coordinates capacity and decisions, suppliers provide critical resources, field teams face the guest, and Finance or the client needs evidence afterward. A control that works inside one department can still fail at the handoff, during a change, or outside office hours. The method in this article is therefore designed as part of an end-to-end operating system. The wider architecture is explained in the tourism-company operating system , while the document-type comparison separates policies, SOPs, work instructions, checklists, forms, templates, and records. That distinction matters because a management method should generate the right controls and evidence rather than forcing every requirement into one document. This is a practical interpretation for tourism management, not a claim that any cited framework prescribes the exact template shown here. The organization remains responsible for tailoring terminology, depth, approval, safety, privacy, employment, contractual, financial, accessibility, regulatory, emergency, and records controls to its jurisdiction, services, risks, technology, and competence.","An SOP defines the approved way to operate; an STP defines how to challenge a requirement under stated conditions, compare expected and actual results, record defects, and make a release decision. Tourism companies need both when failure would otherwise be discovered by a live guest. Tourism operations are unusually exposed at interfaces. Sales may define the promise, Reservations holds changing information, Operations coordinates capacity and decisions, suppliers provide critical resources, field teams face the guest, and Finance or the client needs evidence afterward. A control that works inside one department can still fail at the handoff, during a change, or outside office hours. The method in this article is therefore designed as part of an end-to-end operating system. The wider architecture is explained in the tourism-company operating system , while the document-type comparison separates policies, SOPs, work instructions, checklists, forms, templates, and records. That distinction matters because a management method should generate the right controls and evidence rather than forcing every requirement into one document. This is a practical interpretation for tourism management, not a claim that any cited framework prescribes the exact template shown here. The organization remains responsible for tailoring terminology, depth, approval, safety, privacy, employment, contractual, financial, accessibility, regulatory, emergency, and records controls to its jurisdiction, services, risks, technology, and competence.",Near-duplicate candidate; review wording in context before editing.
/articles/itil-4-tourism-operations/index.html,/articles/standard-test-procedures-tourism-operations/index.html,0.675,"ITIL 4 is useful beyond IT when treated as service-management thinking rather than software terminology. Its principles can help tourism leaders focus on value, start from current capability, work iteratively, collaborate visibly, think holistically, simplify, and automate only where useful. Tourism operations are unusually exposed at interfaces. Sales may define the promise, Reservations holds changing information, Operations coordinates capacity and decisions, suppliers provide critical resources, field teams face the guest, and Finance or the client needs evidence afterward. A control that works inside one department can still fail at the handoff, during a change, or outside office hours. The method in this article is therefore designed as part of an end-to-end operating system. The wider architecture is explained in the tourism-company operating system , while the document-type comparison separates policies, SOPs, work instructions, checklists, forms, templates, and records. That distinction matters because a management method should generate the right controls and evidence rather than forcing every requirement into one document. This is a practical interpretation for tourism management, not a claim that any cited framework prescribes the exact template shown here. The organization remains responsible for tailoring terminology, depth, approval, safety, privacy, employment, contractual, financial, accessibility, regulatory, emergency, and records controls to its jurisdiction, services, risks, technology, and competence.","A professional STP is a decision instrument. It converts a requirement into an observable challenge and produces evidence that supports release, correction, or rejection. The document must be executable by another competent person without relying on the author's memory. Tourism operations are unusually exposed at interfaces. Sales may define the promise, Reservations holds changing information, Operations coordinates capacity and decisions, suppliers provide critical resources, field teams face the guest, and Finance or the client needs evidence afterward. A control that works inside one department can still fail at the handoff, during a change, or outside office hours. The method in this article is therefore designed as part of an end-to-end operating system. The wider architecture is explained in the tourism-company operating system , while the document-type comparison separates policies, SOPs, work instructions, checklists, forms, templates, and records. That distinction matters because a management method should generate the right controls and evidence rather than forcing every requirement into one document. This is a practical interpretation for tourism management, not a claim that any cited framework prescribes the exact template shown here. The organization remains responsible for tailoring terminology, depth, approval, safety, privacy, employment, contractual, financial, accessibility, regulatory, emergency, and records controls to its jurisdiction, services, risks, technology, and competence.",Near-duplicate candidate; review wording in context before editing.
/articles/itil-4-tourism-operations/index.html,/articles/lean-thinking-tourism-operations/index.html,0.675,"ITIL 4 is useful beyond IT when treated as service-management thinking rather than software terminology. Its principles can help tourism leaders focus on value, start from current capability, work iteratively, collaborate visibly, think holistically, simplify, and automate only where useful. Tourism operations are unusually exposed at interfaces. Sales may define the promise, Reservations holds changing information, Operations coordinates capacity and decisions, suppliers provide critical resources, field teams face the guest, and Finance or the client needs evidence afterward. A control that works inside one department can still fail at the handoff, during a change, or outside office hours. The method in this article is therefore designed as part of an end-to-end operating system. The wider architecture is explained in the tourism-company operating system , while the document-type comparison separates policies, SOPs, work instructions, checklists, forms, templates, and records. That distinction matters because a management method should generate the right controls and evidence rather than forcing every requirement into one document. This is a practical interpretation for tourism management, not a claim that any cited framework prescribes the exact template shown here. The organization remains responsible for tailoring terminology, depth, approval, safety, privacy, employment, contractual, financial, accessibility, regulatory, emergency, and records controls to its jurisdiction, services, risks, technology, and competence.","Lean is a management way of thinking about creating needed value with fewer resources and less waste through continuous experimentation. In tourism, it should improve flow and clarity while protecting safety, accessibility, human judgment, recovery capacity, and the guest relationship. Tourism operations are unusually exposed at interfaces. Sales may define the promise, Reservations holds changing information, Operations coordinates capacity and decisions, suppliers provide critical resources, field teams face the guest, and Finance or the client needs evidence afterward. A control that works inside one department can still fail at the handoff, during a change, or outside office hours. The method in this article is therefore designed as part of an end-to-end operating system. The wider architecture is explained in the tourism-company operating system , while the document-type comparison separates policies, SOPs, work instructions, checklists, forms, templates, and records. That distinction matters because a management method should generate the right controls and evidence rather than forcing every requirement into one document. This is a practical interpretation for tourism management, not a claim that any cited framework prescribes the exact template shown here. The organization remains responsible for tailoring terminology, depth, approval, safety, privacy, employment, contractual, financial, accessibility, regulatory, emergency, and records controls to its jurisdiction, services, risks, technology, and competence.",Near-duplicate candidate; review wording in context before editing.
/articles/itil-4-tourism-operations/index.html,/articles/tourism-operations-kpis-control-dashboards/index.html,0.689,"ITIL 4 is useful beyond IT when treated as service-management thinking rather than software terminology. Its principles can help tourism leaders focus on value, start from current capability, work iteratively, collaborate visibly, think holistically, simplify, and automate only where useful. Tourism operations are unusually exposed at interfaces. Sales may define the promise, Reservations holds changing information, Operations coordinates capacity and decisions, suppliers provide critical resources, field teams face the guest, and Finance or the client needs evidence afterward. A control that works inside one department can still fail at the handoff, during a change, or outside office hours. The method in this article is therefore designed as part of an end-to-end operating system. The wider architecture is explained in the tourism-company operating system , while the document-type comparison separates policies, SOPs, work instructions, checklists, forms, templates, and records. That distinction matters because a management method should generate the right controls and evidence rather than forcing every requirement into one document. This is a practical interpretation for tourism management, not a claim that any cited framework prescribes the exact template shown here. The organization remains responsible for tailoring terminology, depth, approval, safety, privacy, employment, contractual, financial, accessibility, regulatory, emergency, and records controls to its jurisdiction, services, risks, technology, and competence.","A KPI is useful only when its definition, source, owner, frequency, context, and action threshold support a real decision. A dashboard is the operating conversation around those indicators—not a screen filled with attractive numbers. Tourism operations are unusually exposed at interfaces. Sales may define the promise, Reservations holds changing information, Operations coordinates capacity and decisions, suppliers provide critical resources, field teams face the guest, and Finance or the client needs evidence afterward. A control that works inside one department can still fail at the handoff, during a change, or outside office hours. The method in this article is therefore designed as part of an end-to-end operating system. The wider architecture is explained in the tourism-company operating system , while the document-type comparison separates policies, SOPs, work instructions, checklists, forms, templates, and records. That distinction matters because a management method should generate the right controls and evidence rather than forcing every requirement into one document. This is a practical interpretation for tourism management, not a claim that any cited framework prescribes the exact template shown here. The organization remains responsible for tailoring terminology, depth, approval, safety, privacy, employment, contractual, financial, accessibility, regulatory, emergency, and records controls to its jurisdiction, services, risks, technology, and competence.",Near-duplicate candidate; review wording in context before editing.
/articles/itil-4-tourism-operations/index.html,/articles/tourism-operations-manual/index.html,0.672,"ITIL 4 is useful beyond IT when treated as service-management thinking rather than software terminology. Its principles can help tourism leaders focus on value, start from current capability, work iteratively, collaborate visibly, think holistically, simplify, and automate only where useful. Tourism operations are unusually exposed at interfaces. Sales may define the promise, Reservations holds changing information, Operations coordinates capacity and decisions, suppliers provide critical resources, field teams face the guest, and Finance or the client needs evidence afterward. A control that works inside one department can still fail at the handoff, during a change, or outside office hours. The method in this article is therefore designed as part of an end-to-end operating system. The wider architecture is explained in the tourism-company operating system , while the document-type comparison separates policies, SOPs, work instructions, checklists, forms, templates, and records. That distinction matters because a management method should generate the right controls and evidence rather than forcing every requirement into one document. This is a practical interpretation for tourism management, not a claim that any cited framework prescribes the exact template shown here. The organization remains responsible for tailoring terminology, depth, approval, safety, privacy, employment, contractual, financial, accessibility, regulatory, emergency, and records controls to its jurisdiction, services, risks, technology, and competence.","A professional operations manual is not one enormous document. It is a governed navigation layer that explains the operating system, assigns ownership, and connects users to the current policies, processes, SOPs, work instructions, tools, records, plans, and external requirements they need. Tourism operations are unusually exposed at interfaces. Sales may define the promise, Reservations holds changing information, Operations coordinates capacity and decisions, suppliers provide critical resources, field teams face the guest, and Finance or the client needs evidence afterward. A control that works inside one department can still fail at the handoff, during a change, or outside office hours. The method in this article is therefore designed as part of an end-to-end operating system. The wider architecture is explained in the tourism-company operating system , while the document-type comparison separates policies, SOPs, work instructions, checklists, forms, templates, and records. That distinction matters because a management method should generate the right controls and evidence rather than forcing every requirement into one document. This is a practical interpretation for tourism management, not a claim that any cited framework prescribes the exact template shown here. The organization remains responsible for tailoring terminology, depth, approval, safety, privacy, employment, contractual, financial, accessibility, regulatory, emergency, and records controls to its jurisdiction, services, risks, technology, and competence.",Near-duplicate candidate; review wording in context before editing.
/articles/itil-4-tourism-operations/index.html,/articles/root-cause-analysis-tourism-managers/index.html,0.667,"ITIL 4 is useful beyond IT when treated as service-management thinking rather than software terminology. Its principles can help tourism leaders focus on value, start from current capability, work iteratively, collaborate visibly, think holistically, simplify, and automate only where useful. Tourism operations are unusually exposed at interfaces. Sales may define the promise, Reservations holds changing information, Operations coordinates capacity and decisions, suppliers provide critical resources, field teams face the guest, and Finance or the client needs evidence afterward. A control that works inside one department can still fail at the handoff, during a change, or outside office hours. The method in this article is therefore designed as part of an end-to-end operating system. The wider architecture is explained in the tourism-company operating system , while the document-type comparison separates policies, SOPs, work instructions, checklists, forms, templates, and records. That distinction matters because a management method should generate the right controls and evidence rather than forcing every requirement into one document. This is a practical interpretation for tourism management, not a claim that any cited framework prescribes the exact template shown here. The organization remains responsible for tailoring terminology, depth, approval, safety, privacy, employment, contractual, financial, accessibility, regulatory, emergency, and records controls to its jurisdiction, services, risks, technology, and competence.","Root cause analysis is a disciplined search for causes that are supported by evidence and can be acted on. It resists the convenient answer—usually a person at the visible point of failure—and asks what conditions made the outcome possible or recurring. Tourism operations are unusually exposed at interfaces. Sales may define the promise, Reservations holds changing information, Operations coordinates capacity and decisions, suppliers provide critical resources, field teams face the guest, and Finance or the client needs evidence afterward. A control that works inside one department can still fail at the handoff, during a change, or outside office hours. The method in this article is therefore designed as part of an end-to-end operating system. The wider architecture is explained in the tourism-company operating system , while the document-type comparison separates policies, SOPs, work instructions, checklists, forms, templates, and records. That distinction matters because a management method should generate the right controls and evidence rather than forcing every requirement into one document. This is a practical interpretation for tourism management, not a claim that any cited framework prescribes the exact template shown here. The organization remains responsible for tailoring terminology, depth, approval, safety, privacy, employment, contractual, financial, accessibility, regulatory, emergency, and records controls to its jurisdiction, services, risks, technology, and competence.",Near-duplicate candidate; review wording in context before editing.
/articles/itil-4-tourism-operations/index.html,/articles/pmp-thinking-sop-implementation/index.html,0.686,"ITIL 4 is useful beyond IT when treated as service-management thinking rather than software terminology. Its principles can help tourism leaders focus on value, start from current capability, work iteratively, collaborate visibly, think holistically, simplify, and automate only where useful. Tourism operations are unusually exposed at interfaces. Sales may define the promise, Reservations holds changing information, Operations coordinates capacity and decisions, suppliers provide critical resources, field teams face the guest, and Finance or the client needs evidence afterward. A control that works inside one department can still fail at the handoff, during a change, or outside office hours. The method in this article is therefore designed as part of an end-to-end operating system. The wider architecture is explained in the tourism-company operating system , while the document-type comparison separates policies, SOPs, work instructions, checklists, forms, templates, and records. That distinction matters because a management method should generate the right controls and evidence rather than forcing every requirement into one document. This is a practical interpretation for tourism management, not a claim that any cited framework prescribes the exact template shown here. The organization remains responsible for tailoring terminology, depth, approval, safety, privacy, employment, contractual, financial, accessibility, regulatory, emergency, and records controls to its jurisdiction, services, risks, technology, and competence.","Writing approval is not implementation. A high-impact SOP changes roles, systems, tools, supplier interfaces, competencies, records, measures, and behavior; project-management thinking creates the temporary structure needed to move that operating change into stable ownership. Tourism operations are unusually exposed at interfaces. Sales may define the promise, Reservations holds changing information, Operations coordinates capacity and decisions, suppliers provide critical resources, field teams face the guest, and Finance or the client needs evidence afterward. A control that works inside one department can still fail at the handoff, during a change, or outside office hours. The method in this article is therefore designed as part of an end-to-end operating system. The wider architecture is explained in the tourism-company operating system , while the document-type comparison separates policies, SOPs, work instructions, checklists, forms, templates, and records. That distinction matters because a management method should generate the right controls and evidence rather than forcing every requirement into one document. This is a practical interpretation for tourism management, not a claim that any cited framework prescribes the exact template shown here. The organization remains responsible for tailoring terminology, depth, approval, safety, privacy, employment, contractual, financial, accessibility, regulatory, emergency, and records controls to its jurisdiction, services, risks, technology, and competence.",Near-duplicate candidate; review wording in context before editing.
/articles/itil-4-tourism-operations/index.html,/articles/tourism-operational-excellence-management-system/index.html,0.667,"Renaming tourism teams with it terminology. Follow the issue across upstream inputs and downstream handoffs. The visible lapse may originate in workload, information, authority, system design, supplier behavior, or an incentive outside the user's control.","Creating a quality system separate from operations. Follow the issue across upstream inputs and downstream handoffs. The visible lapse may originate in workload, information, authority, system design, supplier behavior, or an incentive outside the user's control.",Near-duplicate candidate; review wording in context before editing.
/articles/itil-4-tourism-operations/index.html,/articles/six-sigma-tourism-complaints-data/index.html,0.737,"Implementing practices as disconnected forms. Test the proposed remedy in a normal case and a credible exception. Confirm that improvement in one measure has not transferred delay, risk, cost, or confusion to another role or the guest.","Confusing correlation with verified cause. Test the proposed remedy in a normal case and a credible exception. Confirm that improvement in one measure has not transferred delay, risk, cost, or confusion to another role or the guest.",Near-duplicate candidate; review wording in context before editing.
/articles/lean-thinking-tourism-operations/index.html,/articles/where-stp-fits-tourism-operations/index.html,0.664,"Lean is a management way of thinking about creating needed value with fewer resources and less waste through continuous experimentation. In tourism, it should improve flow and clarity while protecting safety, accessibility, human judgment, recovery capacity, and the guest relationship. Tourism operations are unusually exposed at interfaces. Sales may define the promise, Reservations holds changing information, Operations coordinates capacity and decisions, suppliers provide critical resources, field teams face the guest, and Finance or the client needs evidence afterward. A control that works inside one department can still fail at the handoff, during a change, or outside office hours. The method in this article is therefore designed as part of an end-to-end operating system. The wider architecture is explained in the tourism-company operating system , while the document-type comparison separates policies, SOPs, work instructions, checklists, forms, templates, and records. That distinction matters because a management method should generate the right controls and evidence rather than forcing every requirement into one document. This is a practical interpretation for tourism management, not a claim that any cited framework prescribes the exact template shown here. The organization remains responsible for tailoring terminology, depth, approval, safety, privacy, employment, contractual, financial, accessibility, regulatory, emergency, and records controls to its jurisdiction, services, risks, technology, and competence.","An SOP defines the approved way to operate; an STP defines how to challenge a requirement under stated conditions, compare expected and actual results, record defects, and make a release decision. Tourism companies need both when failure would otherwise be discovered by a live guest. Tourism operations are unusually exposed at interfaces. Sales may define the promise, Reservations holds changing information, Operations coordinates capacity and decisions, suppliers provide critical resources, field teams face the guest, and Finance or the client needs evidence afterward. A control that works inside one department can still fail at the handoff, during a change, or outside office hours. The method in this article is therefore designed as part of an end-to-end operating system. The wider architecture is explained in the tourism-company operating system , while the document-type comparison separates policies, SOPs, work instructions, checklists, forms, templates, and records. That distinction matters because a management method should generate the right controls and evidence rather than forcing every requirement into one document. This is a practical interpretation for tourism management, not a claim that any cited framework prescribes the exact template shown here. The organization remains responsible for tailoring terminology, depth, approval, safety, privacy, employment, contractual, financial, accessibility, regulatory, emergency, and records controls to its jurisdiction, services, risks, technology, and competence.",Near-duplicate candidate; review wording in context before editing.
/articles/lean-thinking-tourism-operations/index.html,/articles/standard-test-procedures-tourism-operations/index.html,0.677,"Lean is a management way of thinking about creating needed value with fewer resources and less waste through continuous experimentation. In tourism, it should improve flow and clarity while protecting safety, accessibility, human judgment, recovery capacity, and the guest relationship. Tourism operations are unusually exposed at interfaces. Sales may define the promise, Reservations holds changing information, Operations coordinates capacity and decisions, suppliers provide critical resources, field teams face the guest, and Finance or the client needs evidence afterward. A control that works inside one department can still fail at the handoff, during a change, or outside office hours. The method in this article is therefore designed as part of an end-to-end operating system. The wider architecture is explained in the tourism-company operating system , while the document-type comparison separates policies, SOPs, work instructions, checklists, forms, templates, and records. That distinction matters because a management method should generate the right controls and evidence rather than forcing every requirement into one document. This is a practical interpretation for tourism management, not a claim that any cited framework prescribes the exact template shown here. The organization remains responsible for tailoring terminology, depth, approval, safety, privacy, employment, contractual, financial, accessibility, regulatory, emergency, and records controls to its jurisdiction, services, risks, technology, and competence.","A professional STP is a decision instrument. It converts a requirement into an observable challenge and produces evidence that supports release, correction, or rejection. The document must be executable by another competent person without relying on the author's memory. Tourism operations are unusually exposed at interfaces. Sales may define the promise, Reservations holds changing information, Operations coordinates capacity and decisions, suppliers provide critical resources, field teams face the guest, and Finance or the client needs evidence afterward. A control that works inside one department can still fail at the handoff, during a change, or outside office hours. The method in this article is therefore designed as part of an end-to-end operating system. The wider architecture is explained in the tourism-company operating system , while the document-type comparison separates policies, SOPs, work instructions, checklists, forms, templates, and records. That distinction matters because a management method should generate the right controls and evidence rather than forcing every requirement into one document. This is a practical interpretation for tourism management, not a claim that any cited framework prescribes the exact template shown here. The organization remains responsible for tailoring terminology, depth, approval, safety, privacy, employment, contractual, financial, accessibility, regulatory, emergency, and records controls to its jurisdiction, services, risks, technology, and competence.",Near-duplicate candidate; review wording in context before editing.
/articles/lean-thinking-tourism-operations/index.html,/articles/tourism-operations-kpis-control-dashboards/index.html,0.691,"Lean is a management way of thinking about creating needed value with fewer resources and less waste through continuous experimentation. In tourism, it should improve flow and clarity while protecting safety, accessibility, human judgment, recovery capacity, and the guest relationship. Tourism operations are unusually exposed at interfaces. Sales may define the promise, Reservations holds changing information, Operations coordinates capacity and decisions, suppliers provide critical resources, field teams face the guest, and Finance or the client needs evidence afterward. A control that works inside one department can still fail at the handoff, during a change, or outside office hours. The method in this article is therefore designed as part of an end-to-end operating system. The wider architecture is explained in the tourism-company operating system , while the document-type comparison separates policies, SOPs, work instructions, checklists, forms, templates, and records. That distinction matters because a management method should generate the right controls and evidence rather than forcing every requirement into one document. This is a practical interpretation for tourism management, not a claim that any cited framework prescribes the exact template shown here. The organization remains responsible for tailoring terminology, depth, approval, safety, privacy, employment, contractual, financial, accessibility, regulatory, emergency, and records controls to its jurisdiction, services, risks, technology, and competence.","A KPI is useful only when its definition, source, owner, frequency, context, and action threshold support a real decision. A dashboard is the operating conversation around those indicators—not a screen filled with attractive numbers. Tourism operations are unusually exposed at interfaces. Sales may define the promise, Reservations holds changing information, Operations coordinates capacity and decisions, suppliers provide critical resources, field teams face the guest, and Finance or the client needs evidence afterward. A control that works inside one department can still fail at the handoff, during a change, or outside office hours. The method in this article is therefore designed as part of an end-to-end operating system. The wider architecture is explained in the tourism-company operating system , while the document-type comparison separates policies, SOPs, work instructions, checklists, forms, templates, and records. That distinction matters because a management method should generate the right controls and evidence rather than forcing every requirement into one document. This is a practical interpretation for tourism management, not a claim that any cited framework prescribes the exact template shown here. The organization remains responsible for tailoring terminology, depth, approval, safety, privacy, employment, contractual, financial, accessibility, regulatory, emergency, and records controls to its jurisdiction, services, risks, technology, and competence.",Near-duplicate candidate; review wording in context before editing.
/articles/lean-thinking-tourism-operations/index.html,/articles/tourism-operations-manual/index.html,0.675,"Lean is a management way of thinking about creating needed value with fewer resources and less waste through continuous experimentation. In tourism, it should improve flow and clarity while protecting safety, accessibility, human judgment, recovery capacity, and the guest relationship. Tourism operations are unusually exposed at interfaces. Sales may define the promise, Reservations holds changing information, Operations coordinates capacity and decisions, suppliers provide critical resources, field teams face the guest, and Finance or the client needs evidence afterward. A control that works inside one department can still fail at the handoff, during a change, or outside office hours. The method in this article is therefore designed as part of an end-to-end operating system. The wider architecture is explained in the tourism-company operating system , while the document-type comparison separates policies, SOPs, work instructions, checklists, forms, templates, and records. That distinction matters because a management method should generate the right controls and evidence rather than forcing every requirement into one document. This is a practical interpretation for tourism management, not a claim that any cited framework prescribes the exact template shown here. The organization remains responsible for tailoring terminology, depth, approval, safety, privacy, employment, contractual, financial, accessibility, regulatory, emergency, and records controls to its jurisdiction, services, risks, technology, and competence.","A professional operations manual is not one enormous document. It is a governed navigation layer that explains the operating system, assigns ownership, and connects users to the current policies, processes, SOPs, work instructions, tools, records, plans, and external requirements they need. Tourism operations are unusually exposed at interfaces. Sales may define the promise, Reservations holds changing information, Operations coordinates capacity and decisions, suppliers provide critical resources, field teams face the guest, and Finance or the client needs evidence afterward. A control that works inside one department can still fail at the handoff, during a change, or outside office hours. The method in this article is therefore designed as part of an end-to-end operating system. The wider architecture is explained in the tourism-company operating system , while the document-type comparison separates policies, SOPs, work instructions, checklists, forms, templates, and records. That distinction matters because a management method should generate the right controls and evidence rather than forcing every requirement into one document. This is a practical interpretation for tourism management, not a claim that any cited framework prescribes the exact template shown here. The organization remains responsible for tailoring terminology, depth, approval, safety, privacy, employment, contractual, financial, accessibility, regulatory, emergency, and records controls to its jurisdiction, services, risks, technology, and competence.",Near-duplicate candidate; review wording in context before editing.
/articles/lean-thinking-tourism-operations/index.html,/articles/root-cause-analysis-tourism-managers/index.html,0.669,"Lean is a management way of thinking about creating needed value with fewer resources and less waste through continuous experimentation. In tourism, it should improve flow and clarity while protecting safety, accessibility, human judgment, recovery capacity, and the guest relationship. Tourism operations are unusually exposed at interfaces. Sales may define the promise, Reservations holds changing information, Operations coordinates capacity and decisions, suppliers provide critical resources, field teams face the guest, and Finance or the client needs evidence afterward. A control that works inside one department can still fail at the handoff, during a change, or outside office hours. The method in this article is therefore designed as part of an end-to-end operating system. The wider architecture is explained in the tourism-company operating system , while the document-type comparison separates policies, SOPs, work instructions, checklists, forms, templates, and records. That distinction matters because a management method should generate the right controls and evidence rather than forcing every requirement into one document. This is a practical interpretation for tourism management, not a claim that any cited framework prescribes the exact template shown here. The organization remains responsible for tailoring terminology, depth, approval, safety, privacy, employment, contractual, financial, accessibility, regulatory, emergency, and records controls to its jurisdiction, services, risks, technology, and competence.","Root cause analysis is a disciplined search for causes that are supported by evidence and can be acted on. It resists the convenient answer—usually a person at the visible point of failure—and asks what conditions made the outcome possible or recurring. Tourism operations are unusually exposed at interfaces. Sales may define the promise, Reservations holds changing information, Operations coordinates capacity and decisions, suppliers provide critical resources, field teams face the guest, and Finance or the client needs evidence afterward. A control that works inside one department can still fail at the handoff, during a change, or outside office hours. The method in this article is therefore designed as part of an end-to-end operating system. The wider architecture is explained in the tourism-company operating system , while the document-type comparison separates policies, SOPs, work instructions, checklists, forms, templates, and records. That distinction matters because a management method should generate the right controls and evidence rather than forcing every requirement into one document. This is a practical interpretation for tourism management, not a claim that any cited framework prescribes the exact template shown here. The organization remains responsible for tailoring terminology, depth, approval, safety, privacy, employment, contractual, financial, accessibility, regulatory, emergency, and records controls to its jurisdiction, services, risks, technology, and competence.",Near-duplicate candidate; review wording in context before editing.
/articles/lean-thinking-tourism-operations/index.html,/articles/pmp-thinking-sop-implementation/index.html,0.689,"Lean is a management way of thinking about creating needed value with fewer resources and less waste through continuous experimentation. In tourism, it should improve flow and clarity while protecting safety, accessibility, human judgment, recovery capacity, and the guest relationship. Tourism operations are unusually exposed at interfaces. Sales may define the promise, Reservations holds changing information, Operations coordinates capacity and decisions, suppliers provide critical resources, field teams face the guest, and Finance or the client needs evidence afterward. A control that works inside one department can still fail at the handoff, during a change, or outside office hours. The method in this article is therefore designed as part of an end-to-end operating system. The wider architecture is explained in the tourism-company operating system , while the document-type comparison separates policies, SOPs, work instructions, checklists, forms, templates, and records. That distinction matters because a management method should generate the right controls and evidence rather than forcing every requirement into one document. This is a practical interpretation for tourism management, not a claim that any cited framework prescribes the exact template shown here. The organization remains responsible for tailoring terminology, depth, approval, safety, privacy, employment, contractual, financial, accessibility, regulatory, emergency, and records controls to its jurisdiction, services, risks, technology, and competence.","Writing approval is not implementation. A high-impact SOP changes roles, systems, tools, supplier interfaces, competencies, records, measures, and behavior; project-management thinking creates the temporary structure needed to move that operating change into stable ownership. Tourism operations are unusually exposed at interfaces. Sales may define the promise, Reservations holds changing information, Operations coordinates capacity and decisions, suppliers provide critical resources, field teams face the guest, and Finance or the client needs evidence afterward. A control that works inside one department can still fail at the handoff, during a change, or outside office hours. The method in this article is therefore designed as part of an end-to-end operating system. The wider architecture is explained in the tourism-company operating system , while the document-type comparison separates policies, SOPs, work instructions, checklists, forms, templates, and records. That distinction matters because a management method should generate the right controls and evidence rather than forcing every requirement into one document. This is a practical interpretation for tourism management, not a claim that any cited framework prescribes the exact template shown here. The organization remains responsible for tailoring terminology, depth, approval, safety, privacy, employment, contractual, financial, accessibility, regulatory, emergency, and records controls to its jurisdiction, services, risks, technology, and competence.",Near-duplicate candidate; review wording in context before editing.
/articles/lean-thinking-tourism-operations/index.html,/articles/tourism-operational-excellence-management-system/index.html,0.659,"Removing controls without understanding their risk purpose. Decide whether the remedy belongs in process design, the SOP pack, technology, resource planning, supplier governance, competence, or leadership policy. Adding prose to the wrong document will not control the cause.","Rewarding hidden problems and perfect-looking dashboards. Decide whether the remedy belongs in process design, the SOP pack, technology, resource planning, supplier governance, competence, or leadership policy. Adding prose to the wrong document will not control the cause.",Near-duplicate candidate; review wording in context before editing.
/articles/lean-thinking-tourism-operations/index.html,/articles/six-sigma-tourism-complaints-data/index.html,0.7,"Optimizing one department while delay moves downstream. Test the proposed remedy in a normal case and a credible exception. Confirm that improvement in one measure has not transferred delay, risk, cost, or confusion to another role or the guest.","Confusing correlation with verified cause. Test the proposed remedy in a normal case and a credible exception. Confirm that improvement in one measure has not transferred delay, risk, cost, or confusion to another role or the guest.",Near-duplicate candidate; review wording in context before editing.
/articles/operational-checklist-employees-use/index.html,/articles/sop-roles-authority-raci/index.html,0.659,"The most useful next readings are procedure-writing method , work-instruction design , training, competency, and SOP adoption . These links are conceptual rather than promotional: each one supplies a prerequisite, supporting control, or next implementation step. A reader should be able to follow the series from system design to live use and improvement without encountering a forced link in every paragraph. The portfolio already shows the operating context in Tour Guide Quality Index , The DMC Operations AI Toolkit , The Abu Dhabi MICE Movement Control Room . Those pieces provide concrete examples of journeys, dashboards, assignments, quality tools, commercial controls, partner handoffs, or service recovery. This article extends them by explaining the management method behind reliable execution.","The most useful next readings are the professional SOP structure , exception and escalation management , training, competency, and SOP adoption . These links are conceptual rather than promotional: each one supplies a prerequisite, supporting control, or next implementation step. A reader should be able to follow the series from system design to live use and improvement without encountering a forced link in every paragraph. The portfolio already shows the operating context in Tourism Operations Roles , The Assignment Engine , The Abu Dhabi MICE Movement Control Room . Those pieces provide concrete examples of journeys, dashboards, assignments, quality tools, commercial controls, partner handoffs, or service recovery. This article extends them by explaining the management method behind reliable execution.",Near-duplicate candidate; review wording in context before editing.
/articles/pmp-thinking-sop-implementation/index.html,/articles/where-stp-fits-tourism-operations/index.html,0.675,"Writing approval is not implementation. A high-impact SOP changes roles, systems, tools, supplier interfaces, competencies, records, measures, and behavior; project-management thinking creates the temporary structure needed to move that operating change into stable ownership. Tourism operations are unusually exposed at interfaces. Sales may define the promise, Reservations holds changing information, Operations coordinates capacity and decisions, suppliers provide critical resources, field teams face the guest, and Finance or the client needs evidence afterward. A control that works inside one department can still fail at the handoff, during a change, or outside office hours. The method in this article is therefore designed as part of an end-to-end operating system. The wider architecture is explained in the tourism-company operating system , while the document-type comparison separates policies, SOPs, work instructions, checklists, forms, templates, and records. That distinction matters because a management method should generate the right controls and evidence rather than forcing every requirement into one document. This is a practical interpretation for tourism management, not a claim that any cited framework prescribes the exact template shown here. The organization remains responsible for tailoring terminology, depth, approval, safety, privacy, employment, contractual, financial, accessibility, regulatory, emergency, and records controls to its jurisdiction, services, risks, technology, and competence.","An SOP defines the approved way to operate; an STP defines how to challenge a requirement under stated conditions, compare expected and actual results, record defects, and make a release decision. Tourism companies need both when failure would otherwise be discovered by a live guest. Tourism operations are unusually exposed at interfaces. Sales may define the promise, Reservations holds changing information, Operations coordinates capacity and decisions, suppliers provide critical resources, field teams face the guest, and Finance or the client needs evidence afterward. A control that works inside one department can still fail at the handoff, during a change, or outside office hours. The method in this article is therefore designed as part of an end-to-end operating system. The wider architecture is explained in the tourism-company operating system , while the document-type comparison separates policies, SOPs, work instructions, checklists, forms, templates, and records. That distinction matters because a management method should generate the right controls and evidence rather than forcing every requirement into one document. This is a practical interpretation for tourism management, not a claim that any cited framework prescribes the exact template shown here. The organization remains responsible for tailoring terminology, depth, approval, safety, privacy, employment, contractual, financial, accessibility, regulatory, emergency, and records controls to its jurisdiction, services, risks, technology, and competence.",Near-duplicate candidate; review wording in context before editing.
/articles/pmp-thinking-sop-implementation/index.html,/articles/standard-test-procedures-tourism-operations/index.html,0.689,"Writing approval is not implementation. A high-impact SOP changes roles, systems, tools, supplier interfaces, competencies, records, measures, and behavior; project-management thinking creates the temporary structure needed to move that operating change into stable ownership. Tourism operations are unusually exposed at interfaces. Sales may define the promise, Reservations holds changing information, Operations coordinates capacity and decisions, suppliers provide critical resources, field teams face the guest, and Finance or the client needs evidence afterward. A control that works inside one department can still fail at the handoff, during a change, or outside office hours. The method in this article is therefore designed as part of an end-to-end operating system. The wider architecture is explained in the tourism-company operating system , while the document-type comparison separates policies, SOPs, work instructions, checklists, forms, templates, and records. That distinction matters because a management method should generate the right controls and evidence rather than forcing every requirement into one document. This is a practical interpretation for tourism management, not a claim that any cited framework prescribes the exact template shown here. The organization remains responsible for tailoring terminology, depth, approval, safety, privacy, employment, contractual, financial, accessibility, regulatory, emergency, and records controls to its jurisdiction, services, risks, technology, and competence.","A professional STP is a decision instrument. It converts a requirement into an observable challenge and produces evidence that supports release, correction, or rejection. The document must be executable by another competent person without relying on the author's memory. Tourism operations are unusually exposed at interfaces. Sales may define the promise, Reservations holds changing information, Operations coordinates capacity and decisions, suppliers provide critical resources, field teams face the guest, and Finance or the client needs evidence afterward. A control that works inside one department can still fail at the handoff, during a change, or outside office hours. The method in this article is therefore designed as part of an end-to-end operating system. The wider architecture is explained in the tourism-company operating system , while the document-type comparison separates policies, SOPs, work instructions, checklists, forms, templates, and records. That distinction matters because a management method should generate the right controls and evidence rather than forcing every requirement into one document. This is a practical interpretation for tourism management, not a claim that any cited framework prescribes the exact template shown here. The organization remains responsible for tailoring terminology, depth, approval, safety, privacy, employment, contractual, financial, accessibility, regulatory, emergency, and records controls to its jurisdiction, services, risks, technology, and competence.",Near-duplicate candidate; review wording in context before editing.
/articles/pmp-thinking-sop-implementation/index.html,/articles/tourism-operations-kpis-control-dashboards/index.html,0.703,"Writing approval is not implementation. A high-impact SOP changes roles, systems, tools, supplier interfaces, competencies, records, measures, and behavior; project-management thinking creates the temporary structure needed to move that operating change into stable ownership. Tourism operations are unusually exposed at interfaces. Sales may define the promise, Reservations holds changing information, Operations coordinates capacity and decisions, suppliers provide critical resources, field teams face the guest, and Finance or the client needs evidence afterward. A control that works inside one department can still fail at the handoff, during a change, or outside office hours. The method in this article is therefore designed as part of an end-to-end operating system. The wider architecture is explained in the tourism-company operating system , while the document-type comparison separates policies, SOPs, work instructions, checklists, forms, templates, and records. That distinction matters because a management method should generate the right controls and evidence rather than forcing every requirement into one document. This is a practical interpretation for tourism management, not a claim that any cited framework prescribes the exact template shown here. The organization remains responsible for tailoring terminology, depth, approval, safety, privacy, employment, contractual, financial, accessibility, regulatory, emergency, and records controls to its jurisdiction, services, risks, technology, and competence.","A KPI is useful only when its definition, source, owner, frequency, context, and action threshold support a real decision. A dashboard is the operating conversation around those indicators—not a screen filled with attractive numbers. Tourism operations are unusually exposed at interfaces. Sales may define the promise, Reservations holds changing information, Operations coordinates capacity and decisions, suppliers provide critical resources, field teams face the guest, and Finance or the client needs evidence afterward. A control that works inside one department can still fail at the handoff, during a change, or outside office hours. The method in this article is therefore designed as part of an end-to-end operating system. The wider architecture is explained in the tourism-company operating system , while the document-type comparison separates policies, SOPs, work instructions, checklists, forms, templates, and records. That distinction matters because a management method should generate the right controls and evidence rather than forcing every requirement into one document. This is a practical interpretation for tourism management, not a claim that any cited framework prescribes the exact template shown here. The organization remains responsible for tailoring terminology, depth, approval, safety, privacy, employment, contractual, financial, accessibility, regulatory, emergency, and records controls to its jurisdiction, services, risks, technology, and competence.",Near-duplicate candidate; review wording in context before editing.
/articles/pmp-thinking-sop-implementation/index.html,/articles/tourism-operations-manual/index.html,0.686,"Writing approval is not implementation. A high-impact SOP changes roles, systems, tools, supplier interfaces, competencies, records, measures, and behavior; project-management thinking creates the temporary structure needed to move that operating change into stable ownership. Tourism operations are unusually exposed at interfaces. Sales may define the promise, Reservations holds changing information, Operations coordinates capacity and decisions, suppliers provide critical resources, field teams face the guest, and Finance or the client needs evidence afterward. A control that works inside one department can still fail at the handoff, during a change, or outside office hours. The method in this article is therefore designed as part of an end-to-end operating system. The wider architecture is explained in the tourism-company operating system , while the document-type comparison separates policies, SOPs, work instructions, checklists, forms, templates, and records. That distinction matters because a management method should generate the right controls and evidence rather than forcing every requirement into one document. This is a practical interpretation for tourism management, not a claim that any cited framework prescribes the exact template shown here. The organization remains responsible for tailoring terminology, depth, approval, safety, privacy, employment, contractual, financial, accessibility, regulatory, emergency, and records controls to its jurisdiction, services, risks, technology, and competence.","A professional operations manual is not one enormous document. It is a governed navigation layer that explains the operating system, assigns ownership, and connects users to the current policies, processes, SOPs, work instructions, tools, records, plans, and external requirements they need. Tourism operations are unusually exposed at interfaces. Sales may define the promise, Reservations holds changing information, Operations coordinates capacity and decisions, suppliers provide critical resources, field teams face the guest, and Finance or the client needs evidence afterward. A control that works inside one department can still fail at the handoff, during a change, or outside office hours. The method in this article is therefore designed as part of an end-to-end operating system. The wider architecture is explained in the tourism-company operating system , while the document-type comparison separates policies, SOPs, work instructions, checklists, forms, templates, and records. That distinction matters because a management method should generate the right controls and evidence rather than forcing every requirement into one document. This is a practical interpretation for tourism management, not a claim that any cited framework prescribes the exact template shown here. The organization remains responsible for tailoring terminology, depth, approval, safety, privacy, employment, contractual, financial, accessibility, regulatory, emergency, and records controls to its jurisdiction, services, risks, technology, and competence.",Near-duplicate candidate; review wording in context before editing.
/articles/pmp-thinking-sop-implementation/index.html,/articles/root-cause-analysis-tourism-managers/index.html,0.68,"Writing approval is not implementation. A high-impact SOP changes roles, systems, tools, supplier interfaces, competencies, records, measures, and behavior; project-management thinking creates the temporary structure needed to move that operating change into stable ownership. Tourism operations are unusually exposed at interfaces. Sales may define the promise, Reservations holds changing information, Operations coordinates capacity and decisions, suppliers provide critical resources, field teams face the guest, and Finance or the client needs evidence afterward. A control that works inside one department can still fail at the handoff, during a change, or outside office hours. The method in this article is therefore designed as part of an end-to-end operating system. The wider architecture is explained in the tourism-company operating system , while the document-type comparison separates policies, SOPs, work instructions, checklists, forms, templates, and records. That distinction matters because a management method should generate the right controls and evidence rather than forcing every requirement into one document. This is a practical interpretation for tourism management, not a claim that any cited framework prescribes the exact template shown here. The organization remains responsible for tailoring terminology, depth, approval, safety, privacy, employment, contractual, financial, accessibility, regulatory, emergency, and records controls to its jurisdiction, services, risks, technology, and competence.","Root cause analysis is a disciplined search for causes that are supported by evidence and can be acted on. It resists the convenient answer—usually a person at the visible point of failure—and asks what conditions made the outcome possible or recurring. Tourism operations are unusually exposed at interfaces. Sales may define the promise, Reservations holds changing information, Operations coordinates capacity and decisions, suppliers provide critical resources, field teams face the guest, and Finance or the client needs evidence afterward. A control that works inside one department can still fail at the handoff, during a change, or outside office hours. The method in this article is therefore designed as part of an end-to-end operating system. The wider architecture is explained in the tourism-company operating system , while the document-type comparison separates policies, SOPs, work instructions, checklists, forms, templates, and records. That distinction matters because a management method should generate the right controls and evidence rather than forcing every requirement into one document. This is a practical interpretation for tourism management, not a claim that any cited framework prescribes the exact template shown here. The organization remains responsible for tailoring terminology, depth, approval, safety, privacy, employment, contractual, financial, accessibility, regulatory, emergency, and records controls to its jurisdiction, services, risks, technology, and competence.",Near-duplicate candidate; review wording in context before editing.
/articles/pmp-thinking-sop-implementation/index.html,/articles/tourism-operational-excellence-management-system/index.html,0.675,"Planning dates without dependencies or resources. Decide whether the remedy belongs in process design, the SOP pack, technology, resource planning, supplier governance, competence, or leadership policy. Adding prose to the wrong document will not control the cause.","Rewarding hidden problems and perfect-looking dashboards. Decide whether the remedy belongs in process design, the SOP pack, technology, resource planning, supplier governance, competence, or leadership policy. Adding prose to the wrong document will not control the cause.",Near-duplicate candidate; review wording in context before editing.
/articles/pmp-thinking-sop-implementation/index.html,/articles/six-sigma-tourism-complaints-data/index.html,0.737,"Using raci without resolving authority. Test the proposed remedy in a normal case and a credible exception. Confirm that improvement in one measure has not transferred delay, risk, cost, or confusion to another role or the guest.","Confusing correlation with verified cause. Test the proposed remedy in a normal case and a credible exception. Confirm that improvement in one measure has not transferred delay, risk, cost, or confusion to another role or the guest.",Near-duplicate candidate; review wording in context before editing.
/articles/root-cause-analysis-tourism-managers/index.html,/articles/where-stp-fits-tourism-operations/index.html,0.656,"Root cause analysis is a disciplined search for causes that are supported by evidence and can be acted on. It resists the convenient answer—usually a person at the visible point of failure—and asks what conditions made the outcome possible or recurring. Tourism operations are unusually exposed at interfaces. Sales may define the promise, Reservations holds changing information, Operations coordinates capacity and decisions, suppliers provide critical resources, field teams face the guest, and Finance or the client needs evidence afterward. A control that works inside one department can still fail at the handoff, during a change, or outside office hours. The method in this article is therefore designed as part of an end-to-end operating system. The wider architecture is explained in the tourism-company operating system , while the document-type comparison separates policies, SOPs, work instructions, checklists, forms, templates, and records. That distinction matters because a management method should generate the right controls and evidence rather than forcing every requirement into one document. This is a practical interpretation for tourism management, not a claim that any cited framework prescribes the exact template shown here. The organization remains responsible for tailoring terminology, depth, approval, safety, privacy, employment, contractual, financial, accessibility, regulatory, emergency, and records controls to its jurisdiction, services, risks, technology, and competence.","An SOP defines the approved way to operate; an STP defines how to challenge a requirement under stated conditions, compare expected and actual results, record defects, and make a release decision. Tourism companies need both when failure would otherwise be discovered by a live guest. Tourism operations are unusually exposed at interfaces. Sales may define the promise, Reservations holds changing information, Operations coordinates capacity and decisions, suppliers provide critical resources, field teams face the guest, and Finance or the client needs evidence afterward. A control that works inside one department can still fail at the handoff, during a change, or outside office hours. The method in this article is therefore designed as part of an end-to-end operating system. The wider architecture is explained in the tourism-company operating system , while the document-type comparison separates policies, SOPs, work instructions, checklists, forms, templates, and records. That distinction matters because a management method should generate the right controls and evidence rather than forcing every requirement into one document. This is a practical interpretation for tourism management, not a claim that any cited framework prescribes the exact template shown here. The organization remains responsible for tailoring terminology, depth, approval, safety, privacy, employment, contractual, financial, accessibility, regulatory, emergency, and records controls to its jurisdiction, services, risks, technology, and competence.",Near-duplicate candidate; review wording in context before editing.
/articles/root-cause-analysis-tourism-managers/index.html,/articles/standard-test-procedures-tourism-operations/index.html,0.669,"Root cause analysis is a disciplined search for causes that are supported by evidence and can be acted on. It resists the convenient answer—usually a person at the visible point of failure—and asks what conditions made the outcome possible or recurring. Tourism operations are unusually exposed at interfaces. Sales may define the promise, Reservations holds changing information, Operations coordinates capacity and decisions, suppliers provide critical resources, field teams face the guest, and Finance or the client needs evidence afterward. A control that works inside one department can still fail at the handoff, during a change, or outside office hours. The method in this article is therefore designed as part of an end-to-end operating system. The wider architecture is explained in the tourism-company operating system , while the document-type comparison separates policies, SOPs, work instructions, checklists, forms, templates, and records. That distinction matters because a management method should generate the right controls and evidence rather than forcing every requirement into one document. This is a practical interpretation for tourism management, not a claim that any cited framework prescribes the exact template shown here. The organization remains responsible for tailoring terminology, depth, approval, safety, privacy, employment, contractual, financial, accessibility, regulatory, emergency, and records controls to its jurisdiction, services, risks, technology, and competence.","A professional STP is a decision instrument. It converts a requirement into an observable challenge and produces evidence that supports release, correction, or rejection. The document must be executable by another competent person without relying on the author's memory. Tourism operations are unusually exposed at interfaces. Sales may define the promise, Reservations holds changing information, Operations coordinates capacity and decisions, suppliers provide critical resources, field teams face the guest, and Finance or the client needs evidence afterward. A control that works inside one department can still fail at the handoff, during a change, or outside office hours. The method in this article is therefore designed as part of an end-to-end operating system. The wider architecture is explained in the tourism-company operating system , while the document-type comparison separates policies, SOPs, work instructions, checklists, forms, templates, and records. That distinction matters because a management method should generate the right controls and evidence rather than forcing every requirement into one document. This is a practical interpretation for tourism management, not a claim that any cited framework prescribes the exact template shown here. The organization remains responsible for tailoring terminology, depth, approval, safety, privacy, employment, contractual, financial, accessibility, regulatory, emergency, and records controls to its jurisdiction, services, risks, technology, and competence.",Near-duplicate candidate; review wording in context before editing.
/articles/root-cause-analysis-tourism-managers/index.html,/articles/tourism-operations-kpis-control-dashboards/index.html,0.683,"Root cause analysis is a disciplined search for causes that are supported by evidence and can be acted on. It resists the convenient answer—usually a person at the visible point of failure—and asks what conditions made the outcome possible or recurring. Tourism operations are unusually exposed at interfaces. Sales may define the promise, Reservations holds changing information, Operations coordinates capacity and decisions, suppliers provide critical resources, field teams face the guest, and Finance or the client needs evidence afterward. A control that works inside one department can still fail at the handoff, during a change, or outside office hours. The method in this article is therefore designed as part of an end-to-end operating system. The wider architecture is explained in the tourism-company operating system , while the document-type comparison separates policies, SOPs, work instructions, checklists, forms, templates, and records. That distinction matters because a management method should generate the right controls and evidence rather than forcing every requirement into one document. This is a practical interpretation for tourism management, not a claim that any cited framework prescribes the exact template shown here. The organization remains responsible for tailoring terminology, depth, approval, safety, privacy, employment, contractual, financial, accessibility, regulatory, emergency, and records controls to its jurisdiction, services, risks, technology, and competence.","A KPI is useful only when its definition, source, owner, frequency, context, and action threshold support a real decision. A dashboard is the operating conversation around those indicators—not a screen filled with attractive numbers. Tourism operations are unusually exposed at interfaces. Sales may define the promise, Reservations holds changing information, Operations coordinates capacity and decisions, suppliers provide critical resources, field teams face the guest, and Finance or the client needs evidence afterward. A control that works inside one department can still fail at the handoff, during a change, or outside office hours. The method in this article is therefore designed as part of an end-to-end operating system. The wider architecture is explained in the tourism-company operating system , while the document-type comparison separates policies, SOPs, work instructions, checklists, forms, templates, and records. That distinction matters because a management method should generate the right controls and evidence rather than forcing every requirement into one document. This is a practical interpretation for tourism management, not a claim that any cited framework prescribes the exact template shown here. The organization remains responsible for tailoring terminology, depth, approval, safety, privacy, employment, contractual, financial, accessibility, regulatory, emergency, and records controls to its jurisdiction, services, risks, technology, and competence.",Near-duplicate candidate; review wording in context before editing.
/articles/root-cause-analysis-tourism-managers/index.html,/articles/tourism-operations-manual/index.html,0.667,"Root cause analysis is a disciplined search for causes that are supported by evidence and can be acted on. It resists the convenient answer—usually a person at the visible point of failure—and asks what conditions made the outcome possible or recurring. Tourism operations are unusually exposed at interfaces. Sales may define the promise, Reservations holds changing information, Operations coordinates capacity and decisions, suppliers provide critical resources, field teams face the guest, and Finance or the client needs evidence afterward. A control that works inside one department can still fail at the handoff, during a change, or outside office hours. The method in this article is therefore designed as part of an end-to-end operating system. The wider architecture is explained in the tourism-company operating system , while the document-type comparison separates policies, SOPs, work instructions, checklists, forms, templates, and records. That distinction matters because a management method should generate the right controls and evidence rather than forcing every requirement into one document. This is a practical interpretation for tourism management, not a claim that any cited framework prescribes the exact template shown here. The organization remains responsible for tailoring terminology, depth, approval, safety, privacy, employment, contractual, financial, accessibility, regulatory, emergency, and records controls to its jurisdiction, services, risks, technology, and competence.","A professional operations manual is not one enormous document. It is a governed navigation layer that explains the operating system, assigns ownership, and connects users to the current policies, processes, SOPs, work instructions, tools, records, plans, and external requirements they need. Tourism operations are unusually exposed at interfaces. Sales may define the promise, Reservations holds changing information, Operations coordinates capacity and decisions, suppliers provide critical resources, field teams face the guest, and Finance or the client needs evidence afterward. A control that works inside one department can still fail at the handoff, during a change, or outside office hours. The method in this article is therefore designed as part of an end-to-end operating system. The wider architecture is explained in the tourism-company operating system , while the document-type comparison separates policies, SOPs, work instructions, checklists, forms, templates, and records. That distinction matters because a management method should generate the right controls and evidence rather than forcing every requirement into one document. This is a practical interpretation for tourism management, not a claim that any cited framework prescribes the exact template shown here. The organization remains responsible for tailoring terminology, depth, approval, safety, privacy, employment, contractual, financial, accessibility, regulatory, emergency, and records controls to its jurisdiction, services, risks, technology, and competence.",Near-duplicate candidate; review wording in context before editing.
/articles/root-cause-analysis-tourism-managers/index.html,/articles/tourism-operational-excellence-management-system/index.html,0.692,"Using a fishbone as proof. Decide whether the remedy belongs in process design, the SOP pack, technology, resource planning, supplier governance, competence, or leadership policy. Adding prose to the wrong document will not control the cause.","Rewarding hidden problems and perfect-looking dashboards. Decide whether the remedy belongs in process design, the SOP pack, technology, resource planning, supplier governance, competence, or leadership policy. Adding prose to the wrong document will not control the cause.",Near-duplicate candidate; review wording in context before editing.
/articles/root-cause-analysis-tourism-managers/index.html,/articles/six-sigma-tourism-complaints-data/index.html,0.757,"Ignoring successful comparison cases. Test the proposed remedy in a normal case and a credible exception. Confirm that improvement in one measure has not transferred delay, risk, cost, or confusion to another role or the guest.","Confusing correlation with verified cause. Test the proposed remedy in a normal case and a credible exception. Confirm that improvement in one measure has not transferred delay, risk, cost, or confusion to another role or the guest.",Near-duplicate candidate; review wording in context before editing.
/articles/six-sigma-tourism-complaints-data/index.html,/articles/tourism-operational-excellence-management-system/index.html,0.737,"Confusing correlation with verified cause. Test the proposed remedy in a normal case and a credible exception. Confirm that improvement in one measure has not transferred delay, risk, cost, or confusion to another role or the guest.","Treating training attendance as capability. Test the proposed remedy in a normal case and a credible exception. Confirm that improvement in one measure has not transferred delay, risk, cost, or confusion to another role or the guest.",Near-duplicate candidate; review wording in context before editing.
/articles/six-sigma-tourism-complaints-data/index.html,/articles/standard-test-procedures-tourism-operations/index.html,0.683,"Confusing correlation with verified cause. Test the proposed remedy in a normal case and a credible exception. Confirm that improvement in one measure has not transferred delay, risk, cost, or confusion to another role or the guest.","Recording only pass or fail without actual results. Test the proposed remedy in a normal case and a credible exception. Confirm that improvement in one measure has not transferred delay, risk, cost, or confusion to another role or the guest.",Near-duplicate candidate; review wording in context before editing.
/articles/six-sigma-tourism-complaints-data/index.html,/articles/where-stp-fits-tourism-operations/index.html,0.7,"Confusing correlation with verified cause. Test the proposed remedy in a normal case and a credible exception. Confirm that improvement in one measure has not transferred delay, risk, cost, or confusion to another role or the guest.","Using live guest data without controlled need. Test the proposed remedy in a normal case and a credible exception. Confirm that improvement in one measure has not transferred delay, risk, cost, or confusion to another role or the guest.",Near-duplicate candidate; review wording in context before editing.
/articles/six-sigma-tourism-complaints-data/index.html,/articles/tourism-operations-kpis-control-dashboards/index.html,0.737,"Confusing correlation with verified cause. Test the proposed remedy in a normal case and a credible exception. Confirm that improvement in one measure has not transferred delay, risk, cost, or confusion to another role or the guest.","Setting targets without response rules. Test the proposed remedy in a normal case and a credible exception. Confirm that improvement in one measure has not transferred delay, risk, cost, or confusion to another role or the guest.",Near-duplicate candidate; review wording in context before editing.
/articles/six-sigma-tourism-complaints-data/index.html,/articles/tourism-operations-manual/index.html,0.7,"Confusing correlation with verified cause. Test the proposed remedy in a normal case and a credible exception. Confirm that improvement in one measure has not transferred delay, risk, cost, or confusion to another role or the guest.","Copying external rules that rapidly become obsolete. Test the proposed remedy in a normal case and a credible exception. Confirm that improvement in one measure has not transferred delay, risk, cost, or confusion to another role or the guest.",Near-duplicate candidate; review wording in context before editing.
/articles/standard-test-procedures-tourism-operations/index.html,/articles/where-stp-fits-tourism-operations/index.html,0.664,"A professional STP is a decision instrument. It converts a requirement into an observable challenge and produces evidence that supports release, correction, or rejection. The document must be executable by another competent person without relying on the author's memory. Tourism operations are unusually exposed at interfaces. Sales may define the promise, Reservations holds changing information, Operations coordinates capacity and decisions, suppliers provide critical resources, field teams face the guest, and Finance or the client needs evidence afterward. A control that works inside one department can still fail at the handoff, during a change, or outside office hours. The method in this article is therefore designed as part of an end-to-end operating system. The wider architecture is explained in the tourism-company operating system , while the document-type comparison separates policies, SOPs, work instructions, checklists, forms, templates, and records. That distinction matters because a management method should generate the right controls and evidence rather than forcing every requirement into one document. This is a practical interpretation for tourism management, not a claim that any cited framework prescribes the exact template shown here. The organization remains responsible for tailoring terminology, depth, approval, safety, privacy, employment, contractual, financial, accessibility, regulatory, emergency, and records controls to its jurisdiction, services, risks, technology, and competence.","An SOP defines the approved way to operate; an STP defines how to challenge a requirement under stated conditions, compare expected and actual results, record defects, and make a release decision. Tourism companies need both when failure would otherwise be discovered by a live guest. Tourism operations are unusually exposed at interfaces. Sales may define the promise, Reservations holds changing information, Operations coordinates capacity and decisions, suppliers provide critical resources, field teams face the guest, and Finance or the client needs evidence afterward. A control that works inside one department can still fail at the handoff, during a change, or outside office hours. The method in this article is therefore designed as part of an end-to-end operating system. The wider architecture is explained in the tourism-company operating system , while the document-type comparison separates policies, SOPs, work instructions, checklists, forms, templates, and records. That distinction matters because a management method should generate the right controls and evidence rather than forcing every requirement into one document. This is a practical interpretation for tourism management, not a claim that any cited framework prescribes the exact template shown here. The organization remains responsible for tailoring terminology, depth, approval, safety, privacy, employment, contractual, financial, accessibility, regulatory, emergency, and records controls to its jurisdiction, services, risks, technology, and competence.",Near-duplicate candidate; review wording in context before editing.
/articles/standard-test-procedures-tourism-operations/index.html,/articles/tourism-operations-kpis-control-dashboards/index.html,0.691,"A professional STP is a decision instrument. It converts a requirement into an observable challenge and produces evidence that supports release, correction, or rejection. The document must be executable by another competent person without relying on the author's memory. Tourism operations are unusually exposed at interfaces. Sales may define the promise, Reservations holds changing information, Operations coordinates capacity and decisions, suppliers provide critical resources, field teams face the guest, and Finance or the client needs evidence afterward. A control that works inside one department can still fail at the handoff, during a change, or outside office hours. The method in this article is therefore designed as part of an end-to-end operating system. The wider architecture is explained in the tourism-company operating system , while the document-type comparison separates policies, SOPs, work instructions, checklists, forms, templates, and records. That distinction matters because a management method should generate the right controls and evidence rather than forcing every requirement into one document. This is a practical interpretation for tourism management, not a claim that any cited framework prescribes the exact template shown here. The organization remains responsible for tailoring terminology, depth, approval, safety, privacy, employment, contractual, financial, accessibility, regulatory, emergency, and records controls to its jurisdiction, services, risks, technology, and competence.","A KPI is useful only when its definition, source, owner, frequency, context, and action threshold support a real decision. A dashboard is the operating conversation around those indicators—not a screen filled with attractive numbers. Tourism operations are unusually exposed at interfaces. Sales may define the promise, Reservations holds changing information, Operations coordinates capacity and decisions, suppliers provide critical resources, field teams face the guest, and Finance or the client needs evidence afterward. A control that works inside one department can still fail at the handoff, during a change, or outside office hours. The method in this article is therefore designed as part of an end-to-end operating system. The wider architecture is explained in the tourism-company operating system , while the document-type comparison separates policies, SOPs, work instructions, checklists, forms, templates, and records. That distinction matters because a management method should generate the right controls and evidence rather than forcing every requirement into one document. This is a practical interpretation for tourism management, not a claim that any cited framework prescribes the exact template shown here. The organization remains responsible for tailoring terminology, depth, approval, safety, privacy, employment, contractual, financial, accessibility, regulatory, emergency, and records controls to its jurisdiction, services, risks, technology, and competence.",Near-duplicate candidate; review wording in context before editing.
/articles/standard-test-procedures-tourism-operations/index.html,/articles/tourism-operations-manual/index.html,0.675,"A professional STP is a decision instrument. It converts a requirement into an observable challenge and produces evidence that supports release, correction, or rejection. The document must be executable by another competent person without relying on the author's memory. Tourism operations are unusually exposed at interfaces. Sales may define the promise, Reservations holds changing information, Operations coordinates capacity and decisions, suppliers provide critical resources, field teams face the guest, and Finance or the client needs evidence afterward. A control that works inside one department can still fail at the handoff, during a change, or outside office hours. The method in this article is therefore designed as part of an end-to-end operating system. The wider architecture is explained in the tourism-company operating system , while the document-type comparison separates policies, SOPs, work instructions, checklists, forms, templates, and records. That distinction matters because a management method should generate the right controls and evidence rather than forcing every requirement into one document. This is a practical interpretation for tourism management, not a claim that any cited framework prescribes the exact template shown here. The organization remains responsible for tailoring terminology, depth, approval, safety, privacy, employment, contractual, financial, accessibility, regulatory, emergency, and records controls to its jurisdiction, services, risks, technology, and competence.","A professional operations manual is not one enormous document. It is a governed navigation layer that explains the operating system, assigns ownership, and connects users to the current policies, processes, SOPs, work instructions, tools, records, plans, and external requirements they need. Tourism operations are unusually exposed at interfaces. Sales may define the promise, Reservations holds changing information, Operations coordinates capacity and decisions, suppliers provide critical resources, field teams face the guest, and Finance or the client needs evidence afterward. A control that works inside one department can still fail at the handoff, during a change, or outside office hours. The method in this article is therefore designed as part of an end-to-end operating system. The wider architecture is explained in the tourism-company operating system , while the document-type comparison separates policies, SOPs, work instructions, checklists, forms, templates, and records. That distinction matters because a management method should generate the right controls and evidence rather than forcing every requirement into one document. This is a practical interpretation for tourism management, not a claim that any cited framework prescribes the exact template shown here. The organization remains responsible for tailoring terminology, depth, approval, safety, privacy, employment, contractual, financial, accessibility, regulatory, emergency, and records controls to its jurisdiction, services, risks, technology, and competence.",Near-duplicate candidate; review wording in context before editing.
/articles/standard-test-procedures-tourism-operations/index.html,/articles/tourism-operational-excellence-management-system/index.html,0.659,"Packing several actions into one test step. Decide whether the remedy belongs in process design, the SOP pack, technology, resource planning, supplier governance, competence, or leadership policy. Adding prose to the wrong document will not control the cause.","Rewarding hidden problems and perfect-looking dashboards. Decide whether the remedy belongs in process design, the SOP pack, technology, resource planning, supplier governance, competence, or leadership policy. Adding prose to the wrong document will not control the cause.",Near-duplicate candidate; review wording in context before editing.
/articles/tourism-operational-excellence-management-system/index.html,/articles/where-stp-fits-tourism-operations/index.html,0.659,"Rewarding hidden problems and perfect-looking dashboards. Decide whether the remedy belongs in process design, the SOP pack, technology, resource planning, supplier governance, competence, or leadership policy. Adding prose to the wrong document will not control the cause.","Writing expected results after seeing the outcome. Decide whether the remedy belongs in process design, the SOP pack, technology, resource planning, supplier governance, competence, or leadership policy. Adding prose to the wrong document will not control the cause.",Near-duplicate candidate; review wording in context before editing.
/articles/tourism-operational-excellence-management-system/index.html,/articles/tourism-operations-kpis-control-dashboards/index.html,0.675,"Rewarding hidden problems and perfect-looking dashboards. Decide whether the remedy belongs in process design, the SOP pack, technology, resource planning, supplier governance, competence, or leadership policy. Adding prose to the wrong document will not control the cause.","Using averages that hide operational tails. Decide whether the remedy belongs in process design, the SOP pack, technology, resource planning, supplier governance, competence, or leadership policy. Adding prose to the wrong document will not control the cause.",Near-duplicate candidate; review wording in context before editing.
/articles/tourism-operational-excellence-management-system/index.html,/articles/tourism-operations-manual/index.html,0.7,"Treating training attendance as capability. Test the proposed remedy in a normal case and a credible exception. Confirm that improvement in one measure has not transferred delay, risk, cost, or confusion to another role or the guest.","Copying external rules that rapidly become obsolete. Test the proposed remedy in a normal case and a credible exception. Confirm that improvement in one measure has not transferred delay, risk, cost, or confusion to another role or the guest.",Near-duplicate candidate; review wording in context before editing.
/articles/tourism-operations-kpis-control-dashboards/index.html,/articles/where-stp-fits-tourism-operations/index.html,0.677,"A KPI is useful only when its definition, source, owner, frequency, context, and action threshold support a real decision. A dashboard is the operating conversation around those indicators—not a screen filled with attractive numbers. Tourism operations are unusually exposed at interfaces. Sales may define the promise, Reservations holds changing information, Operations coordinates capacity and decisions, suppliers provide critical resources, field teams face the guest, and Finance or the client needs evidence afterward. A control that works inside one department can still fail at the handoff, during a change, or outside office hours. The method in this article is therefore designed as part of an end-to-end operating system. The wider architecture is explained in the tourism-company operating system , while the document-type comparison separates policies, SOPs, work instructions, checklists, forms, templates, and records. That distinction matters because a management method should generate the right controls and evidence rather than forcing every requirement into one document. This is a practical interpretation for tourism management, not a claim that any cited framework prescribes the exact template shown here. The organization remains responsible for tailoring terminology, depth, approval, safety, privacy, employment, contractual, financial, accessibility, regulatory, emergency, and records controls to its jurisdiction, services, risks, technology, and competence.","An SOP defines the approved way to operate; an STP defines how to challenge a requirement under stated conditions, compare expected and actual results, record defects, and make a release decision. Tourism companies need both when failure would otherwise be discovered by a live guest. Tourism operations are unusually exposed at interfaces. Sales may define the promise, Reservations holds changing information, Operations coordinates capacity and decisions, suppliers provide critical resources, field teams face the guest, and Finance or the client needs evidence afterward. A control that works inside one department can still fail at the handoff, during a change, or outside office hours. The method in this article is therefore designed as part of an end-to-end operating system. The wider architecture is explained in the tourism-company operating system , while the document-type comparison separates policies, SOPs, work instructions, checklists, forms, templates, and records. That distinction matters because a management method should generate the right controls and evidence rather than forcing every requirement into one document. This is a practical interpretation for tourism management, not a claim that any cited framework prescribes the exact template shown here. The organization remains responsible for tailoring terminology, depth, approval, safety, privacy, employment, contractual, financial, accessibility, regulatory, emergency, and records controls to its jurisdiction, services, risks, technology, and competence.",Near-duplicate candidate; review wording in context before editing.
/articles/tourism-operations-kpis-control-dashboards/index.html,/articles/tourism-operations-manual/index.html,0.689,"A KPI is useful only when its definition, source, owner, frequency, context, and action threshold support a real decision. A dashboard is the operating conversation around those indicators—not a screen filled with attractive numbers. Tourism operations are unusually exposed at interfaces. Sales may define the promise, Reservations holds changing information, Operations coordinates capacity and decisions, suppliers provide critical resources, field teams face the guest, and Finance or the client needs evidence afterward. A control that works inside one department can still fail at the handoff, during a change, or outside office hours. The method in this article is therefore designed as part of an end-to-end operating system. The wider architecture is explained in the tourism-company operating system , while the document-type comparison separates policies, SOPs, work instructions, checklists, forms, templates, and records. That distinction matters because a management method should generate the right controls and evidence rather than forcing every requirement into one document. This is a practical interpretation for tourism management, not a claim that any cited framework prescribes the exact template shown here. The organization remains responsible for tailoring terminology, depth, approval, safety, privacy, employment, contractual, financial, accessibility, regulatory, emergency, and records controls to its jurisdiction, services, risks, technology, and competence.","A professional operations manual is not one enormous document. It is a governed navigation layer that explains the operating system, assigns ownership, and connects users to the current policies, processes, SOPs, work instructions, tools, records, plans, and external requirements they need. Tourism operations are unusually exposed at interfaces. Sales may define the promise, Reservations holds changing information, Operations coordinates capacity and decisions, suppliers provide critical resources, field teams face the guest, and Finance or the client needs evidence afterward. A control that works inside one department can still fail at the handoff, during a change, or outside office hours. The method in this article is therefore designed as part of an end-to-end operating system. The wider architecture is explained in the tourism-company operating system , while the document-type comparison separates policies, SOPs, work instructions, checklists, forms, templates, and records. That distinction matters because a management method should generate the right controls and evidence rather than forcing every requirement into one document. This is a practical interpretation for tourism management, not a claim that any cited framework prescribes the exact template shown here. The organization remains responsible for tailoring terminology, depth, approval, safety, privacy, employment, contractual, financial, accessibility, regulatory, emergency, and records controls to its jurisdiction, services, risks, technology, and competence.",Near-duplicate candidate; review wording in context before editing.
/articles/tourism-operations-manual/index.html,/articles/where-stp-fits-tourism-operations/index.html,0.661,"A professional operations manual is not one enormous document. It is a governed navigation layer that explains the operating system, assigns ownership, and connects users to the current policies, processes, SOPs, work instructions, tools, records, plans, and external requirements they need. Tourism operations are unusually exposed at interfaces. Sales may define the promise, Reservations holds changing information, Operations coordinates capacity and decisions, suppliers provide critical resources, field teams face the guest, and Finance or the client needs evidence afterward. A control that works inside one department can still fail at the handoff, during a change, or outside office hours. The method in this article is therefore designed as part of an end-to-end operating system. The wider architecture is explained in the tourism-company operating system , while the document-type comparison separates policies, SOPs, work instructions, checklists, forms, templates, and records. That distinction matters because a management method should generate the right controls and evidence rather than forcing every requirement into one document. This is a practical interpretation for tourism management, not a claim that any cited framework prescribes the exact template shown here. The organization remains responsible for tailoring terminology, depth, approval, safety, privacy, employment, contractual, financial, accessibility, regulatory, emergency, and records controls to its jurisdiction, services, risks, technology, and competence.","An SOP defines the approved way to operate; an STP defines how to challenge a requirement under stated conditions, compare expected and actual results, record defects, and make a release decision. Tourism companies need both when failure would otherwise be discovered by a live guest. Tourism operations are unusually exposed at interfaces. Sales may define the promise, Reservations holds changing information, Operations coordinates capacity and decisions, suppliers provide critical resources, field teams face the guest, and Finance or the client needs evidence afterward. A control that works inside one department can still fail at the handoff, during a change, or outside office hours. The method in this article is therefore designed as part of an end-to-end operating system. The wider architecture is explained in the tourism-company operating system , while the document-type comparison separates policies, SOPs, work instructions, checklists, forms, templates, and records. That distinction matters because a management method should generate the right controls and evidence rather than forcing every requirement into one document. This is a practical interpretation for tourism management, not a claim that any cited framework prescribes the exact template shown here. The organization remains responsible for tailoring terminology, depth, approval, safety, privacy, employment, contractual, financial, accessibility, regulatory, emergency, and records controls to its jurisdiction, services, risks, technology, and competence.",Near-duplicate candidate; review wording in context before editing.
