id,url,primaryCategory,subcategory,tags,seriesId,seriesPosition,seriesTitle,summary,classificationRationale,relatedArticles
abu-dhabi-mice-operations-series,/articles/abu-dhabi-mice-operations-series/index.html,Hospitality & Tourism Operations,MICE & Event Operations,DMC operations | Abu Dhabi | MICE,mice-operations,,MICE and Event Operations,"How a DMC can coordinate 500 international delegates across airport arrival waves, four hotels, daily coach movements, conference registration and live disruption—without losing the guest experience.","A practical guide to coordinating 500 MICE delegates across Zayed International Airport, Abu Dhabi hotels, coaches and event venues, with realistic scenarios, backup plans and guest communication examples.",/articles/article-abu-dhabi-mice-movement-control-room/index.html | /articles/article-mice-arrival-waves-zayed-international-airport/index.html | /articles/article-mice-backup-operations-service-recovery-abu-dhabi/index.html
amsterdam-product-discovery-01-research-plan,/articles/amsterdam-product-discovery-01-research-plan/index.html,Product Strategy & Development,Market Intelligence & Research,Amsterdam | Product discovery,amsterdam-product-discovery,1,Amsterdam Product Discovery,"Part 01 of a 12-part Amsterdam tourism product-management case study: framing the destination decision, hypotheses, research design, data provenance, sampling and ethics before deciding what to build.","Amsterdam does not need another tour idea disguised as research. It needs a disciplined decision process that can prove whether a new experience creates visitor value, commercial value, operational value and destination value at the same time.",/articles/amsterdam-product-discovery-02-competitive-landscape/index.html | /articles/amsterdam-product-discovery-05-segmentation-language/index.html | /articles/amsterdam-product-discovery-04-voice-of-customer/index.html
amsterdam-product-discovery-02-competitive-landscape,/articles/amsterdam-product-discovery-02-competitive-landscape/index.html,Product Strategy & Development,Market Intelligence & Research,Amsterdam | Product discovery,amsterdam-product-discovery,2,Amsterdam Product Discovery,"Part 02 of a 12-part Amsterdam tourism product-management case study: a provenance-controlled pilot mapping public OTA listings, product families, direct competitors, substitutes, features and price-comparison limits.","A marketplace search result is not a demand report. It is a public shelf: useful for seeing what is offered, how products are framed and where offers overlap—but incapable of revealing bookings, conversion, commission or unmet need.",/articles/amsterdam-product-discovery-01-research-plan/index.html | /articles/amsterdam-product-discovery-04-voice-of-customer/index.html | /articles/amsterdam-product-discovery-05-segmentation-language/index.html
amsterdam-product-discovery-03-market-gap,/articles/amsterdam-product-discovery-03-market-gap/index.html,Product Strategy & Development,Product Discovery & Validation,Amsterdam | Product discovery,amsterdam-product-discovery,3,Amsterdam Product Discovery,"Part 03 of a 12-part Amsterdam tourism product-management case study: triangulating frozen competitive supply with destination demand, policy and feasibility signals through a transparent opportunity model.","A market gap is not the empty space between two OTA listings. It exists only when a meaningful visitor job, a defensible way to serve it, workable economics and a positive destination contribution overlap.",/series/amsterdam-tourism-product-discovery/index.html | /articles/amsterdam-product-discovery-11-mvp-pilot-operational-readiness/index.html
amsterdam-product-discovery-04-voice-of-customer,/articles/amsterdam-product-discovery-04-voice-of-customer/index.html,Product Strategy & Development,Market Intelligence & Research,Amsterdam | Product discovery,amsterdam-product-discovery,4,Amsterdam Product Discovery,"Part 04 of a 12-part Amsterdam tourism product-management case study: human-first review coding, AI-assisted VOC classification, independent validation, JTBD, Pareto and traceable product requirements.","Reviews are not a substitute for interviews, but they can reveal the language visitors use when an experience delights, disappoints or creates friction. The discipline is to code that language before asking AI to scale it.",/articles/amsterdam-product-discovery-05-segmentation-language/index.html | /articles/amsterdam-product-discovery-02-competitive-landscape/index.html | /articles/amsterdam-product-discovery-01-research-plan/index.html
amsterdam-product-discovery-05-segmentation-language,/articles/amsterdam-product-discovery-05-segmentation-language/index.html,Product Strategy & Development,Market Intelligence & Research,Amsterdam | Product discovery,amsterdam-product-discovery,5,Amsterdam Product Discovery,"Part 05 of a 12-part Amsterdam tourism product-management case study: source-market segmentation, language supply, connectivity and guide feasibility translated into Primary, Secondary and Test research segments.","Language is not a market by itself. The useful segment is the intersection of source market, trip context, customer job, language preference, booking behaviour and a delivery model that can actually operate in Amsterdam.",/articles/amsterdam-product-discovery-04-voice-of-customer/index.html | /articles/amsterdam-product-discovery-02-competitive-landscape/index.html | /articles/amsterdam-product-discovery-01-research-plan/index.html
amsterdam-product-discovery-06-destination-geography,/articles/amsterdam-product-discovery-06-destination-geography/index.html,Product Strategy & Development,Product Design & Requirements,Amsterdam | Product discovery,amsterdam-product-discovery,6,Amsterdam Product Discovery,"Part 06 of a 12-part Amsterdam tourism product-management case study: verified POI intelligence, destination-fit scoring and resilient route variants across crowd, rain, accessibility and disruption conditions.","Article 03 identified opportunity areas worth investigating. Article 04 translated reviews into customer jobs and product requirements. Article 05 then prioritised English-speaking cultural city-break visitors as the Primary research segment, German-speaking repeat or short-break explorers as Secondary, and French-speaking cultural visitors as a Test segment",/articles/amsterdam-product-discovery-07-product-requirements-concept/index.html
amsterdam-product-discovery-07-product-requirements-concept,/articles/amsterdam-product-discovery-07-product-requirements-concept/index.html,Product Strategy & Development,Product Design & Requirements,Amsterdam | Product discovery,amsterdam-product-discovery,7,Amsterdam Product Discovery,"Part 07 of a 12-part Amsterdam tourism product-management case study: evidence-to-requirement traceability, supplier feasibility, PRD and service blueprint leading to a controlled signature concept.","By Article 07, the project has enough evidence to become dangerous. There are attractive opportunity scores, customer-language themes, segment priorities and four strong geography corridors. This is exactly when teams often begin adding favourite features, combining everything that tested well and calling the result a signature experience.",/articles/amsterdam-product-discovery-06-destination-geography/index.html
amsterdam-product-discovery-08-commercial-model-unit-economics,/articles/amsterdam-product-discovery-08-commercial-model-unit-economics/index.html,Product Strategy & Development,Product Economics & Lifecycle,Amsterdam | Product discovery,amsterdam-product-discovery,8,Amsterdam Product Discovery,"Part 08 of a 12-part Amsterdam tourism product-management case study: transparent pricing, channel economics, capacity, break-even and commercial guardrails without invented private sales data.","Article 07 approved a product concept, not a commercial model. Amsterdam Layers — Context & Neighbourhood Discovery is a live, small-group, venue-light contextual walk, designed around Plantage→Oosterpark, delivered in English first, running roughly 110–135 minutes and capped at eight guests for the pilot. That capacity ceiling exists for experience quality ",/articles/amsterdam-product-discovery-12-product-analytics-scale-decision/index.html
amsterdam-product-discovery-09-risk-responsibility,/articles/amsterdam-product-discovery-09-risk-responsibility/index.html,"Governance, Risk & Assurance",Risk & Compliance,Amsterdam | Product discovery | Risk management,amsterdam-product-discovery,9,Amsterdam Product Discovery,"Part 09 of a 12-part Amsterdam tourism product-management case study: verified regulation, product risk, accessibility controls and measurable destination responsibility for Amsterdam Layers.","Article 08 left Amsterdam Layers commercially conditional. Article 09 asks a different question: if demand and economics improve, should this experience be operated in its current form, and under what controls? The working product remains the Article 07 concept: an English-first, live, small-group contextual walk, normally using the Plantage→Oosterpark corri",/articles/tourism-operational-risk-assessment-before-sop/index.html
amsterdam-product-discovery-10-seasonality-operating-calendar,/articles/amsterdam-product-discovery-10-seasonality-operating-calendar/index.html,Hospitality & Tourism Operations,DMC & Destination Operations,Amsterdam | Product discovery,amsterdam-product-discovery,10,Amsterdam Product Discovery,"Part 10 of a 12-part Amsterdam tourism product-management case study: demand context, historical climate, live-weather controls, event pressure and a rolling operating calendar for Amsterdam Layers.","Article 09 established that Amsterdam Layers can move toward a controlled pilot only with legal, accessibility, safety and destination-responsibility controls. Article 10 now asks a deceptively simple question: when should the tour actually run?",/articles/article-assignment-engine-dmc-operations/index.html | /articles/article-tourism-operations-roles-real-difference/index.html
amsterdam-product-discovery-11-mvp-pilot-operational-readiness,/articles/amsterdam-product-discovery-11-mvp-pilot-operational-readiness/index.html,Product Strategy & Development,Product Discovery & Validation,Amsterdam | Product discovery,amsterdam-product-discovery,11,Amsterdam Product Discovery,"Part 11 of a 12-part Amsterdam tourism product-management case study: a controlled MVP pilot plan with success thresholds, exit gates, RACI ownership, experiments, launch readiness and daily operating controls.","Article 10 produced a condition-aware operating calendar for Amsterdam Layers — Context & Neighbourhood Discovery . That still does not mean the product should simply be placed online and allowed to “learn in market.” Several important claims remain unresolved: visitors have not yet been recruited directly, the guide fee is still an assumption, the default r",/series/amsterdam-tourism-product-discovery/index.html | /articles/amsterdam-product-discovery-03-market-gap/index.html
amsterdam-product-discovery-12-product-analytics-scale-decision,/articles/amsterdam-product-discovery-12-product-analytics-scale-decision/index.html,Product Strategy & Development,Product Economics & Lifecycle,Amsterdam | Product discovery,amsterdam-product-discovery,12,Amsterdam Product Discovery,"Part 12 of a 12-part Amsterdam tourism product-management case study: a governed post-pilot measurement architecture, frozen performance review, improvement controls and an evidence-valid product decision.","A product does not become successful because the pilot team liked delivering it. It becomes decision-ready when acquisition, bookings, attendance, customer value, operational reliability, contribution and destination impact can be compared with thresholds that were fixed before the first guest arrived.",/articles/amsterdam-product-discovery-08-commercial-model-unit-economics/index.html
article-abu-dhabi-mice-movement-control-room,/articles/article-abu-dhabi-mice-movement-control-room/index.html,Hospitality & Tourism Operations,MICE & Event Operations,DMC operations | Abu Dhabi | MICE,mice-operations,1,MICE and Event Operations,"They are arriving on different flights at Zayed International Airport. They are staying in four hotels. Some are conference speakers, some are VIP guests, some are travelling with colleagues, and others are visiting the UAE for...","They are arriving on different flights at Zayed International Airport. They are staying in four hotels. Some are conference speakers, some are VIP guests, some are travelling with colleagues, and others are visiting the UAE for the first time.",/articles/article-mice-arrival-waves-zayed-international-airport/index.html | /articles/article-mice-backup-operations-service-recovery-abu-dhabi/index.html | /articles/abu-dhabi-mice-operations-series/index.html
article-air-connectivity-dmc-market-intelligence,/articles/article-air-connectivity-dmc-market-intelligence/index.html,Product Strategy & Development,Market Intelligence & Research,Abu Dhabi | Product discovery | DMC operations,,,,"An Abu Dhabi framework for turning new airline routes into stronger products, smarter language readiness and better guest operations","The first enquiry comes from a travel agent. A hotel partner mentions that guests from a new country are checking in more often. The sales team receives a request for rates. Operations notices more airport-transfer requests. A guide is suddenly asked whether they speak a certain language. Someone in the office says, “We are starting to see more guests from t",/articles/amsterdam-product-discovery-02-competitive-landscape/index.html | /articles/amsterdam-product-discovery-05-segmentation-language/index.html | /articles/amsterdam-product-discovery-04-voice-of-customer/index.html
article-assignment-engine-dmc-operations,/articles/article-assignment-engine-dmc-operations/index.html,Hospitality & Tourism Operations,DMC & Destination Operations,DMC operations,operations-systems,1,Travel Operations Systems,"A practical framework for matching people, guest needs, operational context and backup readiness before service begins.","Assigning people in a Destination Management Company is not simply filling a schedule. It is service-quality management, risk control, cost discipline, team development, and guest-experience design.",/articles/amsterdam-product-discovery-10-seasonality-operating-calendar/index.html | /articles/article-tourism-operations-roles-real-difference/index.html
article-city-tour-quotation-professional,/articles/article-city-tour-quotation-professional/index.html,Hospitality & Tourism Operations,"Tour Pricing, Sales & Quotations",DMC operations | Abu Dhabi | Tour pricing,tour-quotation,1,Tour Quotation and Pricing,"A practical guide to building a professional city-tour quotation with clear costs, assumptions and client-ready presentation.","A professional city tour quotation is not only a price. It is a controlled business document that connects the guest request, the itinerary, the transport plan, the guide requirement, the attraction rules, the internal cost, the company margin and the final client-facing offer. In destination management, especially in a market like Abu Dhabi, a quotation can",/articles/article-professional-client-tour-quotation/index.html | /articles/article-fixed-variable-costs-city-tour-pricing/index.html | /articles/article-net-cost-selling-price-markup/index.html
article-destination-experience-journey-map,/articles/article-destination-experience-journey-map/index.html,Hospitality & Tourism Operations,Guest Experience & Service Delivery,DMC operations | Guest experience,,,,"A practical long-form article built around Abu Dhabi destination operations, guest journey mapping, tour guide quality, dispatch planning, service recovery and pricing discipline.","Related reading: For the people layer inside that journey, read Tourism Operations Roles . For the guide-quality layer, continue with Tour Guide Quality Index .",/articles/article-tour-guide-quality-index/index.html | /articles/article-tour-guide-storytelling-system/index.html | /articles/hotel-apartment-end-to-end-guest-journey/index.html
article-fixed-variable-costs-city-tour-pricing,/articles/article-fixed-variable-costs-city-tour-pricing/index.html,Hospitality & Tourism Operations,"Tour Pricing, Sales & Quotations",DMC operations | Abu Dhabi | Tour pricing,tour-quotation,2,Tour Quotation and Pricing,How tourism teams separate fixed and variable city-tour costs to improve pricing decisions and commercial review.,"One of the most important skills in professional tour quotation is knowing the difference between fixed costs and variable costs. Many pricing mistakes happen because a DMC team treats every cost in the same way. In reality, some costs stay almost the same whether the tour has two guests or twenty guests. Other costs increase every time one more guest joins ",/articles/article-city-tour-quotation-professional/index.html | /articles/article-net-cost-selling-price-markup/index.html | /articles/article-participant-estimation-break-even-risk/index.html
article-fleet-control-tower-operations-dashboard,/articles/article-fleet-control-tower-operations-dashboard/index.html,Operations & Process Engineering,Performance & Operational Control,DMC operations | Performance measurement,operations-systems,2,Travel Operations Systems,A fleet dashboard should not be a collection of charts. It should be a decision room.,"Related reading: To connect fleet control with the wider guest journey, read Destination Experience Journey Map . For assigning drivers, guides and backup people before service starts, read The Assignment Engine .",/articles/hotel-apartment-kpi-architecture/index.html | /articles/hotel-apartment-operations-control-tower/index.html | /articles/hotel-operations-planning-daily-control/index.html
article-mice-arrival-waves-zayed-international-airport,/articles/article-mice-arrival-waves-zayed-international-airport/index.html,Hospitality & Tourism Operations,MICE & Event Operations,DMC operations | Abu Dhabi | MICE,mice-operations,2,MICE and Event Operations,"It continues while the delegate moves through immigration, waits for baggage, searches for the event sign, meets the airport representative and boards the transfer vehicle.","It continues while the delegate moves through immigration, waits for baggage, searches for the event sign, meets the airport representative and boards the transfer vehicle.",/articles/article-mice-hotel-desks-coach-departures-abu-dhabi/index.html | /articles/article-mice-venue-arrivals-registration-abu-dhabi/index.html | /articles/article-abu-dhabi-mice-movement-control-room/index.html
article-mice-backup-operations-service-recovery-abu-dhabi,/articles/article-mice-backup-operations-service-recovery-abu-dhabi/index.html,Hospitality & Tourism Operations,MICE & Event Operations,DMC operations | Abu Dhabi | MICE,mice-operations,5,MICE and Event Operations,A strong MICE operation does not expect everything to remain perfect. It prepares the team to respond when reality becomes different from the approved programme.,A strong MICE operation does not expect everything to remain perfect. It prepares the team to respond when reality becomes different from the approved programme.,/articles/article-mice-arrival-waves-zayed-international-airport/index.html | /articles/article-mice-hotel-desks-coach-departures-abu-dhabi/index.html | /articles/article-mice-venue-arrivals-registration-abu-dhabi/index.html
article-mice-hotel-desks-coach-departures-abu-dhabi,/articles/article-mice-hotel-desks-coach-departures-abu-dhabi/index.html,Hospitality & Tourism Operations,MICE & Event Operations,DMC operations | Abu Dhabi | MICE,mice-operations,3,MICE and Event Operations,"Managing MICE Hospitality Desks, Delegate Readiness and Controlled Departures in Abu Dhabi","Movement A03 departed Zayed International Airport at 13:40 with 47 delegates for Hotel Two. Two delegates remain with Airport Representative R6 while completing baggage reports. They will travel on Recovery Vehicle M1, with estimated hotel arrival at 14:35. One bag belonging to Guest X is on the main coach and should be held securely by the hotel desk.",/articles/article-mice-venue-arrivals-registration-abu-dhabi/index.html | /articles/article-mice-arrival-waves-zayed-international-airport/index.html | /articles/abu-dhabi-mice-operations-series/index.html
article-mice-venue-arrivals-registration-abu-dhabi,/articles/article-mice-venue-arrivals-registration-abu-dhabi/index.html,Hospitality & Tourism Operations,MICE & Event Operations,DMC operations | Abu Dhabi | MICE,mice-operations,4,MICE and Event Operations,A coach leaving the hotel on time does not mean the movement has been completed successfully.,"Abu Dhabi offers major conference spaces ranging from hotel ballrooms to large purpose-built venues. For example, ADNEC Centre Abu Dhabi states that ICC Abu Dhabi can accommodate up to 6,000 delegates, while its Conference Halls A and B have a combined maximum capacity of 1,600. Large capacity, however, does not automatically mean that every entrance, regist",/articles/article-mice-hotel-desks-coach-departures-abu-dhabi/index.html | /articles/article-mice-backup-operations-service-recovery-abu-dhabi/index.html | /articles/article-mice-arrival-waves-zayed-international-airport/index.html
article-net-cost-selling-price-markup,/articles/article-net-cost-selling-price-markup/index.html,Hospitality & Tourism Operations,"Tour Pricing, Sales & Quotations",DMC operations | Abu Dhabi | Tour pricing,tour-quotation,3,Tour Quotation and Pricing,"A tourism pricing guide to net cost, selling price, markup and margin, with controls for clearer commercial decisions.","In tour quotation, a price can look correct and still be commercially weak. This often happens when the team understands the itinerary but does not fully understand the pricing language behind it. Net cost, selling price, markup and margin are not the same thing. They are connected, but each one has a different meaning. A DMC operator, travel desk agent, res",/articles/article-participant-estimation-break-even-risk/index.html | /articles/article-professional-client-tour-quotation/index.html | /articles/article-tour-cost-worksheet-city-tour/index.html
article-participant-estimation-break-even-risk,/articles/article-participant-estimation-break-even-risk/index.html,Hospitality & Tourism Operations,"Tour Pricing, Sales & Quotations",DMC operations | Abu Dhabi | Tour pricing,tour-quotation,4,Tour Quotation and Pricing,"How participant estimates, break-even logic and demand risk support safer tour pricing and operating commitments.","Participant estimation is one of the most sensitive parts of tour quotation. A tour can look profitable when the team expects fifteen guests, but the same tour can become weak or even lose money if only seven guests confirm. This is especially important for DMC operations, shared city tours, hotel desk sales, corporate groups and any service where transport ",/articles/article-net-cost-selling-price-markup/index.html | /articles/article-professional-client-tour-quotation/index.html | /articles/article-tour-cost-worksheet-city-tour/index.html
article-professional-client-tour-quotation,/articles/article-professional-client-tour-quotation/index.html,Hospitality & Tourism Operations,"Tour Pricing, Sales & Quotations",DMC operations | Abu Dhabi | Tour pricing,tour-quotation,7,Tour Quotation and Pricing,"A structured method for presenting client-ready tour quotations with transparent scope, assumptions and commercial terms.","A professional client tour quotation is different from an internal cost worksheet. The internal worksheet is where the DMC team calculates cost, checks margin, reviews tickets, confirms transport logic and controls operational risk. The client quotation is the polished document or email that the customer sees. It should be clear, confident, easy to understan",/articles/article-tour-cost-worksheet-city-tour/index.html | /articles/article-participant-estimation-break-even-risk/index.html | /articles/article-net-cost-selling-price-markup/index.html
article-rfi-rfq-rfp-erfp-nda-tourism-sales,/articles/article-rfi-rfq-rfp-erfp-nda-tourism-sales/index.html,"Governance, Risk & Assurance",Supplier & Decision Governance,DMC operations | Abu Dhabi | Tour pricing | Supplier management,,,,"A long, practical guide that keeps the original RFI, RFQ, RFP, eRFP and NDA explanation — then adds a illustrative UK-market DMC sales journey with 20 email examples , from first partnership introduction to confirmed group, operation...","A long, practical guide that keeps the original RFI, RFQ, RFP, eRFP and NDA explanation — then adds a illustrative UK-market DMC sales journey with 20 email examples , from first partnership introduction to confirmed group, operation completion, follow-up and review.",/articles/hotel-procurement-supplier-quality-control/index.html | /articles/sop-roles-authority-raci/index.html | /articles/tourism-supplier-partner-governance-sops/index.html
article-tour-cost-worksheet-city-tour,/articles/article-tour-cost-worksheet-city-tour/index.html,Hospitality & Tourism Operations,"Tour Pricing, Sales & Quotations",DMC operations | Abu Dhabi | Tour pricing,tour-quotation,5,Tour Quotation and Pricing,"A practical city-tour cost worksheet covering supplier inputs, transport, tickets, guide costs and commercial review.","A professional city tour quotation should not be created from memory, guesswork or a quick WhatsApp calculation. Even when the tour looks simple, the quotation should be supported by a clear internal cost worksheet. A cost worksheet is the working document used by the DMC team to organize the service details, calculate costs, review risk, add margin and prep",/articles/article-professional-client-tour-quotation/index.html | /articles/article-participant-estimation-break-even-risk/index.html | /articles/article-net-cost-selling-price-markup/index.html
article-tour-guide-quality-index,/articles/article-tour-guide-quality-index/index.html,Hospitality & Tourism Operations,Guest Experience & Service Delivery,DMC operations | Guest experience,,,,"A practical 10-pillar framework for measuring and improving guide performance using field stories, measurable KPIs, service recovery, documentation, and workbook-ready scoring.","A great tour guide does far more than speak into a microphone. A great guide prepares before the day starts, reads the booking carefully, understands the route, checks attraction rules, coordinates with the driver, welcomes guests with confidence, manages time, protects safety, tells meaningful stories, handles problems calmly, and documents what happened af",/articles/article-tour-guide-storytelling-system/index.html | /articles/article-destination-experience-journey-map/index.html | /articles/hotel-apartment-end-to-end-guest-journey/index.html
article-tour-guide-storytelling-system,/articles/article-tour-guide-storytelling-system/index.html,Hospitality & Tourism Operations,Guest Experience & Service Delivery,DMC operations | Guest experience,,,,Why the best tour guides do not memorise every word — and what they should prepare instead,"Related reading: For a measurable framework behind guide preparation, delivery and recovery, read Tour Guide Quality Index . For the full guest journey around the guide, continue with Destination Experience Journey Map .",/articles/article-tour-guide-quality-index/index.html | /articles/article-destination-experience-journey-map/index.html | /articles/hotel-apartment-end-to-end-guest-journey/index.html
article-tourism-operations-roles-real-difference,/articles/article-tourism-operations-roles-real-difference/index.html,Hospitality & Tourism Operations,DMC & Destination Operations,DMC operations,,,,"A clear comparison of tourism operations roles, responsibilities, decision rights and the handovers between them.","But in real destination management work, not everyone who meets the guest is a tour guide. A professional tourism operation may include many different roles: airport crew, gate man, sign man, transfer guide, hotel rep, travel desk agent, excursion guide, tour leader and licensed tour guide.",/articles/article-assignment-engine-dmc-operations/index.html | /articles/amsterdam-product-discovery-10-seasonality-operating-calendar/index.html
article-transport-tickets-vat-gratuities,/articles/article-transport-tickets-vat-gratuities/index.html,Hospitality & Tourism Operations,"Tour Pricing, Sales & Quotations",DMC operations | Abu Dhabi | Tour pricing,tour-quotation,6,Tour Quotation and Pricing,"How transport, attraction tickets, VAT and gratuities should be controlled within professional tour costing.","Some tour quotation mistakes do not come from the main tour price. They come from the small items around the tour: transport details, attraction tickets, VAT wording, parking, tolls, gratuities, waiting time, child policies, optional extras and unclear inclusions. These items may look small, but they can create serious problems when the booking is confirmed.",/articles/article-tour-cost-worksheet-city-tour/index.html | /articles/article-professional-client-tour-quotation/index.html | /articles/article-participant-estimation-break-even-risk/index.html
capa-tourism-operations,/articles/capa-tourism-operations/index.html,Operations & Process Engineering,Quality & Continuous Improvement,DMC operations | Quality improvement,tourism-operations-excellence,27,Travel and Tourism Operations Excellence,"Turn complaints, incidents, audit findings, defects, and adverse trends into controlled actions that contain the problem, remove verified causes, and prove the change works.","CAPA is a governed improvement process, not a corrective-action form. It distinguishes today's correction from action on the cause of an occurred nonconformity and from proactive action on a potential failure, then requires evidence that the system improved. Tourism operations are unusually exposed at interfaces. Sales may define the promise, Reservations ho",/articles/root-cause-analysis-tourism-managers/index.html | /articles/hotel-apartment-cost-of-poor-quality/index.html | /articles/hotel-complaint-root-cause-analysis/index.html
customer-journey-mapping-sop-design,/articles/customer-journey-mapping-sop-design/index.html,Operations & Process Engineering,Process Architecture & BPM,DMC operations | Process design,tourism-operations-excellence,9,Travel and Tourism Operations Excellence,"A process can be efficient for departments and still feel confusing, inaccessible, or uncaring to the guest. Journey mapping adds the human experience to the operating design before the SOP turns that design into routine work.","A guest books through one company, receives a message from another, meets a representative wearing a third brand, travels in a supplier’s vehicle, checks into a hotel, joins an excursion, and contacts a call centre when something changes.",/articles/integrated-sop-creation-model/index.html | /articles/map-process-before-writing-sop/index.html | /articles/procedures-processes-process-maps/index.html
dmc-operations-ai-prompts,/articles/dmc-operations-ai-prompts/index.html,AI Prompt Engineering & Toolkits,Tourism & DMC AI Toolkits,DMC operations | Prompt engineering | Responsible AI,ai-tourism-operations,3,AI for Travel and Tourism Operations,"DMC operations teams can use AI to organise files, identify gaps and structure briefs, but confirmations, assignments and disruption decisions must stay in approved systems.","This is a working guide for people who already understand that tourism is delivered through connected handovers. The prompts are designed to improve preparation, consistency and visibility; they do not transfer authority from the trained employee to the AI system.",/articles/tourism-operations-kpis-control-dashboards/index.html | /articles/front-line-tourism-ai-toolkit/index.html | /articles/guest-experience-ai-prompts/index.html
document-control-version-management-tourism,/articles/document-control-version-management-tourism/index.html,"Governance, Risk & Assurance",Documentation & Audit Assurance,DMC operations | Evidence management,tourism-operations-excellence,25,Travel and Tourism Operations Excellence,"A procedure creates confidence only when people can find the right document, recognize its status, use the current approved version, record the work correctly, and prevent obsolete instructions from returning to the operation.","A tourism company invests weeks designing an airport-arrival SOP. Operations, Guest Services, Finance, and management review it. The approved version is published in the document portal and the team is trained.",/articles/how-to-audit-an-sop/index.html | /articles/sop-evidence-documentation-legal-defensibility/index.html | /articles/tourism-document-hierarchy/index.html
front-line-tourism-ai-toolkit,/articles/front-line-tourism-ai-toolkit/index.html,AI Prompt Engineering & Toolkits,Tourism & DMC AI Toolkits,DMC operations | Prompt engineering | Responsible AI,ai-tourism-operations,2,AI for Travel and Tourism Operations,"Front-line teams can use AI to prepare, practise and communicate more consistently, while verified facts, empathy, safety and live decisions remain with the employee.","This is a working guide for people who already understand that tourism is delivered through connected handovers. The prompts are designed to improve preparation, consistency and visibility; they do not transfer authority from the trained employee to the AI system.",/articles/guest-experience-ai-prompts/index.html | /articles/dmc-operations-ai-prompts/index.html | /articles/tourism-product-development-ai-prompts/index.html
guest-experience-ai-prompts,/articles/guest-experience-ai-prompts/index.html,AI Prompt Engineering & Toolkits,Tourism & DMC AI Toolkits,DMC operations | Prompt engineering | Responsible AI,ai-tourism-operations,8,AI for Travel and Tourism Operations,"AI can support consistent guest communication and feedback analysis, while facts, privacy, empathy, recovery authority and accountability remain human responsibilities.","This is a working guide for people who already understand that tourism is delivered through connected handovers. The prompts are designed to improve preparation, consistency and visibility; they do not transfer authority from the trained employee to the AI system.",/articles/hotel-guest-experience-ai-toolkit/index.html | /articles/front-line-tourism-ai-toolkit/index.html | /articles/dmc-operations-ai-prompts/index.html
guest-ready-apartment-standard,/articles/guest-ready-apartment-standard/index.html,Hospitality & Tourism Operations,Hotel & Serviced Apartment Operations,Hotel apartments,hotel-apartment-excellence,3,Hotel Apartment Operational Excellence,"Design a measurable guest-ready apartment release standard for serviced apartments using readiness gates, defect severity, cross-functional ownership, evidence and quality KPIs.","A professional serviced-apartment operation should define guest readiness as a cross-functional condition. The apartment must satisfy approved requirements for cleanliness, technical functionality, safety, utilities, access, inventory/amenities, presentation and arrival-specific requirements .",/series/hotel-apartment-operational-excellence/index.html | /articles/hotel-inventory-par-level-management/index.html
hotel-ai-prompting-framework,/articles/hotel-ai-prompting-framework/index.html,AI Prompt Engineering & Toolkits,Prompt Engineering Frameworks,Hotel apartments | Prompt engineering | Responsible AI,ai-hotel-apartments,1,AI for Hotel Apartments,"How to write professional, governed AI prompts for hotel apartment and serviced-apartment operations using the HOTEL framework.","A hotel apartment does not need artificial intelligence to sound clever. It needs AI to help people perform real work with fewer omissions, clearer evidence, better handovers and more consistent decisions—without allowing a language model to invent operational facts or cross an employee’s authority.",/articles/tourism-prompting-framework/index.html | /articles/tourism-ai-operations-playbook/index.html
hotel-apartment-asset-lifecycle-management,/articles/hotel-apartment-asset-lifecycle-management/index.html,Operations & Process Engineering,Asset Reliability & Maintenance,Hotel apartments | Asset maintenance,hotel-apartment-excellence,10,Hotel Apartment Operational Excellence,"Manage hotel-apartment assets from specification and commissioning through operation, condition monitoring, renewal and disposal using one evidence trail.",The management objective is not documentation or measurement for its own sake. The system should help a property make a better operational decision using a controlled chain of definition → ownership → verified input → calculation or action → review → improvement .,/articles/hotel-apartment-total-cost-of-ownership/index.html | /articles/hotel-apartment-preventive-maintenance-strategy/index.html | /articles/hotel-critical-spare-parts-management/index.html
hotel-apartment-cost-of-poor-quality,/articles/hotel-apartment-cost-of-poor-quality/index.html,Operations & Process Engineering,Quality & Continuous Improvement,Hotel apartments | Quality improvement,hotel-apartment-excellence,8,Hotel Apartment Operational Excellence,"Expose the hidden operational cost of rework, repeat defects, refunds, downtime, emergency purchasing and service recovery in hotel apartments.","The operating objective is to make the process visible, owned, measurable and verifiable . A professional control system connects trigger → classification → ownership → action → evidence → verification → measurement → improvement.",/articles/hotel-finance-cost-control-ai-toolkit/index.html | /articles/capa-tourism-operations/index.html | /articles/hotel-complaint-root-cause-analysis/index.html
hotel-apartment-end-to-end-guest-journey,/articles/hotel-apartment-end-to-end-guest-journey/index.html,Hospitality & Tourism Operations,Guest Experience & Service Delivery,Hotel apartments | Guest experience,hotel-apartment-excellence,7,Hotel Apartment Operational Excellence,"Design the hotel-apartment guest journey as an operational system of promises, handovers, evidence, moments of truth and recovery controls.","The operating objective is to make the process visible, owned, measurable and verifiable . A professional control system connects trigger → classification → ownership → action → evidence → verification → measurement → improvement.",/articles/article-tour-guide-storytelling-system/index.html | /articles/article-tour-guide-quality-index/index.html | /articles/hotel-guest-experience-quality-management/index.html
hotel-apartment-extended-stay-ai-toolkit,/articles/hotel-apartment-extended-stay-ai-toolkit/index.html,AI Prompt Engineering & Toolkits,Hotel & Serviced Apartment AI Toolkits,Hotel apartments | Prompt engineering | Responsible AI,ai-hotel-apartments,5,AI for Hotel Apartments,"10 professional AI prompts for long-stay readiness, resident service, housekeeping, utilities, defects and move-in/move-out control.","That difference changes the operating model. A long-stay resident may use a kitchen every day, accumulate maintenance needs over weeks, depend on recurring housekeeping rather than daily room servicing, receive corporate billing, require access continuity, consume utilities over a meaningful period and build an ongoing relationship with Front Office, Houseke",/articles/hotel-engineering-maintenance-ai-toolkit/index.html | /articles/hotel-housekeeping-management-ai-toolkit/index.html | /articles/hotel-reservations-ai-toolkit/index.html
hotel-apartment-kpi-architecture,/articles/hotel-apartment-kpi-architecture/index.html,Operations & Process Engineering,Performance & Operational Control,Hotel apartments | Performance measurement,hotel-apartment-excellence,22,Hotel Apartment Operational Excellence,"Build a hotel-apartment KPI architecture that connects strategic outcomes to operational drivers, definitions, owners, data sources, review cadence and action rules.",The management system should connect current state → risk/priority → owner → action → deadline → verification → learning . Its purpose is not more reporting. It is faster recognition of meaningful exceptions and more reliable execution.,/articles/hotel-kpi-dashboard-ai-toolkit/index.html | /articles/hotel-apartment-operations-control-tower/index.html | /articles/article-fleet-control-tower-operations-dashboard/index.html
hotel-apartment-operating-system,/articles/hotel-apartment-operating-system/index.html,Operations & Process Engineering,Process Architecture & BPM,Hotel apartments | Process design,hotel-apartment-excellence,1,Hotel Apartment Operational Excellence,"A practical operating-system model for hotel apartment and serviced apartments: governance, guest journey, apartment readiness, maintenance, housekeeping, controls, KPIs, evidence and continuous improvement.",A professional hotel-apartment operation needs more than procedures. It needs a closed management system that connects standards → ownership → execution → evidence → measurement → escalation → improvement .,/articles/tourism-company-operating-system/index.html | /articles/hotel-apartment-sop-architecture/index.html | /articles/customer-journey-mapping-sop-design/index.html
hotel-apartment-operations-control-tower,/articles/hotel-apartment-operations-control-tower/index.html,Operations & Process Engineering,Performance & Operational Control,Hotel apartments | Performance measurement,hotel-apartment-excellence,25,Hotel Apartment Operational Excellence,"Create a cross-functional hotel-apartment control tower that turns readiness, maintenance, guest, workforce and inventory exceptions into one prioritized management queue.",The management system should connect current state → risk/priority → owner → action → deadline → verification → learning . Its purpose is not more reporting. It is faster recognition of meaningful exceptions and more reliable execution.,/articles/hotel-apartment-kpi-architecture/index.html | /articles/article-fleet-control-tower-operations-dashboard/index.html | /articles/hotel-operations-planning-daily-control/index.html
hotel-apartment-preventive-maintenance-strategy,/articles/hotel-apartment-preventive-maintenance-strategy/index.html,Operations & Process Engineering,Asset Reliability & Maintenance,Hotel apartments | Asset maintenance,hotel-apartment-excellence,2,Hotel Apartment Operational Excellence,"Build a preventive maintenance strategy for hotel apartment and serviced apartments using asset criticality, PM frequencies, work-order control, compliance, backlog and effectiveness KPIs.",The objective is not to complete the largest possible number of PM tasks. The objective is to apply the right maintenance intervention to the right asset at the right interval so that reliability improves at an economically and operationally sensible cost.,/articles/hotel-engineering-maintenance-ai-toolkit/index.html | /articles/hotel-maintenance-work-order-management/index.html | /articles/hotel-preventive-maintenance-kpis/index.html
hotel-apartment-sop-architecture,/articles/hotel-apartment-sop-architecture/index.html,Operations & Process Engineering,Process Architecture & BPM,Hotel apartments | Process design,hotel-apartment-excellence,9,Hotel Apartment Operational Excellence,"Design a controlled SOP architecture for hotel apartments using process hierarchy, ownership, RACI, exceptions, evidence, revision control and connected work instructions.",The management objective is not documentation or measurement for its own sake. The system should help a property make a better operational decision using a controlled chain of definition → ownership → verified input → calculation or action → review → improvement .,/articles/hotel-sop-process-design-ai-toolkit/index.html | /articles/hotel-apartment-operating-system/index.html | /articles/customer-journey-mapping-sop-design/index.html
hotel-apartment-total-cost-of-ownership,/articles/hotel-apartment-total-cost-of-ownership/index.html,Operations & Process Engineering,Asset Reliability & Maintenance,Hotel apartments | Asset maintenance,hotel-apartment-excellence,11,Hotel Apartment Operational Excellence,"Make repair, replace and procurement decisions using acquisition cost plus verified operating, maintenance, downtime and end-of-life costs rather than purchase price alone.",The management objective is not documentation or measurement for its own sake. The system should help a property make a better operational decision using a controlled chain of definition → ownership → verified input → calculation or action → review → improvement .,/articles/hotel-apartment-asset-lifecycle-management/index.html | /articles/hotel-preventive-maintenance-kpis/index.html | /articles/hotel-apartment-preventive-maintenance-strategy/index.html
hotel-complaint-root-cause-analysis,/articles/hotel-complaint-root-cause-analysis/index.html,Operations & Process Engineering,Quality & Continuous Improvement,Hotel apartments | Quality improvement,hotel-apartment-excellence,5,Hotel Apartment Operational Excellence,"Turn recurring hotel-apartment complaints into evidence-led corrective and preventive action using classification, 5 Whys, cause testing and CAPA.","The operating objective is to make the process visible, owned, measurable and verifiable . A professional control system connects trigger → classification → ownership → action → evidence → verification → measurement → improvement.",/articles/hotel-housekeeping-quality-control/index.html | /articles/root-cause-analysis-tourism-managers/index.html | /articles/six-sigma-tourism-complaints-data/index.html
hotel-control-tower-ai-decision-support-toolkit,/articles/hotel-control-tower-ai-decision-support-toolkit/index.html,AI Prompt Engineering & Toolkits,Hotel & Serviced Apartment AI Toolkits,Hotel apartments | Prompt engineering | Responsible AI,ai-hotel-apartments,25,AI for Hotel Apartments,"10 professional AI prompts for integrated hotel apartment control towers, exception prioritization, reliability, alerts, escalation and executive decision support.","A hotel apartment control tower is a management discipline that combines verified signals, defined thresholds, ownership and decision rights. The screen is only the interface; the real system is the operating logic behind it.",/articles/hotel-finance-cost-control-ai-toolkit/index.html | /articles/hotel-general-manager-ai-toolkit/index.html | /articles/hotel-sop-process-design-ai-toolkit/index.html
hotel-critical-spare-parts-management,/articles/hotel-critical-spare-parts-management/index.html,Operations & Process Engineering,Asset Reliability & Maintenance,Hotel apartments | Asset maintenance,hotel-apartment-excellence,19,Hotel Apartment Operational Excellence,"Protect hotel-apartment asset availability by linking spare-part criticality, failure risk, lead time, stock policy, traceability and emergency sourcing.",The management system should connect current state → risk/priority → owner → action → deadline → verification → learning . Its purpose is not more reporting. It is faster recognition of meaningful exceptions and more reliable execution.,/articles/hotel-downtime-out-of-service-management/index.html | /articles/hotel-apartment-total-cost-of-ownership/index.html | /articles/hotel-apartment-preventive-maintenance-strategy/index.html
hotel-downtime-out-of-service-management,/articles/hotel-downtime-out-of-service-management/index.html,Operations & Process Engineering,Asset Reliability & Maintenance,Hotel apartments | Asset maintenance,hotel-apartment-excellence,21,Hotel Apartment Operational Excellence,"Control apartment and asset downtime with explicit OOS/OOO logic, downtime clocks, priority, recovery ownership, verification and lost-capacity evidence.",The management system should connect current state → risk/priority → owner → action → deadline → verification → learning . Its purpose is not more reporting. It is faster recognition of meaningful exceptions and more reliable execution.,/articles/hotel-apartment-asset-lifecycle-management/index.html | /articles/hotel-critical-spare-parts-management/index.html | /articles/hotel-apartment-total-cost-of-ownership/index.html
hotel-economics-of-service-failure,/articles/hotel-economics-of-service-failure/index.html,Operations & Process Engineering,Quality & Continuous Improvement,Hotel apartments | Quality improvement,hotel-apartment-excellence,13,Hotel Apartment Operational Excellence,"Measure the operational and financial consequences of hotel apartment service failure across containment, recovery, rework, compensation, downtime and recurrence.",The management objective is not documentation or measurement for its own sake. The system should help a property make a better operational decision using a controlled chain of definition → ownership → verified input → calculation or action → review → improvement .,/articles/hotel-guest-complaint-service-recovery-ai-toolkit/index.html | /articles/hotel-first-time-right-operations/index.html | /articles/hotel-complaint-root-cause-analysis/index.html
hotel-energy-utility-management-ai-toolkit,/articles/hotel-energy-utility-management-ai-toolkit/index.html,AI Prompt Engineering & Toolkits,Hotel & Serviced Apartment AI Toolkits,Hotel apartments | Prompt engineering | Responsible AI,ai-hotel-apartments,15,AI for Hotel Apartments,"10 professional AI prompts for hotel apartment utility baselines, electricity, water, HVAC, peak demand, tariffs, conservation and measurement & verification.","A hotel apartment can receive an accurate bill and still have weak utility management. Bills show charges; they do not automatically explain why consumption changed, whether comparisons are fair, or whether an efficiency measure worked.",/articles/hotel-esg-sustainability-ai-toolkit/index.html | /articles/hotel-apartment-extended-stay-ai-toolkit/index.html | /articles/hotel-procurement-ai-toolkit/index.html
hotel-engineering-maintenance-ai-toolkit,/articles/hotel-engineering-maintenance-ai-toolkit/index.html,AI Prompt Engineering & Toolkits,Hotel & Serviced Apartment AI Toolkits,Hotel apartments | Prompt engineering | Responsible AI,ai-hotel-apartments,7,AI for Hotel Apartments,"10 professional AI prompts for work orders, preventive maintenance, repeat defects, downtime, spares, vendors and technical incident control.","Every guest room, apartment, corridor, pump, fan-coil unit, water system, lift interface, kitchen appliance, access device, lighting circuit and life-safety dependency creates an operational promise: the building will work when the guest and the operating team need it. That promise becomes difficult because engineering rarely works from one clean data source",/articles/hotel-apartment-preventive-maintenance-strategy/index.html | /articles/hotel-housekeeping-management-ai-toolkit/index.html | /articles/hotel-predictive-maintenance-ai-toolkit/index.html
hotel-esg-sustainability-ai-toolkit,/articles/hotel-esg-sustainability-ai-toolkit/index.html,AI Prompt Engineering & Toolkits,Hotel & Serviced Apartment AI Toolkits,Hotel apartments | Prompt engineering | Responsible AI,ai-hotel-apartments,14,AI for Hotel Apartments,"10 professional AI prompts for materiality, environmental aspects, emissions, sustainable procurement, social impact, ESG targets and evidence-based sustainability reporting.","A credible hotel apartment ESG program connects environmental performance, guest experience, employee practices, procurement, community impact, governance, evidence, targets and management accountability. Generative AI can make that system easier to analyze and communicate—but it can also make weak evidence sound convincing.",/articles/hotel-energy-utility-management-ai-toolkit/index.html | /articles/hotel-lean-six-sigma-ai-toolkit/index.html | /articles/hotel-quality-audit-ai-toolkit/index.html
hotel-finance-cost-control-ai-toolkit,/articles/hotel-finance-cost-control-ai-toolkit/index.html,AI Prompt Engineering & Toolkits,Hotel & Serviced Apartment AI Toolkits,Hotel apartments | Prompt engineering | Responsible AI,ai-hotel-apartments,21,AI for Hotel Apartments,"10 professional AI prompts for hotel apartment finance, cost variance, P&L commentary, unit economics, forecasting, savings and cash control.","Hotel Apartment cost control fails when teams discuss the same number with different definitions. “Cost,” “saving,” “budget variance,” “cash impact,” and “profit improvement” are not interchangeable. Article 21 creates a controlled bridge between Finance and Operations: Finance owns accounting truth; Operations explains operational reality; AI helps connect ",/articles/hotel-apartment-cost-of-poor-quality/index.html | /articles/hotel-control-tower-ai-decision-support-toolkit/index.html | /articles/hotel-kpi-dashboard-ai-toolkit/index.html
hotel-first-time-right-operations,/articles/hotel-first-time-right-operations/index.html,Operations & Process Engineering,Quality & Continuous Improvement,Hotel apartments | Quality improvement,hotel-apartment-excellence,14,Hotel Apartment Operational Excellence,"Reduce hotel-apartment rework by designing quality at the source, defining completion criteria, measuring first-pass performance and learning from repeat defects.","The objective is not to maximize one isolated metric. It is to design work so that service, quality, cost, capacity and evidence remain connected. Management should know what good performance means, how it is measured, what creates an exception and who has authority to respond.",/articles/hotel-economics-of-service-failure/index.html | /articles/root-cause-analysis-tourism-managers/index.html | /articles/hotel-housekeeping-quality-control/index.html
hotel-front-office-ai-toolkit,/articles/hotel-front-office-ai-toolkit/index.html,AI Prompt Engineering & Toolkits,Hotel & Serviced Apartment AI Toolkits,Hotel apartments | Prompt engineering | Responsible AI,ai-hotel-apartments,3,AI for Hotel Apartments,"10 professional AI prompts for arrivals, check-in, room readiness, guest requests, VIPs, checkout and front-desk control.",The front desk is where hotel apartment data becomes a guest promise. A reservation becomes an arrival. A room-status code becomes a key handover. A maintenance delay becomes a conversation. A policy becomes an explanation. A guest request becomes a cross-department action that someone must own and close.,/articles/hotel-operations-manager-ai-toolkit/index.html | /articles/hotel-apartment-extended-stay-ai-toolkit/index.html | /articles/hotel-reservations-ai-toolkit/index.html
hotel-general-manager-ai-toolkit,/articles/hotel-general-manager-ai-toolkit/index.html,AI Prompt Engineering & Toolkits,Hotel & Serviced Apartment AI Toolkits,Hotel apartments | Prompt engineering | Responsible AI,ai-hotel-apartments,24,AI for Hotel Apartments,"Ten governed AI prompts for hotel apartment general managers to prioritise departmental reports, operating risks, service issues and management decisions.","The General Manager receives fragmented evidence from Revenue, Guest Experience, Engineering, Housekeeping, Finance, People, Sales, Safety and Quality. AI is useful when it reduces fragmentation without erasing source ownership.",/articles/hotel-control-tower-ai-decision-support-toolkit/index.html | /articles/hotel-apartment-extended-stay-ai-toolkit/index.html | /articles/workforce-rostering-productivity-ai-toolkit/index.html
hotel-guest-complaint-service-recovery-ai-toolkit,/articles/hotel-guest-complaint-service-recovery-ai-toolkit/index.html,AI Prompt Engineering & Toolkits,Hotel & Serviced Apartment AI Toolkits,Hotel apartments | Prompt engineering | Responsible AI,ai-hotel-apartments,10,AI for Hotel Apartments,"10 professional AI prompts for complaint triage, root cause, recovery, compensation control, escalation, closure and CAPA.","A complaint is not only a message that needs a polite reply. In a professional hotel apartment operation, it is a controlled service-recovery case : an event with a guest statement, an operational timeline, evidence, ownership, authority limits, communication decisions and a closure standard.",/articles/hotel-economics-of-service-failure/index.html | /articles/hotel-guest-experience-ai-toolkit/index.html | /articles/hotel-quality-audit-ai-toolkit/index.html
hotel-guest-experience-ai-toolkit,/articles/hotel-guest-experience-ai-toolkit/index.html,AI Prompt Engineering & Toolkits,Hotel & Serviced Apartment AI Toolkits,Hotel apartments | Prompt engineering | Responsible AI,ai-hotel-apartments,9,AI for Hotel Apartments,"10 professional AI prompts for guest journeys, personalization, pre-arrival planning, accessibility, touchpoint audits and experience improvement.","Guest experience is often described as emotion, hospitality and memorable service. Operationally, however, it is also a chain of promises, handovers, timestamps, preferences, physical touchpoints and recovery decisions .",/articles/guest-experience-ai-prompts/index.html | /articles/hotel-guest-complaint-service-recovery-ai-toolkit/index.html | /articles/hotel-predictive-maintenance-ai-toolkit/index.html
hotel-guest-experience-quality-management,/articles/hotel-guest-experience-quality-management/index.html,Hospitality & Tourism Operations,Guest Experience & Service Delivery,Hotel apartments | Guest experience,hotel-apartment-excellence,24,Hotel Apartment Operational Excellence,"Manage guest experience as a quality system by translating voice-of-customer signals into CTQs, operational standards, failure evidence, recovery and closed-loop improvement.",The management system should connect current state → risk/priority → owner → action → deadline → verification → learning . Its purpose is not more reporting. It is faster recognition of meaningful exceptions and more reliable execution.,/articles/hotel-apartment-end-to-end-guest-journey/index.html | /articles/article-tour-guide-storytelling-system/index.html | /articles/article-tour-guide-quality-index/index.html
hotel-housekeeping-management-ai-toolkit,/articles/hotel-housekeeping-management-ai-toolkit/index.html,AI Prompt Engineering & Toolkits,Hotel & Serviced Apartment AI Toolkits,Hotel apartments | Prompt engineering | Responsible AI,ai-hotel-apartments,6,AI for Hotel Apartments,"10 professional AI prompts for room readiness, inspections, linen/PAR, deep cleaning, defects, productivity and housekeeping handover.","Housekeeping does not only clean rooms. It controls one of the most consequential transitions in hotel apartment operations: turning a physical room or apartment into a verified, guest-ready product.",/articles/hotel-housekeeping-quality-control/index.html | /articles/hotel-engineering-maintenance-ai-toolkit/index.html | /articles/hotel-apartment-extended-stay-ai-toolkit/index.html
hotel-housekeeping-quality-control,/articles/hotel-housekeeping-quality-control/index.html,Operations & Process Engineering,Quality & Continuous Improvement,Hotel apartments | Quality improvement,hotel-apartment-excellence,6,Hotel Apartment Operational Excellence,"Build a housekeeping quality-control system for hotel apartments using inspection design, defect taxonomy, first-pass quality, sampling, coaching and recurrence control.","The operating objective is to make the process visible, owned, measurable and verifiable . A professional control system connects trigger → classification → ownership → action → evidence → verification → measurement → improvement.",/articles/hotel-housekeeping-management-ai-toolkit/index.html | /articles/hotel-complaint-root-cause-analysis/index.html | /articles/hotel-first-time-right-operations/index.html
hotel-housekeeping-standardization,/articles/hotel-housekeeping-standardization/index.html,Operations & Process Engineering,SOPs & Work Instructions,Hotel apartments | SOPs,hotel-apartment-excellence,17,Hotel Apartment Operational Excellence,"Standardize hotel-apartment housekeeping through defined work sequence, apartment-type standards, visual controls, training, verification and controlled improvement.","The objective is not to maximize one isolated metric. It is to design work so that service, quality, cost, capacity and evidence remain connected. Management should know what good performance means, how it is measured, what creates an exception and who has authority to respond.",/articles/how-to-write-professional-sop-procedure/index.html | /articles/how-to-write-professional-sop-structure/index.html | /articles/how-to-write-work-instructions/index.html
hotel-inventory-par-level-management,/articles/hotel-inventory-par-level-management/index.html,Hospitality & Tourism Operations,Hotel & Serviced Apartment Operations,Hotel apartments,hotel-apartment-excellence,16,Hotel Apartment Operational Excellence,"Design inventory and PAR controls for hotel apartments using consumption, lead time, service risk, count accuracy, reorder logic and exception review.","The objective is not to maximize one isolated metric. It is to design work so that service, quality, cost, capacity and evidence remain connected. Management should know what good performance means, how it is measured, what creates an exception and who has authority to respond.",/series/hotel-apartment-operational-excellence/index.html | /articles/guest-ready-apartment-standard/index.html
hotel-inventory-par-management-ai-toolkit,/articles/hotel-inventory-par-management-ai-toolkit/index.html,AI Prompt Engineering & Toolkits,Hotel & Serviced Apartment AI Toolkits,Hotel apartments | Prompt engineering | Responsible AI,ai-hotel-apartments,17,AI for Hotel Apartments,"10 Professional AI Prompts for PAR Levels, Reorder Points, Slow Stock, Stockouts, Linen, Amenities, Critical Spares, Variance, Expiry and Inventory KPIs",H — Hospitality role & human owner Stores controls custody and transactions. Department owners define operational need. Procurement controls replenishment sourcing. Engineering verifies critical spares . Finance controls valuation/write-off. Management approves material policy changes.,/articles/hotel-procurement-ai-toolkit/index.html | /articles/hotel-revenue-management-ai-toolkit/index.html | /articles/hotel-apartment-extended-stay-ai-toolkit/index.html
hotel-kpi-dashboard-ai-toolkit,/articles/hotel-kpi-dashboard-ai-toolkit/index.html,AI Prompt Engineering & Toolkits,Hotel & Serviced Apartment AI Toolkits,Hotel apartments | Prompt engineering | Responsible AI,ai-hotel-apartments,22,AI for Hotel Apartments,"10 professional AI prompts for hotel apartment KPI architecture, dashboards, scorecards, trend analysis, data quality and management action.","A hotel apartment dashboard is valuable only when it helps someone decide, act, escalate or learn. More charts do not create more control. The management chain is objective → KPI → definition → trusted data → threshold → interpretation → decision → action → verification .",/articles/hotel-apartment-kpi-architecture/index.html | /articles/hotel-finance-cost-control-ai-toolkit/index.html | /articles/hotel-apartment-extended-stay-ai-toolkit/index.html
hotel-lean-six-sigma-ai-toolkit,/articles/hotel-lean-six-sigma-ai-toolkit/index.html,AI Prompt Engineering & Toolkits,Hotel & Serviced Apartment AI Toolkits,Hotel apartments | Prompt engineering | Responsible AI,ai-hotel-apartments,13,AI for Hotel Apartments,"10 professional AI prompts for DMAIC, VOC/CTQ, Pareto, root cause, FMEA, cost of poor quality, capability, control plans and kaizen.","Hotel Apartments generate operational variation every day: arrival peaks, late departures, room-readiness delays, repeat defects, complaint categories, housekeeping rework, maintenance revisits, utility spikes, inventory shortages, long-stay exceptions and service-recovery cases.",/articles/hotel-esg-sustainability-ai-toolkit/index.html | /articles/hotel-sop-process-design-ai-toolkit/index.html | /articles/hotel-apartment-extended-stay-ai-toolkit/index.html
hotel-maintenance-work-order-management,/articles/hotel-maintenance-work-order-management/index.html,Operations & Process Engineering,Asset Reliability & Maintenance,Hotel apartments | Asset maintenance,hotel-apartment-excellence,4,Hotel Apartment Operational Excellence,"Control hotel-apartment maintenance from request to verified closure using priority, ownership, SLA clocks, evidence, backlog and repeat-failure analysis.","The operating objective is to make the process visible, owned, measurable and verifiable . A professional control system connects trigger → classification → ownership → action → evidence → verification → measurement → improvement.",/articles/hotel-engineering-maintenance-ai-toolkit/index.html | /articles/hotel-preventive-maintenance-kpis/index.html | /articles/hotel-property-reliability-score/index.html
hotel-operational-excellence-maturity-model,/articles/hotel-operational-excellence-maturity-model/index.html,Operations & Process Engineering,Quality & Continuous Improvement,Hotel apartments | Quality improvement,hotel-apartment-excellence,26,Hotel Apartment Operational Excellence,"Assess hotel-apartment operational maturity through evidence-based levels covering governance, standards, reliability, quality, data, improvement and management control.",The management system should connect current state → risk/priority → owner → action → deadline → verification → learning . Its purpose is not more reporting. It is faster recognition of meaningful exceptions and more reliable execution.,/articles/hotel-housekeeping-quality-control/index.html | /articles/hotel-first-time-right-operations/index.html | /articles/hotel-economics-of-service-failure/index.html
hotel-operations-manager-ai-toolkit,/articles/hotel-operations-manager-ai-toolkit/index.html,AI Prompt Engineering & Toolkits,Hotel & Serviced Apartment AI Toolkits,Hotel apartments | Prompt engineering | Responsible AI,ai-hotel-apartments,2,AI for Hotel Apartments,"10 professional AI prompts for daily hotel apartment operations, priorities, handovers, exceptions and management control.","A hotel apartment operations manager rarely suffers from a lack of information. The real problem is usually the opposite: too many messages, too many departments, too many exceptions, too many informal updates, and too little time to decide what matters first.",/articles/hotel-front-office-ai-toolkit/index.html | /articles/hotel-apartment-extended-stay-ai-toolkit/index.html | /series/hotel-ai-operations-playbook/index.html
hotel-operations-planning-daily-control,/articles/hotel-operations-planning-daily-control/index.html,Operations & Process Engineering,Performance & Operational Control,Hotel apartments | Performance measurement,hotel-apartment-excellence,20,Hotel Apartment Operational Excellence,"Run hotel-apartment operations through a disciplined daily control rhythm that connects demand, readiness, defects, staffing, guest commitments, exceptions and accountable follow-up.",The management system should connect current state → risk/priority → owner → action → deadline → verification → learning . Its purpose is not more reporting. It is faster recognition of meaningful exceptions and more reliable execution.,/articles/hotel-apartment-operations-control-tower/index.html | /articles/hotel-workforce-productivity-efficiency/index.html | /articles/hotel-apartment-kpi-architecture/index.html
hotel-ota-distribution-review-management-ai-toolkit,/articles/hotel-ota-distribution-review-management-ai-toolkit/index.html,AI Prompt Engineering & Toolkits,Hotel & Serviced Apartment AI Toolkits,Hotel apartments | Prompt engineering | Responsible AI,ai-hotel-apartments,20,AI for Hotel Apartments,"10 professional AI prompts for hotel apartment OTA listing quality, channel content, reviews, distribution mix, commission, parity, promotions and reputation management.","A guest may encounter the property first through an OTA rather than the hotel apartment's own website. Room names, images, amenities, cancellation terms, taxes, availability and review responses are therefore operational product data, not merely marketing copy. A wrong room size can create an expectation failure; a wrong bed type can become a complaint; a wr",/articles/hotel-sales-corporate-accounts-ai-toolkit/index.html | /articles/hotel-finance-cost-control-ai-toolkit/index.html | /articles/hotel-apartment-extended-stay-ai-toolkit/index.html
hotel-predictive-maintenance-ai-toolkit,/articles/hotel-predictive-maintenance-ai-toolkit/index.html,AI Prompt Engineering & Toolkits,Hotel & Serviced Apartment AI Toolkits,Hotel apartments | Prompt engineering | Responsible AI,ai-hotel-apartments,8,AI for Hotel Apartments,"10 professional AI prompts for failure patterns, asset anomalies, early-warning indicators, downtime scenarios and maintenance validation.","Preventive maintenance asks, “What work is due?” Predictive maintenance asks a harder question: “What evidence suggests that an asset may be moving toward failure, and what should a qualified team verify before that failure disrupts the hotel apartment?”",/articles/hotel-preventive-maintenance-kpis/index.html | /articles/hotel-guest-experience-ai-toolkit/index.html | /articles/hotel-engineering-maintenance-ai-toolkit/index.html
hotel-preventive-maintenance-kpis,/articles/hotel-preventive-maintenance-kpis/index.html,Operations & Process Engineering,Asset Reliability & Maintenance,Hotel apartments | Asset maintenance,hotel-apartment-excellence,12,Hotel Apartment Operational Excellence,"Build a preventive-maintenance KPI system that separates schedule compliance from reliability, repeat failures, backlog, downtime and maintenance effectiveness.",The management objective is not documentation or measurement for its own sake. The system should help a property make a better operational decision using a controlled chain of definition → ownership → verified input → calculation or action → review → improvement .,/articles/hotel-predictive-maintenance-ai-toolkit/index.html | /articles/hotel-maintenance-work-order-management/index.html | /articles/hotel-apartment-total-cost-of-ownership/index.html
hotel-procurement-ai-toolkit,/articles/hotel-procurement-ai-toolkit/index.html,AI Prompt Engineering & Toolkits,Hotel & Serviced Apartment AI Toolkits,Hotel apartments | Prompt engineering | Responsible AI,ai-hotel-apartments,16,AI for Hotel Apartments,"10 Professional AI Prompts for Requisitions, RFQs, Bid Evaluation, Total Cost, Negotiation, Contracts, Supplier Risk and Performance",H — Hospitality role & human owner Procurement controls the sourcing process. The user department owns the operational requirement. Engineering or another specialist owns technical suitability where relevant. Finance verifies budget and financial analysis. Legal reviews contractual risk where required. The authorized DOA holder approves commitment.,/articles/hotel-procurement-supplier-quality-control/index.html | /articles/hotel-inventory-par-management-ai-toolkit/index.html | /articles/hotel-energy-utility-management-ai-toolkit/index.html
hotel-procurement-supplier-quality-control,/articles/hotel-procurement-supplier-quality-control/index.html,"Governance, Risk & Assurance",Supplier & Decision Governance,Hotel apartments | Supplier management,hotel-apartment-excellence,15,Hotel Apartment Operational Excellence,"Control hotel-apartment suppliers through clear specifications, qualification, delivery inspection, SLA evidence, scorecards and corrective action.","The objective is not to maximize one isolated metric. It is to design work so that service, quality, cost, capacity and evidence remain connected. Management should know what good performance means, how it is measured, what creates an exception and who has authority to respond.",/articles/hotel-procurement-ai-toolkit/index.html | /articles/sop-roles-authority-raci/index.html | /articles/tourism-supplier-partner-governance-sops/index.html
hotel-property-reliability-score,/articles/hotel-property-reliability-score/index.html,Operations & Process Engineering,Asset Reliability & Maintenance,Hotel apartments | Asset maintenance,hotel-apartment-excellence,23,Hotel Apartment Operational Excellence,"Design a transparent composite reliability score for hotel apartments using controlled measures, documented weighting, evidence quality and drill-down rather than a black-box rating.",The management system should connect current state → risk/priority → owner → action → deadline → verification → learning . Its purpose is not more reporting. It is faster recognition of meaningful exceptions and more reliable execution.,/articles/hotel-apartment-asset-lifecycle-management/index.html | /articles/hotel-preventive-maintenance-kpis/index.html | /articles/hotel-maintenance-work-order-management/index.html
hotel-quality-audit-ai-toolkit,/articles/hotel-quality-audit-ai-toolkit/index.html,AI Prompt Engineering & Toolkits,Hotel & Serviced Apartment AI Toolkits,Hotel apartments | Prompt engineering | Responsible AI,ai-hotel-apartments,11,AI for Hotel Apartments,"10 professional AI prompts for hotel apartment audit planning, evidence, nonconformities, trend analysis, mystery guest review, CAPA and effectiveness verification.",That distinction matters because hotel apartment quality work is full of apparently simple observations that become unreliable when the evidence chain is weak. A room may look clean but fail a controlled readiness standard. A work order may be marked complete while the underlying defect remains. A guest complaint may suggest a service gap without proving whi,/articles/how-to-audit-an-sop/index.html | /articles/hotel-sop-process-design-ai-toolkit/index.html | /articles/hotel-guest-complaint-service-recovery-ai-toolkit/index.html
hotel-reservations-ai-toolkit,/articles/hotel-reservations-ai-toolkit/index.html,AI Prompt Engineering & Toolkits,Hotel & Serviced Apartment AI Toolkits,Hotel apartments | Prompt engineering | Responsible AI,ai-hotel-apartments,4,AI for Hotel Apartments,"10 professional AI prompts for booking quality, modifications, cancellations, allocation, corporate reservations and exception control.","A reservation is more than a name and an arrival date. It is a compact operating contract connecting inventory, price, room type, occupancy, cancellation conditions, payment or billing arrangements, channel rules, special requests and the promises the property will later be expected to deliver.",/articles/hotel-front-office-ai-toolkit/index.html | /articles/hotel-apartment-extended-stay-ai-toolkit/index.html | /series/hotel-ai-operations-playbook/index.html
hotel-revenue-management-ai-toolkit,/articles/hotel-revenue-management-ai-toolkit/index.html,AI Prompt Engineering & Toolkits,Hotel & Serviced Apartment AI Toolkits,Hotel apartments | Prompt engineering | Responsible AI,ai-hotel-apartments,18,AI for Hotel Apartments,"10 Professional AI Prompts for Daily Revenue Briefs, Demand Drivers, Forecast Assumptions, ADR, Occupancy, RevPAR, Rate Recommendations, Length of Stay, Channel Mix and Pickup & Pace",H — Hospitality role & human owner Revenue leadership owns commercial interpretation. Reservations and Distribution control execution. Sales owns contracted account context. Finance verifies definitions. GM/commercial authority approves according to policy.,/articles/hotel-sales-corporate-accounts-ai-toolkit/index.html | /articles/hotel-inventory-par-management-ai-toolkit/index.html | /articles/hotel-apartment-extended-stay-ai-toolkit/index.html
hotel-sales-corporate-accounts-ai-toolkit,/articles/hotel-sales-corporate-accounts-ai-toolkit/index.html,AI Prompt Engineering & Toolkits,Hotel & Serviced Apartment AI Toolkits,Hotel apartments | Prompt engineering | Responsible AI,ai-hotel-apartments,19,AI for Hotel Apartments,"10 Professional AI Prompts for Corporate Account Research, B2B Proposals, RFPs, Account Plans, Negotiated Rates, Pipeline, Meetings, Lost Business, Long-Stay Offers and Account Performance","It decides which accounts fit the property, which demand is valuable, which rate is sustainable, which commitments operations can deliver and which relationships deserve investment.",/articles/hotel-revenue-management-ai-toolkit/index.html | /articles/hotel-ota-distribution-review-management-ai-toolkit/index.html | /articles/hotel-apartment-extended-stay-ai-toolkit/index.html
hotel-sop-process-design-ai-toolkit,/articles/hotel-sop-process-design-ai-toolkit/index.html,AI Prompt Engineering & Toolkits,Hotel & Serviced Apartment AI Toolkits,Hotel apartments | Prompt engineering | Responsible AI,ai-hotel-apartments,12,AI for Hotel Apartments,"10 professional AI prompts for SOP structure, procedures, RACI, exceptions, evidence, KPIs, work instructions, checklists, gap audits and revision control.","Before a procedure is drafted, management should understand the purpose of the process, its trigger, required inputs, intended output, real roles, systems, control points, records, normal completion condition, exceptions and decision authority.",/articles/hotel-apartment-sop-architecture/index.html | /articles/hotel-quality-audit-ai-toolkit/index.html | /articles/hotel-lean-six-sigma-ai-toolkit/index.html
hotel-workforce-productivity-efficiency,/articles/hotel-workforce-productivity-efficiency/index.html,Operations & Process Engineering,Performance & Operational Control,Hotel apartments | Performance measurement,hotel-apartment-excellence,18,Hotel Apartment Operational Excellence,"Plan hotel-apartment labor around workload, demand, productive capacity, service standards and quality rather than crude output-per-person targets.","The objective is not to maximize one isolated metric. It is to design work so that service, quality, cost, capacity and evidence remain connected. Management should know what good performance means, how it is measured, what creates an exception and who has authority to respond.",/articles/workforce-rostering-productivity-ai-toolkit/index.html | /articles/hotel-operations-planning-daily-control/index.html | /articles/tourism-operations-kpis-control-dashboards/index.html
how-to-audit-an-sop,/articles/how-to-audit-an-sop/index.html,"Governance, Risk & Assurance",Documentation & Audit Assurance,DMC operations | Evidence management,tourism-operations-excellence,26,Travel and Tourism Operations Excellence,"Assess whether an SOP is current, understood, followed, evidenced, effective, and still suitable—without reducing the audit to a document-presence checklist.","An SOP audit asks whether the controlled arrangement works in practice. The auditor follows requirements, work, records, people, systems, exceptions, measures, and outcomes to determine conformity and effectiveness—not whether a polished PDF exists. The strongest audit conclusion also states the limits of the evidence, because a defined sample supports judgm",/articles/hotel-quality-audit-ai-toolkit/index.html | /articles/document-control-version-management-tourism/index.html | /articles/sop-evidence-documentation-legal-defensibility/index.html
how-to-write-professional-sop-procedure,/articles/how-to-write-professional-sop-procedure/index.html,Operations & Process Engineering,SOPs & Work Instructions,DMC operations | SOPs,tourism-operations-excellence,11,Travel and Tourism Operations Excellence,"Turn policy intent and mapped work into instructions that identify the actor, action, sequence, decision, time standard, evidence, and exception path.","A professional procedure does not sound formal for its own sake. It makes the required action observable, places it in sequence, assigns it to a role, defines necessary conditions, and connects the action to evidence or escalation. Tourism work makes this discipline unusually important. A single service may join Sales, Reservations, Operations, a hotel, an a",/articles/how-to-write-professional-sop-structure/index.html | /articles/how-to-write-work-instructions/index.html | /articles/operational-checklist-employees-use/index.html
how-to-write-professional-sop-structure,/articles/how-to-write-professional-sop-structure/index.html,Operations & Process Engineering,SOPs & Work Instructions,DMC operations | SOPs,tourism-operations-excellence,10,Travel and Tourism Operations Excellence,"A professional SOP is not a long checklist and not a policy essay. It is a controlled operating document that connects purpose, scope, roles, procedure, exceptions, records, measures, approval, and revision.","One begins with six pages of background, hides responsibilities inside paragraphs, mixes normal and exceptional steps, uses inconsistent terms, and ends without records or ownership. The other lets a manager confirm the scope, an employee find the required action, a trainer explain the control, and an auditor trace the evidence.",/articles/how-to-write-professional-sop-procedure/index.html | /articles/policy-vs-sop-work-instruction-checklist-form-template/index.html | /articles/sop-exception-escalation-management/index.html
how-to-write-work-instructions,/articles/how-to-write-work-instructions/index.html,Operations & Process Engineering,SOPs & Work Instructions,DMC operations | SOPs,tourism-operations-excellence,17,Travel and Tourism Operations Excellence,"Translate one technical or task-level activity into precise, user-tested steps with prerequisites, acceptance criteria, warnings, evidence, and a controlled route back to the SOP.","A work instruction goes deeper than the SOP at a defined task. It should tell a competent user how to perform that task with the approved system, information, equipment, sequence, criteria, and evidence. Tourism work makes this discipline unusually important. A single service may join Sales, Reservations, Operations, a hotel, an airport team, a transport par",/articles/how-to-write-professional-sop-procedure/index.html | /articles/operational-checklist-employees-use/index.html | /articles/policy-vs-sop-work-instruction-checklist-form-template/index.html
insights-city-tour-quotation-pricing-masterclass,/articles/insights-city-tour-quotation-pricing-masterclass/index.html,Hospitality & Tourism Operations,"Tour Pricing, Sales & Quotations",DMC operations | Abu Dhabi | Tour pricing,tour-quotation,,Tour Quotation and Pricing,"A practical seven-article learning path for DMC operators, travel desk agents, tour coordinators and corporate tourism teams. The series explains how to build city tour quotations with stronger internal cost control, clearer...","A practical seven-article learning path for DMC operators, travel desk agents, tour coordinators and corporate tourism teams. The series explains how to build city tour quotations with stronger internal cost control, clearer client presentation and Abu Dhabi-based operational examples.",/articles/article-transport-tickets-vat-gratuities/index.html | /articles/article-tour-cost-worksheet-city-tour/index.html | /articles/article-professional-client-tour-quotation/index.html
integrated-sop-creation-model,/articles/integrated-sop-creation-model/index.html,Operations & Process Engineering,Process Architecture & BPM,DMC operations | Process design,tourism-operations-excellence,24,Travel and Tourism Operations Excellence,"Combine service value, project delivery, flow, variation, documented information, risk, testing, competence, measurement, audit, and improvement into one practical SOP lifecycle.","No framework should be copied wholesale into a tourism SOP. The integrated model takes complementary management questions—value from service management, delivery discipline from project management, flow from Lean, and evidence about variation from Six Sigma—and connects them to risk-based documented operations. Tourism operations are unusually exposed at int",/articles/itil-4-tourism-operations/index.html | /articles/map-process-before-writing-sop/index.html | /articles/tourism-company-operating-system/index.html
itil-4-tourism-operations,/articles/itil-4-tourism-operations/index.html,Operations & Process Engineering,Process Architecture & BPM,DMC operations | Process design,tourism-operations-excellence,20,Travel and Tourism Operations Excellence,"Apply service-management thinking to tourism value streams, incidents, requests, changes, knowledge, suppliers, and continual improvement—while recognizing the framework's current 2026 evolution.","ITIL 4 is useful beyond IT when treated as service-management thinking rather than software terminology. Its principles can help tourism leaders focus on value, start from current capability, work iteratively, collaborate visibly, think holistically, simplify, and automate only where useful. Tourism operations are unusually exposed at interfaces. Sales may d",/articles/integrated-sop-creation-model/index.html | /articles/tourism-company-operating-system/index.html | /articles/tourism-operational-excellence-management-system/index.html
lean-thinking-tourism-operations,/articles/lean-thinking-tourism-operations/index.html,Operations & Process Engineering,Quality & Continuous Improvement,DMC operations | Quality improvement,tourism-operations-excellence,22,Travel and Tourism Operations Excellence,"See tourism work through guest value, end-to-end flow, pull, unevenness, overburden, and continuous improvement—then remove waste without stripping away resilience or care.","Lean is a management way of thinking about creating needed value with fewer resources and less waste through continuous experimentation. In tourism, it should improve flow and clarity while protecting safety, accessibility, human judgment, recovery capacity, and the guest relationship. Tourism operations are unusually exposed at interfaces. Sales may define ",/articles/six-sigma-tourism-complaints-data/index.html | /articles/root-cause-analysis-tourism-managers/index.html | /articles/hotel-operational-excellence-maturity-model/index.html
map-process-before-writing-sop,/articles/map-process-before-writing-sop/index.html,Operations & Process Engineering,Process Architecture & BPM,DMC operations | Process design,tourism-operations-excellence,6,Travel and Tourism Operations Excellence,"An SOP written from memory usually documents the official story. A process map built from observation reveals the real work, hidden handoffs, workarounds, delays, and decisions the procedure must control.","It does not show how the final guest list reaches the guide, how hotel zones affect sequence, who verifies a changed pickup time, how accessibility or child-seat needs reach Transport, what happens when a coach serves several hotels, how a missing guest is handled, who may release the vehicle, how the dispatcher knows the coach has departed, or what evidence",/articles/integrated-sop-creation-model/index.html | /articles/procedures-processes-process-maps/index.html | /articles/sipoc-tourism-operations/index.html
operational-checklist-employees-use,/articles/operational-checklist-employees-use/index.html,Operations & Process Engineering,SOPs & Work Instructions,DMC operations | SOPs,tourism-operations-excellence,16,Travel and Tourism Operations Excellence,"Select critical items, place them at the right pause points, write observable checks, and make exceptions easier to report than silent workarounds.","A checklist is a focused cognitive aid for critical actions or confirmations. It should not reproduce the full SOP, substitute for competence, or become a ceremonial sign-off completed after the work. Tourism work makes this discipline unusually important. A single service may join Sales, Reservations, Operations, a hotel, an airport team, a transport partne",/articles/policy-vs-sop-work-instruction-checklist-form-template/index.html | /articles/professional-operational-form/index.html | /articles/how-to-write-work-instructions/index.html
pmp-thinking-sop-implementation,/articles/pmp-thinking-sop-implementation/index.html,Operations & Process Engineering,SOPs & Work Instructions,DMC operations | SOPs,tourism-operations-excellence,21,Travel and Tourism Operations Excellence,"Treat a major SOP launch as a bounded change project with purpose, sponsorship, stakeholders, scope, schedule, risk, resources, pilot, go-live, benefits, and lessons.","Writing approval is not implementation. A high-impact SOP changes roles, systems, tools, supplier interfaces, competencies, records, measures, and behavior; project-management thinking creates the temporary structure needed to move that operating change into stable ownership. Tourism operations are unusually exposed at interfaces. Sales may define the promis",/articles/policy-vs-sop-work-instruction-checklist-form-template/index.html | /articles/standard-test-procedures-tourism-operations/index.html | /articles/tourism-sop-training-competency-adoption/index.html
policy-vs-sop-work-instruction-checklist-form-template,/articles/policy-vs-sop-work-instruction-checklist-form-template/index.html,Operations & Process Engineering,SOPs & Work Instructions,DMC operations | SOPs,tourism-operations-excellence,2,Travel and Tourism Operations Excellence,A professional document system does not ask every document to do everything. It gives each document one clear job and connects the documents around the work employees actually perform.,"A representative is waiting at an airport meeting point. The flight has arrived. Most passengers have exited, but one confirmed guest has not appeared. The driver is approaching the end of the approved waiting period. The hotel has no record of the guest checking in. The client is asking for an update.",/articles/how-to-write-work-instructions/index.html | /articles/how-to-write-professional-sop-structure/index.html | /articles/where-stp-fits-tourism-operations/index.html
procedures-processes-process-maps,/articles/procedures-processes-process-maps/index.html,Operations & Process Engineering,Process Architecture & BPM,DMC operations | Process design,tourism-operations-excellence,4,Travel and Tourism Operations Excellence,"A process explains how value moves from an input to an intended result. A procedure explains how work is controlled and performed. A process map makes the flow, decisions, and handoffs visible.","A tourism manager asks for an airport-transfer SOP. A writer opens a template and begins with “The driver reports to the airport.” The document looks organized, but it misses the sales handover, guest requirements, resource assignment, flight monitoring, representative, dispatch decision, hotel arrival, service evidence, and financial closure.",/articles/map-process-before-writing-sop/index.html | /articles/customer-journey-mapping-sop-design/index.html | /articles/sipoc-tourism-operations/index.html
professional-operational-form,/articles/professional-operational-form/index.html,Operations & Process Engineering,SOPs & Work Instructions,DMC operations | SOPs,tourism-operations-excellence,15,Travel and Tourism Operations Excellence,"Build forms that collect the minimum usable facts, guide staff through decisions, support approvals, and become reliable records after completion.","A form is an operational interface, not a decorative page. Every field should have a purpose, source, format, owner, validation rule, and downstream use; the completed form should support action, handoff, evidence, and improvement. Tourism work makes this discipline unusually important. A single service may join Sales, Reservations, Operations, a hotel, an a",/articles/policy-vs-sop-work-instruction-checklist-form-template/index.html | /articles/operational-checklist-employees-use/index.html | /articles/standard-communication-templates/index.html
responsible-ai-governance-hotels,/articles/responsible-ai-governance-hotels/index.html,"Governance, Risk & Assurance",Responsible AI & Human Oversight,Hotel apartments | Responsible AI,ai-hotel-apartments,26,AI for Hotel Apartments,"Responsible AI governance toolkit for hotel apartments: 10 prompts covering risk, authority, privacy, verification, incidents, tools, version control and human oversight.",The lifecycle is: register the use case → classify risk → approve tools and data → design authority → test → deploy → verify → monitor → manage incidents → review and retire or improve.,/articles/responsible-ai-tourism-guide/index.html
responsible-ai-tourism-guide,/articles/responsible-ai-tourism-guide/index.html,"Governance, Risk & Assurance",Responsible AI & Human Oversight,DMC operations | Responsible AI,ai-tourism-operations,10,AI for Travel and Tourism Operations,"Responsible AI in tourism means approved use cases, minimum necessary data, verifiable outputs, clear access, trained employees and a named human accountable for decisions.","This is a working guide for people who already understand that tourism is delivered through connected handovers. The prompts are designed to improve preparation, consistency and visibility; they do not transfer authority from the trained employee to the AI system.",/articles/responsible-ai-governance-hotels/index.html
root-cause-analysis-tourism-managers,/articles/root-cause-analysis-tourism-managers/index.html,Operations & Process Engineering,Quality & Continuous Improvement,DMC operations | Quality improvement,tourism-operations-excellence,28,Travel and Tourism Operations Excellence,"Move beyond the visible service failure to verify the process, information, capacity, authority, system, supplier, or management condition that allowed it to occur.","Root cause analysis is a disciplined search for causes that are supported by evidence and can be acted on. It resists the convenient answer—usually a person at the visible point of failure—and asks what conditions made the outcome possible or recurring. Tourism operations are unusually exposed at interfaces. Sales may define the promise, Reservations holds c",/articles/six-sigma-tourism-complaints-data/index.html | /articles/capa-tourism-operations/index.html | /articles/lean-thinking-tourism-operations/index.html
sipoc-tourism-operations,/articles/sipoc-tourism-operations/index.html,Operations & Process Engineering,Process Architecture & BPM,DMC operations | Process design,tourism-operations-excellence,7,Travel and Tourism Operations Excellence,"A practical way to set process boundaries, expose missing inputs, and agree what a tourism service must deliver before anyone writes the detailed SOP.","SIPOC is valuable because it creates a disciplined one-page conversation about suppliers, inputs, the high-level process, outputs, and customers. It is not a replacement for observation, a process map, or an SOP. Tourism work makes this discipline unusually important. A single service may join Sales, Reservations, Operations, a hotel, an airport team, a tran",/articles/tourism-company-operating-system/index.html | /articles/map-process-before-writing-sop/index.html | /articles/customer-journey-mapping-sop-design/index.html
six-sigma-tourism-complaints-data,/articles/six-sigma-tourism-complaints-data/index.html,Operations & Process Engineering,Quality & Continuous Improvement,DMC operations | Quality improvement,tourism-operations-excellence,23,Travel and Tourism Operations Excellence,"Translate recurring guest complaints into operational definitions, reliable measures, verified causes, controlled improvements, and sustained performance through DMAIC.","Six Sigma contributes disciplined problem definition, measurement, cause analysis, improvement, and control. Tourism organizations do not need to imitate a factory; they need to define defects and critical-to-quality requirements in ways that respect service variability and guest context. The method is most credible when analysts reveal assumptions, missing ",/articles/root-cause-analysis-tourism-managers/index.html | /articles/lean-thinking-tourism-operations/index.html | /articles/capa-tourism-operations/index.html
sop-evidence-documentation-legal-defensibility,/articles/sop-evidence-documentation-legal-defensibility/index.html,"Governance, Risk & Assurance",Documentation & Audit Assurance,DMC operations | Evidence management,tourism-operations-excellence,14,Travel and Tourism Operations Excellence,"Design records that capture timely, factual, proportionate evidence of what happened—without turning operational documentation into improvised legal conclusions.","Defensible operations begin with sound service design and contemporaneous facts. Records should show the source, time, action, decision, authority, communication, and outcome; they should not be reconstructed to support a preferred story. Tourism work makes this discipline unusually important. A single service may join Sales, Reservations, Operations, a hote",/articles/how-to-audit-an-sop/index.html | /articles/document-control-version-management-tourism/index.html | /articles/tourism-document-hierarchy/index.html
sop-exception-escalation-management,/articles/sop-exception-escalation-management/index.html,Operations & Process Engineering,SOPs & Work Instructions,DMC operations | SOPs,tourism-operations-excellence,13,Travel and Tourism Operations Excellence,"A procedure becomes operationally credible when it explains not only the normal path, but also how people recognize a deviation, stabilize the service, obtain authority, communicate, record decisions, recover, and learn.","It is one of the most common sentences in operating documents, and one of the least useful. It does not define an issue, indicate when the normal process is no longer safe or achievable, identify which manager is on duty, set a response time, explain what the frontline team may do while waiting, or describe the information needed for a decision.",/articles/how-to-write-professional-sop-structure/index.html | /articles/standard-communication-templates/index.html | /articles/standard-test-procedures-tourism-operations/index.html
sop-roles-authority-raci,/articles/sop-roles-authority-raci/index.html,"Governance, Risk & Assurance",Supplier & Decision Governance,DMC operations | Supplier management,tourism-operations-excellence,12,Travel and Tourism Operations Excellence,"Define who performs the work, who owns the outcome, who contributes before a decision, who receives information, and where operational authority stops.","RACI helps expose responsibility gaps, but a professional SOP must go further. It must identify decision rights, financial limits, communication authority, deputies, shift handoffs, and escalation conditions. Tourism work makes this discipline unusually important. A single service may join Sales, Reservations, Operations, a hotel, an airport team, a transpor",/articles/tourism-supplier-partner-governance-sops/index.html | /articles/hotel-procurement-supplier-quality-control/index.html | /articles/article-rfi-rfq-rfp-erfp-nda-tourism-sales/index.html
standard-communication-templates,/articles/standard-communication-templates/index.html,Operations & Process Engineering,SOPs & Work Instructions,DMC operations | SOPs,tourism-operations-excellence,18,Travel and Tourism Operations Excellence,"Control recurring operational messages without making staff sound robotic, overpromising outcomes, or distributing unverified information during disruption.","A standard template protects essential meaning, authority, tone, and evidence while preserving space for verified case details and human empathy. It is a controlled starting point, not permission to send blindly. Tourism work makes this discipline unusually important. A single service may join Sales, Reservations, Operations, a hotel, an airport team, a tran",/articles/standard-test-procedures-tourism-operations/index.html | /articles/sop-exception-escalation-management/index.html | /articles/professional-operational-form/index.html
standard-test-procedures-tourism-operations,/articles/standard-test-procedures-tourism-operations/index.html,Operations & Process Engineering,SOPs & Work Instructions,DMC operations | SOPs,tourism-operations-excellence,19,Travel and Tourism Operations Excellence,"Write repeatable operational tests with controlled preconditions, unambiguous steps, expected results, evidence, defect handling, and accountable release decisions.","A professional STP is a decision instrument. It converts a requirement into an observable challenge and produces evidence that supports release, correction, or rejection. The document must be executable by another competent person without relying on the author's memory. Tourism operations are unusually exposed at interfaces. Sales may define the promise, Res",/articles/where-stp-fits-tourism-operations/index.html | /articles/standard-communication-templates/index.html | /articles/sop-exception-escalation-management/index.html
tourism-ai-operations-playbook,/articles/tourism-ai-operations-playbook/index.html,AI Prompt Engineering & Toolkits,Prompt Engineering Frameworks,DMC operations | Prompt engineering | Responsible AI,ai-tourism-operations,,AI for Travel and Tourism Operations,"Built for the real work behind tours, transfers, products, itineraries, quotations, guest journeys and quality systems. The playbook combines tourism operating experience with professional prompt design, responsible controls...","Built for the real work behind tours, transfers, products, itineraries, quotations, guest journeys and quality systems. The playbook combines tourism operating experience with professional prompt design, responsible controls and copy-ready implementation.",/articles/tourism-prompting-framework/index.html | /articles/hotel-ai-prompting-framework/index.html
tourism-company-operating-system,/articles/tourism-company-operating-system/index.html,Operations & Process Engineering,Process Architecture & BPM,DMC operations | Process design,tourism-operations-excellence,1,Travel and Tourism Operations Excellence,"A tourism company does not become reliable because it owns a folder called “SOPs.” It becomes reliable when policies, processes, people, tools, records, measures, and improvement routines work as one operating system.","Imagine a group arriving on three flights. The passengers are staying in two hotels. One guest uses a wheelchair, one suitcase has not arrived, a flight is forty minutes early, and the vehicle assigned to the second wave reports a warning light before leaving the depot.",/articles/tourism-operations-manual/index.html | /articles/tourism-operational-excellence-management-system/index.html | /articles/map-process-before-writing-sop/index.html
tourism-document-hierarchy,/articles/tourism-document-hierarchy/index.html,"Governance, Risk & Assurance",Documentation & Audit Assurance,DMC operations | Evidence management,tourism-operations-excellence,5,Travel and Tourism Operations Excellence,"A document hierarchy should help employees understand what governs the work, what explains the work, what supports execution, and what proves the result. It should not become a bureaucracy diagram that only the quality department understands.","Most tourism companies do not begin with a designed documentation system. Documents appear as the business grows: a client sends a service standard, a manager writes an airport procedure, a supervisor creates a checklist, a trainer prepares a guide, Finance adds an approval form, and employees build message templates in personal folders.",/articles/document-control-version-management-tourism/index.html | /articles/sop-evidence-documentation-legal-defensibility/index.html | /articles/how-to-audit-an-sop/index.html
tourism-itinerary-ai-prompts,/articles/tourism-itinerary-ai-prompts/index.html,AI Prompt Engineering & Toolkits,Tourism & DMC AI Toolkits,DMC operations | Prompt engineering | Responsible AI,ai-tourism-operations,6,AI for Travel and Tourism Operations,"AI can create an itinerary draft, but every hour, ticket, transfer, availability and access condition must be verified before sale or operation.","This is a working guide for people who already understand that tourism is delivered through connected handovers. The prompts are designed to improve preparation, consistency and visibility; they do not transfer authority from the trained employee to the AI system.",/articles/tourism-product-development-ai-prompts/index.html | /articles/tourism-sales-quotation-ai-prompts/index.html | /articles/guest-experience-ai-prompts/index.html
tourism-operational-excellence-management-system,/articles/tourism-operational-excellence-management-system/index.html,Operations & Process Engineering,Process Architecture & BPM,DMC operations | Process design,tourism-operations-excellence,30,Travel and Tourism Operations Excellence,"Transform a collection of controlled documents into an integrated system that aligns value, governance, capability, execution, evidence, measurement, learning, and sustained service excellence.","The purpose of an SOP library is not document accumulation. A mature operational excellence management system makes service delivery controlled, repeatable, measurable, resilient, and continually improving while preserving the human judgment and hospitality that create value. Its strength becomes most visible during change and disruption: teams recognize con",/articles/tourism-company-operating-system/index.html | /articles/tourism-operations-manual/index.html | /articles/integrated-sop-creation-model/index.html
tourism-operational-risk-assessment-before-sop,/articles/tourism-operational-risk-assessment-before-sop/index.html,"Governance, Risk & Assurance",Risk & Compliance,DMC operations | Risk management,tourism-operations-excellence,8,Travel and Tourism Operations Excellence,"Risk assessment should shape the procedure before the procedure is written. It identifies what could affect the objective, who may be harmed or impacted, which controls already exist, what remains uncertain, and where authority or escalation is required.","That sentence describes the intended path. It does not help the organization design controls for an early flight, missing baggage, wrong terminal, unlisted passenger, inaccessible vehicle, unready driver, privacy-sensitive contact detail, lost guest, payment dispute, severe congestion, or supplier failure.",/articles/amsterdam-product-discovery-09-risk-responsibility/index.html
tourism-operations-kpis-control-dashboards,/articles/tourism-operations-kpis-control-dashboards/index.html,Operations & Process Engineering,Performance & Operational Control,DMC operations | Performance measurement,tourism-operations-excellence,32,Travel and Tourism Operations Excellence,"Build a decision system that balances service outcomes, process control, guest experience, risk, people, suppliers, finance, and improvement without drowning managers in data.","A KPI is useful only when its definition, source, owner, frequency, context, and action threshold support a real decision. A dashboard is the operating conversation around those indicators—not a screen filled with attractive numbers. Tourism operations are unusually exposed at interfaces. Sales may define the promise, Reservations holds changing information,",/articles/dmc-operations-ai-prompts/index.html | /articles/article-fleet-control-tower-operations-dashboard/index.html | /articles/hotel-workforce-productivity-efficiency/index.html
tourism-operations-manual,/articles/tourism-operations-manual/index.html,Operations & Process Engineering,Process Architecture & BPM,DMC operations | Process design,tourism-operations-excellence,29,Travel and Tourism Operations Excellence,"Create a navigable governance and operating architecture across reservations, transport, airports, excursions, representatives, suppliers, safety, quality, finance, after-hours work, and crisis response.","A professional operations manual is not one enormous document. It is a governed navigation layer that explains the operating system, assigns ownership, and connects users to the current policies, processes, SOPs, work instructions, tools, records, plans, and external requirements they need. Tourism operations are unusually exposed at interfaces. Sales may de",/articles/tourism-quality-sop-ai-prompts/index.html | /articles/tourism-operational-excellence-management-system/index.html | /articles/tourism-company-operating-system/index.html
tourism-product-development-ai-prompts,/articles/tourism-product-development-ai-prompts/index.html,AI Prompt Engineering & Toolkits,Tourism & DMC AI Toolkits,DMC operations | Prompt engineering | Responsible AI,ai-tourism-operations,5,AI for Travel and Tourism Operations,"AI is most useful in tourism product development when it organises evidence, explores options and exposes feasibility questions instead of inventing demand or suppliers.","This is a working guide for people who already understand that tourism is delivered through connected handovers. The prompts are designed to improve preparation, consistency and visibility; they do not transfer authority from the trained employee to the AI system.",/articles/tourism-sales-quotation-ai-prompts/index.html | /articles/tourism-itinerary-ai-prompts/index.html | /articles/tourism-transport-dispatch-ai-prompts/index.html
tourism-prompting-framework,/articles/tourism-prompting-framework/index.html,AI Prompt Engineering & Toolkits,Prompt Engineering Frameworks,DMC operations | Prompt engineering | Responsible AI,ai-tourism-operations,1,AI for Travel and Tourism Operations,"Tourism prompt engineering is the practice of defining a travel task, supplying verified operating context and controlling the output so a qualified employee can review it safely.","This is a working guide for people who already understand that tourism is delivered through connected handovers. The prompts are designed to improve preparation, consistency and visibility; they do not transfer authority from the trained employee to the AI system.",/articles/hotel-ai-prompting-framework/index.html | /articles/tourism-ai-operations-playbook/index.html
tourism-quality-sop-ai-prompts,/articles/tourism-quality-sop-ai-prompts/index.html,AI Prompt Engineering & Toolkits,Tourism & DMC AI Toolkits,DMC operations | Prompt engineering | Responsible AI,ai-tourism-operations,9,AI for Travel and Tourism Operations,"AI can structure SOP and quality work from evidence, but process owners must observe the job, validate causes and confirm corrective-action effectiveness.","This is a working guide for people who already understand that tourism is delivered through connected handovers. The prompts are designed to improve preparation, consistency and visibility; they do not transfer authority from the trained employee to the AI system.",/articles/tourism-operations-manual/index.html | /articles/guest-experience-ai-prompts/index.html | /articles/front-line-tourism-ai-toolkit/index.html
tourism-sales-quotation-ai-prompts,/articles/tourism-sales-quotation-ai-prompts/index.html,AI Prompt Engineering & Toolkits,Tourism & DMC AI Toolkits,DMC operations | Prompt engineering | Responsible AI,ai-tourism-operations,7,AI for Travel and Tourism Operations,"AI can improve commercial structure and communication, but it must not create rates, terms, tax, margin, currency conversions or commitments.","This is a working guide for people who already understand that tourism is delivered through connected handovers. The prompts are designed to improve preparation, consistency and visibility; they do not transfer authority from the trained employee to the AI system.",/articles/tourism-product-development-ai-prompts/index.html | /articles/tourism-itinerary-ai-prompts/index.html | /articles/guest-experience-ai-prompts/index.html
tourism-sop-training-competency-adoption,/articles/tourism-sop-training-competency-adoption/index.html,Operations & Process Engineering,SOPs & Work Instructions,DMC operations | SOPs,tourism-operations-excellence,31,Travel and Tourism Operations Excellence,"Move beyond attendance sheets by defining competence, practicing the work, authorizing people at the right level, supporting adoption, and verifying performance in live operations.","Publication is not implementation. An SOP becomes operational only when affected people understand their role, can demonstrate the required performance, have access and authority, receive coaching, and use the method under real conditions. Tourism work makes this discipline unusually important. A single service may join Sales, Reservations, Operations, a hot",/articles/policy-vs-sop-work-instruction-checklist-form-template/index.html | /articles/operational-checklist-employees-use/index.html | /articles/how-to-write-work-instructions/index.html
tourism-supplier-partner-governance-sops,/articles/tourism-supplier-partner-governance-sops/index.html,"Governance, Risk & Assurance",Supplier & Decision Governance,DMC operations | Supplier management,tourism-operations-excellence,33,Travel and Tourism Operations Excellence,"Translate service promises into clear partner requirements, readiness evidence, live-day interfaces, escalation, performance review, continuity, and controlled change.","Outsourced activity does not outsource the customer promise. Tourism SOPs should define the operational interface with partners while contracts, due diligence, risk, performance, and relationship governance provide the wider control environment. Tourism work makes this discipline unusually important. A single service may join Sales, Reservations, Operations,",/articles/sop-roles-authority-raci/index.html | /articles/article-rfi-rfq-rfp-erfp-nda-tourism-sales/index.html | /articles/hotel-procurement-supplier-quality-control/index.html
tourism-transport-dispatch-ai-prompts,/articles/tourism-transport-dispatch-ai-prompts/index.html,AI Prompt Engineering & Toolkits,Tourism & DMC AI Toolkits,DMC operations | Prompt engineering | Responsible AI,ai-tourism-operations,4,AI for Travel and Tourism Operations,"AI can support pickup and fleet planning by testing supplied constraints; dispatchers must still verify routes, capacity, access, availability and live conditions.","This is a working guide for people who already understand that tourism is delivered through connected handovers. The prompts are designed to improve preparation, consistency and visibility; they do not transfer authority from the trained employee to the AI system.",/articles/tourism-product-development-ai-prompts/index.html | /articles/guest-experience-ai-prompts/index.html | /articles/front-line-tourism-ai-toolkit/index.html
where-stp-fits-tourism-operations,/articles/where-stp-fits-tourism-operations/index.html,Operations & Process Engineering,SOPs & Work Instructions,DMC operations | SOPs,tourism-operations-excellence,3,Travel and Tourism Operations Excellence,"Separate instructions for doing the work from controlled tests that prove the process, system, handoff, or contingency performs as intended.","An SOP defines the approved way to operate; an STP defines how to challenge a requirement under stated conditions, compare expected and actual results, record defects, and make a release decision. Tourism companies need both when failure would otherwise be discovered by a live guest. Tourism operations are unusually exposed at interfaces. Sales may define th",/articles/standard-test-procedures-tourism-operations/index.html | /articles/tourism-sop-training-competency-adoption/index.html | /articles/policy-vs-sop-work-instruction-checklist-form-template/index.html
workforce-rostering-productivity-ai-toolkit,/articles/workforce-rostering-productivity-ai-toolkit/index.html,AI Prompt Engineering & Toolkits,Hotel & Serviced Apartment AI Toolkits,Hotel apartments | Prompt engineering | Responsible AI,ai-hotel-apartments,23,AI for Hotel Apartments,"Ten governed AI prompts for hotel apartment workforce planning, rostering, workload, skills, productivity and fatigue-risk review.","Hotel Apartment staffing should begin with workload, service standards, skills and risk—not a fixed headcount target. Occupancy alone is not workload: arrivals, departures, stayovers, room mix, maintenance events and service complexity all change labor demand.",/articles/hotel-workforce-productivity-efficiency/index.html | /series/hotel-ai-operations-playbook/index.html | /articles/hotel-kpi-dashboard-ai-toolkit/index.html
amsterdam-product-discovery,/series/amsterdam-tourism-product-discovery/index.html,Product Strategy & Development,Product Discovery & Validation,Amsterdam | Product discovery,amsterdam-product-discovery,,Amsterdam Product Discovery,Building a Data-Driven Signature Tour: a 12-part Amsterdam tourism product-management case study from destination strategy to the scale decision.,"A 12-part Amsterdam tourism product-management case study. The final concept is not predetermined: the evidence may support a guided tour, another experience format, or a decision not to build.",/articles/amsterdam-product-discovery-11-mvp-pilot-operational-readiness/index.html | /articles/amsterdam-product-discovery-03-market-gap/index.html
hotel-ai-operations-playbook-series,/series/hotel-ai-operations-playbook/index.html,AI Prompt Engineering & Toolkits,Hotel & Serviced Apartment AI Toolkits,Hotel apartments | Prompt engineering | Responsible AI,ai-hotel-apartments,,AI for Hotel Apartments,26 published hospitality AI chapters with 260 governed prompts.,"Related guide Engineering & Maintenance AI Toolkit 10 professional AI prompts for work orders, preventive maintenance, repeat defects, downtime, spares, vendors and technical incident control.",/articles/workforce-rostering-productivity-ai-toolkit/index.html | /articles/hotel-sop-process-design-ai-toolkit/index.html | /articles/hotel-sales-corporate-accounts-ai-toolkit/index.html
hotel-apartment-operational-excellence,/series/hotel-apartment-operational-excellence/index.html,Hospitality & Tourism Operations,Hotel & Serviced Apartment Operations,Hotel apartments,hotel-apartment-excellence,,Hotel Apartment Operational Excellence,"A 26-article operational excellence system for hotel apartment and serviced-apartment leaders, connected directly to the 260-prompt Hotel Apartment AI Operations Playbook.","Track B explains the operating principles, controls, metrics and management decisions. Track C provides governed AI prompts to analyse, document, audit and improve the same work. Each B article links to its most relevant C toolkit, and C pages can point readers back to the management method.",/articles/guest-ready-apartment-standard/index.html | /articles/hotel-inventory-par-level-management/index.html
